timestamp,queue_length,active_counters,arrivals,served,hour,day_of_week,queue_next
2026-01-01 00:00:00,20,4,10,28,0,3,1
2026-01-01 00:15:00,1,4,4,24,0,3,1
2026-01-01 00:30:00,1,3,15,12,0,3,5
2026-01-01 00:45:00,5,2,6,8,0,3,1
2026-01-01 01:00:00,1,5,9,20,1,3,1
2026-01-01 01:15:00,1,3,12,21,1,3,1
2026-01-01 01:30:00,1,3,5,15,1,3,1
2026-01-01 01:45:00,1,4,6,28,1,3,1
2026-01-01 02:00:00,1,4,6,24,2,3,1
2026-01-01 02:15:00,1,2,6,10,2,3,1
2026-01-01 02:30:00,1,4,6,28,2,3,1
2026-01-01 02:45:00,1,3,6,12,2,3,1
2026-01-01 03:00:00,1,3,12,15,3,3,1
2026-01-01 03:15:00,1,3,20,12,3,3,11
2026-01-01 03:30:00,11,5,11,25,3,3,1
2026-01-01 03:45:00,1,3,4,18,3,3,1
2026-01-01 04:00:00,1,5,7,35,4,3,1
2026-01-01 04:15:00,1,4,4,16,4,3,1
2026-01-01 04:30:00,1,5,6,30,4,3,1
2026-01-01 04:45:00,1,4,11,24,4,3,1
2026-01-01 05:00:00,1,4,5,16,5,3,1
2026-01-01 05:15:00,1,5,2,30,5,3,1
2026-01-01 05:30:00,1,4,4,28,5,3,1
2026-01-01 05:45:00,1,2,12,12,5,3,1
2026-01-01 06:00:00,1,2,10,8,6,3,1
2026-01-01 06:15:00,1,4,14,24,6,3,1
2026-01-01 06:30:00,1,3,0,21,6,3,1
2026-01-01 06:45:00,1,5,3,35,6,3,1
2026-01-01 07:00:00,1,2,8,12,7,3,1
2026-01-01 07:15:00,1,5,5,30,7,3,1
2026-01-01 07:30:00,1,3,5,15,7,3,1
2026-01-01 07:45:00,1,3,11,21,7,3,1
2026-01-01 08:00:00,1,3,6,15,8,3,1
2026-01-01 08:15:00,1,5,14,20,8,3,1
2026-01-01 08:30:00,1,2,6,12,8,3,1
2026-01-01 08:45:00,1,2,14,12,8,3,2
2026-01-01 09:00:00,2,2,21,10,9,3,12
2026-01-01 09:15:00,12,5,19,35,9,3,1
2026-01-01 09:30:00,1,5,20,35,9,3,1
2026-01-01 09:45:00,1,2,17,10,9,3,10
2026-01-01 10:00:00,10,2,13,14,10,3,8
2026-01-01 10:15:00,8,3,21,21,10,3,7
2026-01-01 10:30:00,7,3,20,12,10,3,15
2026-01-01 10:45:00,15,5,22,30,10,3,6
2026-01-01 11:00:00,6,4,25,16,11,3,16
2026-01-01 11:15:00,16,5,17,25,11,3,10
2026-01-01 11:30:00,10,5,23,35,11,3,2
2026-01-01 11:45:00,2,3,19,21,11,3,1
2026-01-01 12:00:00,1,4,21,28,12,3,1
2026-01-01 12:15:00,1,4,21,28,12,3,1
2026-01-01 12:30:00,1,2,16,14,12,3,3
2026-01-01 12:45:00,3,2,23,12,12,3,13
2026-01-01 13:00:00,13,4,14,24,13,3,2
2026-01-01 13:15:00,2,5,16,35,13,3,1
2026-01-01 13:30:00,1,5,18,20,13,3,1
2026-01-01 13:45:00,1,5,16,20,13,3,1
2026-01-01 14:00:00,1,2,19,8,14,3,13
2026-01-01 14:15:00,13,4,23,28,14,3,6
2026-01-01 14:30:00,6,5,19,35,14,3,1
2026-01-01 14:45:00,1,4,18,28,14,3,1
2026-01-01 15:00:00,1,2,19,10,15,3,8
2026-01-01 15:15:00,8,3,18,18,15,3,5
2026-01-01 15:30:00,5,2,13,14,15,3,5
2026-01-01 15:45:00,5,5,14,35,15,3,1
2026-01-01 16:00:00,1,2,21,14,16,3,8
2026-01-01 16:15:00,8,4,14,20,16,3,2
2026-01-01 16:30:00,2,3,14,15,16,3,1
2026-01-01 16:45:00,1,4,21,24,16,3,1
2026-01-01 17:00:00,1,5,15,30,17,3,1
2026-01-01 17:15:00,1,2,9,14,17,3,1
2026-01-01 17:30:00,1,5,10,25,17,3,1
2026-01-01 17:45:00,1,2,14,12,17,3,4
2026-01-01 18:00:00,4,4,11,16,18,3,1
2026-01-01 18:15:00,1,2,11,10,18,3,1
2026-01-01 18:30:00,1,5,15,25,18,3,1
2026-01-01 18:45:00,1,3,15,18,18,3,1
2026-01-01 19:00:00,1,3,15,15,19,3,1
2026-01-01 19:15:00,1,4,18,20,19,3,1
2026-01-01 19:30:00,1,4,9,20,19,3,1
2026-01-01 19:45:00,1,2,16,14,19,3,3
2026-01-01 20:00:00,3,2,11,14,20,3,7
2026-01-01 20:15:00,7,5,14,25,20,3,1
2026-01-01 20:30:00,1,5,7,25,20,3,1
2026-01-01 20:45:00,1,3,9,18,20,3,1
2026-01-01 21:00:00,1,2,18,10,21,3,5
2026-01-01 21:15:00,5,5,7,25,21,3,1
2026-01-01 21:30:00,1,5,7,20,21,3,1
2026-01-01 21:45:00,1,5,15,35,21,3,1
2026-01-01 22:00:00,1,2,6,14,22,3,1
2026-01-01 22:15:00,1,4,18,28,22,3,1
2026-01-01 22:30:00,1,2,0,14,22,3,1
2026-01-01 22:45:00,1,4,7,20,22,3,1
2026-01-01 23:00:00,1,2,11,8,23,3,5
2026-01-01 23:15:00,5,3,7,21,23,3,1
2026-01-01 23:30:00,1,5,16,20,23,3,1
2026-01-01 23:45:00,1,3,10,12,23,3,2
2026-01-02 00:00:00,2,5,2,30,0,4,1
2026-01-02 00:15:00,1,3,8,15,0,4,1
2026-01-02 00:30:00,1,2,0,10,0,4,1
2026-01-02 00:45:00,1,3,1,15,0,4,1
2026-01-02 01:00:00,1,4,7,20,1,4,1
2026-01-02 01:15:00,1,2,9,14,1,4,1
2026-01-02 01:30:00,1,5,5,35,1,4,1
2026-01-02 01:45:00,1,5,8,35,1,4,1
2026-01-02 02:00:00,1,3,9,18,2,4,1
2026-01-02 02:15:00,1,4,6,24,2,4,1
2026-01-02 02:30:00,1,2,8,14,2,4,1
2026-01-02 02:45:00,1,5,7,20,2,4,1
2026-01-02 03:00:00,1,5,6,25,3,4,1
2026-01-02 03:15:00,1,2,12,14,3,4,1
2026-01-02 03:30:00,1,2,12,14,3,4,1
2026-01-02 03:45:00,1,5,11,30,3,4,1
2026-01-02 04:00:00,1,3,8,12,4,4,1
2026-01-02 04:15:00,1,3,6,21,4,4,1
2026-01-02 04:30:00,1,2,8,12,4,4,1
2026-01-02 04:45:00,1,2,7,8,4,4,1
2026-01-02 05:00:00,1,3,14,12,5,4,3
2026-01-02 05:15:00,3,5,8,20,5,4,1
2026-01-02 05:30:00,1,5,10,35,5,4,1
2026-01-02 05:45:00,1,2,16,8,5,4,11
2026-01-02 06:00:00,11,4,4,16,6,4,1
2026-01-02 06:15:00,1,2,12,12,6,4,2
2026-01-02 06:30:00,2,4,8,20,6,4,1
2026-01-02 06:45:00,1,4,0,16,6,4,1
2026-01-02 07:00:00,1,5,5,20,7,4,1
2026-01-02 07:15:00,1,2,11,10,7,4,4
2026-01-02 07:30:00,4,3,9,12,7,4,1
2026-01-02 07:45:00,1,2,11,8,7,4,5
2026-01-02 08:00:00,5,5,3,20,8,4,1
2026-01-02 08:15:00,1,4,6,24,8,4,1
2026-01-02 08:30:00,1,4,10,20,8,4,1
2026-01-02 08:45:00,1,5,7,25,8,4,1
2026-01-02 09:00:00,1,2,22,12,9,4,9
2026-01-02 09:15:00,9,4,22,28,9,4,3
2026-01-02 09:30:00,3,3,23,12,9,4,13
2026-01-02 09:45:00,13,4,21,28,9,4,7
2026-01-02 10:00:00,7,5,21,20,10,4,6
2026-01-02 10:15:00,6,3,30,18,10,4,18
2026-01-02 10:30:00,18,3,29,18,10,4,27
2026-01-02 10:45:00,27,5,20,20,10,4,28
2026-01-02 11:00:00,28,3,17,21,11,4,22
2026-01-02 11:15:00,22,5,25,20,11,4,23
2026-01-02 11:30:00,23,2,22,8,11,4,40
2026-01-02 11:45:00,40,2,23,8,11,4,56
2026-01-02 12:00:00,56,5,15,25,12,4,49
2026-01-02 12:15:00,49,2,20,10,12,4,58
2026-01-02 12:30:00,58,3,14,18,12,4,56
2026-01-02 12:45:00,56,3,22,12,12,4,66
2026-01-02 13:00:00,66,5,11,30,13,4,45
2026-01-02 13:15:00,45,4,19,16,13,4,48
2026-01-02 13:30:00,48,2,18,8,13,4,58
2026-01-02 13:45:00,58,3,16,12,13,4,58
2026-01-02 14:00:00,58,3,18,12,14,4,65
2026-01-02 14:15:00,65,5,22,30,14,4,60
2026-01-02 14:30:00,60,3,19,15,14,4,62
2026-01-02 14:45:00,62,5,18,20,14,4,63
2026-01-02 15:00:00,63,3,26,18,15,4,74
2026-01-02 15:15:00,74,4,13,24,15,4,62
2026-01-02 15:30:00,62,3,20,18,15,4,66
2026-01-02 15:45:00,66,5,16,25,15,4,56
2026-01-02 16:00:00,56,3,22,18,16,4,56
2026-01-02 16:15:00,56,5,21,20,16,4,56
2026-01-02 16:30:00,56,5,24,25,16,4,55
2026-01-02 16:45:00,55,2,21,8,16,4,68
2026-01-02 17:00:00,68,5,8,20,17,4,55
2026-01-02 17:15:00,55,2,14,10,17,4,59
2026-01-02 17:30:00,59,4,9,24,17,4,45
2026-01-02 17:45:00,45,5,10,20,17,4,35
2026-01-02 18:00:00,35,2,14,14,18,4,36
2026-01-02 18:15:00,36,4,13,16,18,4,32
2026-01-02 18:30:00,32,2,12,10,18,4,32
2026-01-02 18:45:00,32,3,9,12,18,4,28
2026-01-02 19:00:00,28,2,22,10,19,4,40
2026-01-02 19:15:00,40,4,17,28,19,4,31
2026-01-02 19:30:00,31,2,14,14,19,4,30
2026-01-02 19:45:00,30,4,12,24,19,4,19
2026-01-02 20:00:00,19,3,7,21,20,4,1
2026-01-02 20:15:00,1,2,6,10,20,4,1
2026-01-02 20:30:00,1,3,11,18,20,4,1
2026-01-02 20:45:00,1,3,5,15,20,4,1
2026-01-02 21:00:00,1,2,2,12,21,4,1
2026-01-02 21:15:00,1,2,8,8,21,4,1
2026-01-02 21:30:00,1,5,6,20,21,4,1
2026-01-02 21:45:00,1,5,9,25,21,4,1
2026-01-02 22:00:00,1,4,8,28,22,4,1
2026-01-02 22:15:00,1,5,18,35,22,4,1
2026-01-02 22:30:00,1,2,4,8,22,4,1
2026-01-02 22:45:00,1,3,14,18,22,4,1
2026-01-02 23:00:00,1,3,3,12,23,4,1
2026-01-02 23:15:00,1,5,7,25,23,4,1
2026-01-02 23:30:00,1,4,6,28,23,4,1
2026-01-02 23:45:00,1,5,0,35,23,4,1
2026-01-03 00:00:00,1,5,5,30,0,5,1
2026-01-03 00:15:00,1,2,6,10,0,5,1
2026-01-03 00:30:00,1,2,8,10,0,5,1
2026-01-03 00:45:00,1,4,14,16,0,5,2
2026-01-03 01:00:00,2,3,3,21,1,5,1
2026-01-03 01:15:00,1,2,7,14,1,5,1
2026-01-03 01:30:00,1,5,7,25,1,5,1
2026-01-03 01:45:00,1,5,1,20,1,5,1
2026-01-03 02:00:00,1,3,3,21,2,5,1
2026-01-03 02:15:00,1,2,3,8,2,5,1
2026-01-03 02:30:00,1,5,8,25,2,5,1
2026-01-03 02:45:00,1,2,0,8,2,5,1
2026-01-03 03:00:00,1,2,7,10,3,5,1
2026-01-03 03:15:00,1,5,7,20,3,5,1
2026-01-03 03:30:00,1,3,7,21,3,5,1
2026-01-03 03:45:00,1,2,4,12,3,5,1
2026-01-03 04:00:00,1,5,7,20,4,5,1
2026-01-03 04:15:00,1,5,4,35,4,5,1
2026-01-03 04:30:00,1,4,0,16,4,5,1
2026-01-03 04:45:00,1,4,10,16,4,5,1
2026-01-03 05:00:00,1,4,7,20,5,5,1
2026-01-03 05:15:00,1,4,9,24,5,5,1
2026-01-03 05:30:00,1,5,0,35,5,5,1
2026-01-03 05:45:00,1,5,8,25,5,5,1
2026-01-03 06:00:00,1,3,6,12,6,5,1
2026-01-03 06:15:00,1,4,1,16,6,5,1
2026-01-03 06:30:00,1,3,6,12,6,5,1
2026-01-03 06:45:00,1,3,4,12,6,5,1
2026-01-03 07:00:00,1,2,4,14,7,5,1
2026-01-03 07:15:00,1,5,4,20,7,5,1
2026-01-03 07:30:00,1,4,9,28,7,5,1
2026-01-03 07:45:00,1,2,0,14,7,5,1
2026-01-03 08:00:00,1,4,0,20,8,5,1
2026-01-03 08:15:00,1,2,6,8,8,5,4
2026-01-03 08:30:00,4,5,6,20,8,5,1
2026-01-03 08:45:00,1,3,6,12,8,5,1
2026-01-03 09:00:00,1,3,25,18,9,5,10
2026-01-03 09:15:00,10,3,18,18,9,5,10
2026-01-03 09:30:00,10,2,14,10,9,5,13
2026-01-03 09:45:00,13,2,28,12,9,5,30
2026-01-03 10:00:00,30,5,17,20,10,5,26
2026-01-03 10:15:00,26,4,21,20,10,5,22
2026-01-03 10:30:00,22,3,12,18,10,5,13
2026-01-03 10:45:00,13,5,11,30,10,5,1
2026-01-03 11:00:00,1,4,17,28,11,5,1
2026-01-03 11:15:00,1,2,21,8,11,5,13
2026-01-03 11:30:00,13,5,25,25,11,5,15
2026-01-03 11:45:00,15,5,13,20,11,5,9
2026-01-03 12:00:00,9,5,16,30,12,5,1
2026-01-03 12:15:00,1,2,18,14,12,5,5
2026-01-03 12:30:00,5,4,18,28,12,5,1
2026-01-03 12:45:00,1,2,17,8,12,5,10
2026-01-03 13:00:00,10,5,14,30,13,5,1
2026-01-03 13:15:00,1,5,20,20,13,5,1
2026-01-03 13:30:00,1,4,19,28,13,5,1
2026-01-03 13:45:00,1,4,16,24,13,5,1
2026-01-03 14:00:00,1,3,9,15,14,5,1
2026-01-03 14:15:00,1,5,13,35,14,5,1
2026-01-03 14:30:00,1,2,18,8,14,5,13
2026-01-03 14:45:00,13,4,12,24,14,5,1
2026-01-03 15:00:00,1,2,12,14,15,5,1
2026-01-03 15:15:00,1,5,13,35,15,5,1
2026-01-03 15:30:00,1,4,17,28,15,5,1
2026-01-03 15:45:00,1,2,21,10,15,5,9
2026-01-03 16:00:00,9,4,17,20,16,5,5
2026-01-03 16:15:00,5,3,8,12,16,5,4
2026-01-03 16:30:00,4,3,12,18,16,5,1
2026-01-03 16:45:00,1,5,20,35,16,5,1
2026-01-03 17:00:00,1,3,6,12,17,5,1
2026-01-03 17:15:00,1,5,4,25,17,5,1
2026-01-03 17:30:00,1,3,9,15,17,5,1
2026-01-03 17:45:00,1,5,15,35,17,5,1
2026-01-03 18:00:00,1,3,10,12,18,5,1
2026-01-03 18:15:00,1,4,20,16,18,5,6
2026-01-03 18:30:00,6,5,12,25,18,5,1
2026-01-03 18:45:00,1,4,6,16,18,5,1
2026-01-03 19:00:00,1,3,12,15,19,5,1
2026-01-03 19:15:00,1,3,20,21,19,5,1
2026-01-03 19:30:00,1,5,13,20,19,5,1
2026-01-03 19:45:00,1,2,7,8,19,5,1
2026-01-03 20:00:00,1,3,0,15,20,5,1
2026-01-03 20:15:00,1,5,4,30,20,5,1
2026-01-03 20:30:00,1,5,3,30,20,5,1
2026-01-03 20:45:00,1,4,11,28,20,5,1
2026-01-03 21:00:00,1,4,2,28,21,5,1
2026-01-03 21:15:00,1,2,6,10,21,5,1
2026-01-03 21:30:00,1,3,3,18,21,5,1
2026-01-03 21:45:00,1,3,0,15,21,5,1
2026-01-03 22:00:00,1,4,5,28,22,5,1
2026-01-03 22:15:00,1,4,0,20,22,5,1
2026-01-03 22:30:00,1,3,8,15,22,5,1
2026-01-03 22:45:00,1,5,0,30,22,5,1
2026-01-03 23:00:00,1,4,5,28,23,5,1
2026-01-03 23:15:00,1,5,10,30,23,5,1
2026-01-03 23:30:00,1,3,8,21,23,5,1
2026-01-03 23:45:00,1,2,4,14,23,5,1
2026-01-04 00:00:00,1,4,7,20,0,6,1
2026-01-04 00:15:00,1,3,9,18,0,6,1
2026-01-04 00:30:00,1,5,1,35,0,6,1
2026-01-04 00:45:00,1,4,10,24,0,6,1
2026-01-04 01:00:00,1,2,9,10,1,6,1
2026-01-04 01:15:00,1,5,0,20,1,6,1
2026-01-04 01:30:00,1,5,6,25,1,6,1
2026-01-04 01:45:00,1,4,4,28,1,6,1
2026-01-04 02:00:00,1,2,11,8,2,6,4
2026-01-04 02:15:00,4,3,9,21,2,6,1
2026-01-04 02:30:00,1,5,6,35,2,6,1
2026-01-04 02:45:00,1,2,10,10,2,6,1
2026-01-04 03:00:00,1,5,15,35,3,6,1
2026-01-04 03:15:00,1,2,0,8,3,6,1
2026-01-04 03:30:00,1,3,4,21,3,6,1
2026-01-04 03:45:00,1,3,1,12,3,6,1
2026-01-04 04:00:00,1,2,5,8,4,6,1
2026-01-04 04:15:00,1,3,1,12,4,6,1
2026-01-04 04:30:00,1,3,9,21,4,6,1
2026-01-04 04:45:00,1,2,15,12,4,6,2
2026-01-04 05:00:00,2,2,6,12,5,6,1
2026-01-04 05:15:00,1,3,0,12,5,6,1
2026-01-04 05:30:00,1,4,3,28,5,6,1
2026-01-04 05:45:00,1,4,4,24,5,6,1
2026-01-04 06:00:00,1,3,11,12,6,6,1
2026-01-04 06:15:00,1,3,7,12,6,6,1
2026-01-04 06:30:00,1,2,6,14,6,6,1
2026-01-04 06:45:00,1,2,2,14,6,6,1
2026-01-04 07:00:00,1,2,3,12,7,6,1
2026-01-04 07:15:00,1,2,8,12,7,6,1
2026-01-04 07:30:00,1,4,5,20,7,6,1
2026-01-04 07:45:00,1,3,9,15,7,6,1
2026-01-04 08:00:00,1,2,3,10,8,6,1
2026-01-04 08:15:00,1,2,0,12,8,6,1
2026-01-04 08:30:00,1,3,4,21,8,6,1
2026-01-04 08:45:00,1,3,0,21,8,6,1
2026-01-04 09:00:00,1,2,20,12,9,6,11
2026-01-04 09:15:00,11,4,19,16,9,6,15
2026-01-04 09:30:00,15,4,22,24,9,6,15
2026-01-04 09:45:00,15,4,15,16,9,6,14
2026-01-04 10:00:00,14,4,17,16,10,6,15
2026-01-04 10:15:00,15,5,15,25,10,6,5
2026-01-04 10:30:00,5,4,18,20,10,6,5
2026-01-04 10:45:00,5,2,21,8,10,6,15
2026-01-04 11:00:00,15,5,12,35,11,6,1
2026-01-04 11:15:00,1,3,23,18,11,6,6
2026-01-04 11:30:00,6,5,18,25,11,6,2
2026-01-04 11:45:00,2,3,22,12,11,6,9
2026-01-04 12:00:00,9,4,16,28,12,6,1
2026-01-04 12:15:00,1,3,16,15,12,6,2
2026-01-04 12:30:00,2,4,22,20,12,6,1
2026-01-04 12:45:00,1,4,19,16,12,6,2
2026-01-04 13:00:00,2,3,21,18,13,6,4
2026-01-04 13:15:00,4,2,8,14,13,6,1
2026-01-04 13:30:00,1,4,9,24,13,6,1
2026-01-04 13:45:00,1,5,17,35,13,6,1
2026-01-04 14:00:00,1,3,15,18,14,6,1
2026-01-04 14:15:00,1,2,14,12,14,6,1
2026-01-04 14:30:00,1,3,22,18,14,6,2
2026-01-04 14:45:00,2,4,18,20,14,6,1
2026-01-04 15:00:00,1,4,9,28,15,6,1
2026-01-04 15:15:00,1,3,17,12,15,6,5
2026-01-04 15:30:00,5,4,16,24,15,6,1
2026-01-04 15:45:00,1,4,16,16,15,6,2
2026-01-04 16:00:00,2,3,15,18,16,6,1
2026-01-04 16:15:00,1,2,10,10,16,6,1
2026-01-04 16:30:00,1,3,12,21,16,6,1
2026-01-04 16:45:00,1,3,12,12,16,6,1
2026-01-04 17:00:00,1,4,15,28,17,6,1
2026-01-04 17:15:00,1,3,10,15,17,6,1
2026-01-04 17:30:00,1,4,10,20,17,6,1
2026-01-04 17:45:00,1,2,16,14,17,6,1
2026-01-04 18:00:00,1,2,8,14,18,6,1
2026-01-04 18:15:00,1,5,21,20,18,6,1
2026-01-04 18:30:00,1,5,11,20,18,6,1
2026-01-04 18:45:00,1,2,8,10,18,6,1
2026-01-04 19:00:00,1,4,7,20,19,6,1
2026-01-04 19:15:00,1,3,15,15,19,6,2
2026-01-04 19:30:00,2,3,17,12,19,6,8
2026-01-04 19:45:00,8,5,19,35,19,6,1
2026-01-04 20:00:00,1,3,9,18,20,6,1
2026-01-04 20:15:00,1,3,6,15,20,6,1
2026-01-04 20:30:00,1,2,14,14,20,6,1
2026-01-04 20:45:00,1,3,4,21,20,6,1
2026-01-04 21:00:00,1,2,3,12,21,6,1
2026-01-04 21:15:00,1,4,1,16,21,6,1
2026-01-04 21:30:00,1,3,5,15,21,6,1
2026-01-04 21:45:00,1,5,2,35,21,6,1
2026-01-04 22:00:00,1,3,6,18,22,6,1
2026-01-04 22:15:00,1,4,3,24,22,6,1
2026-01-04 22:30:00,1,3,4,12,22,6,1
2026-01-04 22:45:00,1,5,9,20,22,6,1
2026-01-04 23:00:00,1,5,1,35,23,6,1
2026-01-04 23:15:00,1,2,0,10,23,6,1
2026-01-04 23:30:00,1,3,10,21,23,6,1
2026-01-04 23:45:00,1,4,0,20,23,6,1
2026-01-05 00:00:00,1,4,14,16,0,0,1
2026-01-05 00:15:00,1,5,10,25,0,0,1
2026-01-05 00:30:00,1,3,6,15,0,0,1
2026-01-05 00:45:00,1,2,10,8,0,0,2
2026-01-05 01:00:00,2,4,11,20,1,0,1
2026-01-05 01:15:00,1,3,0,18,1,0,1
2026-01-05 01:30:00,1,2,7,14,1,0,1
2026-01-05 01:45:00,1,4,12,16,1,0,1
2026-01-05 02:00:00,1,2,7,12,2,0,1
2026-01-05 02:15:00,1,4,2,20,2,0,1
2026-01-05 02:30:00,1,3,9,21,2,0,1
2026-01-05 02:45:00,1,5,7,35,2,0,1
2026-01-05 03:00:00,1,5,15,25,3,0,1
2026-01-05 03:15:00,1,2,12,8,3,0,7
2026-01-05 03:30:00,7,5,10,30,3,0,1
2026-01-05 03:45:00,1,2,7,14,3,0,1
2026-01-05 04:00:00,1,4,8,16,4,0,1
2026-01-05 04:15:00,1,2,8,12,4,0,1
2026-01-05 04:30:00,1,3,9,21,4,0,1
2026-01-05 04:45:00,1,2,9,12,4,0,1
2026-01-05 05:00:00,1,3,12,18,5,0,1
2026-01-05 05:15:00,1,5,5,25,5,0,1
2026-01-05 05:30:00,1,3,13,21,5,0,1
2026-01-05 05:45:00,1,5,10,25,5,0,1
2026-01-05 06:00:00,1,3,8,12,6,0,1
2026-01-05 06:15:00,1,2,8,10,6,0,3
2026-01-05 06:30:00,3,5,9,30,6,0,1
2026-01-05 06:45:00,1,2,9,8,6,0,2
2026-01-05 07:00:00,2,2,11,14,7,0,1
2026-01-05 07:15:00,1,5,5,25,7,0,1
2026-01-05 07:30:00,1,5,8,20,7,0,1
2026-01-05 07:45:00,1,2,10,12,7,0,1
2026-01-05 08:00:00,1,3,8,21,8,0,1
2026-01-05 08:15:00,1,3,13,12,8,0,3
2026-01-05 08:30:00,3,4,7,16,8,0,1
2026-01-05 08:45:00,1,2,9,8,8,0,1
2026-01-05 09:00:00,1,4,16,24,9,0,1
2026-01-05 09:15:00,1,2,17,8,9,0,13
2026-01-05 09:30:00,13,5,18,25,9,0,3
2026-01-05 09:45:00,3,3,21,15,9,0,7
2026-01-05 10:00:00,7,4,18,16,10,0,13
2026-01-05 10:15:00,13,3,21,21,10,0,15
2026-01-05 10:30:00,15,2,15,12,10,0,14
2026-01-05 10:45:00,14,5,30,30,10,0,15
2026-01-05 11:00:00,15,4,23,24,11,0,15
2026-01-05 11:15:00,15,4,19,24,11,0,10
2026-01-05 11:30:00,10,2,17,14,11,0,12
2026-01-05 11:45:00,12,4,17,16,11,0,11
2026-01-05 12:00:00,11,5,21,25,12,0,9
2026-01-05 12:15:00,9,2,27,8,12,0,29
2026-01-05 12:30:00,29,4,17,24,12,0,21
2026-01-05 12:45:00,21,2,17,12,12,0,27
2026-01-05 13:00:00,27,3,15,12,13,0,30
2026-01-05 13:15:00,30,2,23,14,13,0,38
2026-01-05 13:30:00,38,4,18,16,13,0,39
2026-01-05 13:45:00,39,3,22,21,13,0,40
2026-01-05 14:00:00,40,3,15,21,14,0,32
2026-01-05 14:15:00,32,5,22,35,14,0,18
2026-01-05 14:30:00,18,2,13,14,14,0,15
2026-01-05 14:45:00,15,5,21,30,14,0,4
2026-01-05 15:00:00,4,5,15,25,15,0,1
2026-01-05 15:15:00,1,4,26,16,15,0,8
2026-01-05 15:30:00,8,4,20,16,15,0,12
2026-01-05 15:45:00,12,5,22,30,15,0,7
2026-01-05 16:00:00,7,2,15,8,16,0,11
2026-01-05 16:15:00,11,4,19,24,16,0,5
2026-01-05 16:30:00,5,3,14,12,16,0,10
2026-01-05 16:45:00,10,4,21,28,16,0,5
2026-01-05 17:00:00,5,4,17,16,17,0,9
2026-01-05 17:15:00,9,2,10,12,17,0,5
2026-01-05 17:30:00,5,3,15,21,17,0,1
2026-01-05 17:45:00,1,2,12,14,17,0,1
2026-01-05 18:00:00,1,3,16,21,18,0,1
2026-01-05 18:15:00,1,3,10,15,18,0,1
2026-01-05 18:30:00,1,3,21,21,18,0,1
2026-01-05 18:45:00,1,5,15,20,18,0,1
2026-01-05 19:00:00,1,2,17,12,19,0,4
2026-01-05 19:15:00,4,2,11,12,19,0,3
2026-01-05 19:30:00,3,5,12,35,19,0,1
2026-01-05 19:45:00,1,5,12,25,19,0,1
2026-01-05 20:00:00,1,2,13,14,20,0,1
2026-01-05 20:15:00,1,4,6,28,20,0,1
2026-01-05 20:30:00,1,3,9,21,20,0,1
2026-01-05 20:45:00,1,3,4,12,20,0,1
2026-01-05 21:00:00,1,5,1,25,21,0,1
2026-01-05 21:15:00,1,4,17,20,21,0,1
2026-01-05 21:30:00,1,3,8,21,21,0,1
2026-01-05 21:45:00,1,4,7,16,21,0,1
2026-01-05 22:00:00,1,4,9,20,22,0,1
2026-01-05 22:15:00,1,5,11,25,22,0,1
2026-01-05 22:30:00,1,3,8,18,22,0,1
2026-01-05 22:45:00,1,5,4,25,22,0,1
2026-01-05 23:00:00,1,2,13,8,23,0,6
2026-01-05 23:15:00,6,3,18,15,23,0,8
2026-01-05 23:30:00,8,2,9,10,23,0,4
2026-01-05 23:45:00,4,5,7,20,23,0,1
2026-01-06 00:00:00,1,5,9,35,0,1,1
2026-01-06 00:15:00,1,3,1,21,0,1,1
2026-01-06 00:30:00,1,3,5,21,0,1,1
2026-01-06 00:45:00,1,5,11,30,0,1,1
2026-01-06 01:00:00,1,3,8,15,1,1,1
2026-01-06 01:15:00,1,2,6,14,1,1,1
2026-01-06 01:30:00,1,5,6,35,1,1,1
2026-01-06 01:45:00,1,4,9,28,1,1,1
2026-01-06 02:00:00,1,5,10,20,2,1,1
2026-01-06 02:15:00,1,4,10,20,2,1,1
2026-01-06 02:30:00,1,4,3,24,2,1,1
2026-01-06 02:45:00,1,2,13,8,2,1,5
2026-01-06 03:00:00,5,3,6,15,3,1,1
2026-01-06 03:15:00,1,3,12,21,3,1,1
2026-01-06 03:30:00,1,2,3,10,3,1,1
2026-01-06 03:45:00,1,5,5,30,3,1,1
2026-01-06 04:00:00,1,4,13,16,4,1,1
2026-01-06 04:15:00,1,5,4,35,4,1,1
2026-01-06 04:30:00,1,2,8,8,4,1,4
2026-01-06 04:45:00,4,2,5,10,4,1,1
2026-01-06 05:00:00,1,2,6,10,5,1,1
2026-01-06 05:15:00,1,3,2,15,5,1,1
2026-01-06 05:30:00,1,3,17,21,5,1,1
2026-01-06 05:45:00,1,4,10,16,5,1,1
2026-01-06 06:00:00,1,4,9,16,6,1,1
2026-01-06 06:15:00,1,2,9,14,6,1,1
2026-01-06 06:30:00,1,5,7,30,6,1,1
2026-01-06 06:45:00,1,3,5,21,6,1,1
2026-01-06 07:00:00,1,4,13,24,7,1,1
2026-01-06 07:15:00,1,2,7,8,7,1,1
2026-01-06 07:30:00,1,5,13,25,7,1,1
2026-01-06 07:45:00,1,3,11,18,7,1,1
2026-01-06 08:00:00,1,3,7,21,8,1,1
2026-01-06 08:15:00,1,3,11,18,8,1,1
2026-01-06 08:30:00,1,5,6,25,8,1,1
2026-01-06 08:45:00,1,4,14,28,8,1,1
2026-01-06 09:00:00,1,4,23,20,9,1,6
2026-01-06 09:15:00,6,4,23,16,9,1,12
2026-01-06 09:30:00,12,5,16,25,9,1,1
2026-01-06 09:45:00,1,3,23,21,9,1,3
2026-01-06 10:00:00,3,3,20,12,10,1,10
2026-01-06 10:15:00,10,5,15,25,10,1,1
2026-01-06 10:30:00,1,2,20,10,10,1,11
2026-01-06 10:45:00,11,5,25,25,10,1,10
2026-01-06 11:00:00,10,4,23,28,11,1,7
2026-01-06 11:15:00,7,3,22,21,11,1,8
2026-01-06 11:30:00,8,4,22,20,11,1,8
2026-01-06 11:45:00,8,5,21,35,11,1,1
2026-01-06 12:00:00,1,2,22,8,12,1,18
2026-01-06 12:15:00,18,4,13,24,12,1,7
2026-01-06 12:30:00,7,4,24,16,12,1,15
2026-01-06 12:45:00,15,3,18,15,12,1,18
2026-01-06 13:00:00,18,3,17,15,13,1,18
2026-01-06 13:15:00,18,5,19,25,13,1,9
2026-01-06 13:30:00,9,2,13,14,13,1,8
2026-01-06 13:45:00,8,3,19,15,13,1,14
2026-01-06 14:00:00,14,3,14,12,14,1,17
2026-01-06 14:15:00,17,4,12,24,14,1,2
2026-01-06 14:30:00,2,2,20,10,14,1,11
2026-01-06 14:45:00,11,5,14,25,14,1,1
2026-01-06 15:00:00,1,2,18,10,15,1,10
2026-01-06 15:15:00,10,2,24,10,15,1,22
2026-01-06 15:30:00,22,2,11,8,15,1,27
2026-01-06 15:45:00,27,5,18,20,15,1,23
2026-01-06 16:00:00,23,5,15,25,16,1,13
2026-01-06 16:15:00,13,3,25,21,16,1,20
2026-01-06 16:30:00,20,4,22,28,16,1,15
2026-01-06 16:45:00,15,3,17,18,16,1,16
2026-01-06 17:00:00,16,3,14,15,17,1,14
2026-01-06 17:15:00,14,5,18,30,17,1,3
2026-01-06 17:30:00,3,4,10,16,17,1,1
2026-01-06 17:45:00,1,5,11,20,17,1,1
2026-01-06 18:00:00,1,4,21,16,18,1,7
2026-01-06 18:15:00,7,2,15,10,18,1,13
2026-01-06 18:30:00,13,4,19,24,18,1,9
2026-01-06 18:45:00,9,4,19,24,18,1,3
2026-01-06 19:00:00,3,2,22,14,19,1,14
2026-01-06 19:15:00,14,2,9,12,19,1,8
2026-01-06 19:30:00,8,2,15,12,19,1,7
2026-01-06 19:45:00,7,2,19,14,19,1,11
2026-01-06 20:00:00,11,3,11,21,20,1,1
2026-01-06 20:15:00,1,5,4,25,20,1,1
2026-01-06 20:30:00,1,2,8,14,20,1,1
2026-01-06 20:45:00,1,3,12,15,20,1,1
2026-01-06 21:00:00,1,4,5,28,21,1,1
2026-01-06 21:15:00,1,3,10,21,21,1,1
2026-01-06 21:30:00,1,5,8,30,21,1,1
2026-01-06 21:45:00,1,5,10,25,21,1,1
2026-01-06 22:00:00,1,3,12,12,22,1,1
2026-01-06 22:15:00,1,5,6,25,22,1,1
2026-01-06 22:30:00,1,4,0,20,22,1,1
2026-01-06 22:45:00,1,4,9,28,22,1,1
2026-01-06 23:00:00,1,2,2,8,23,1,1
2026-01-06 23:15:00,1,5,4,20,23,1,1
2026-01-06 23:30:00,1,5,10,35,23,1,1
2026-01-06 23:45:00,1,3,5,12,23,1,1
2026-01-07 00:00:00,1,4,6,20,0,2,1
2026-01-07 00:15:00,1,2,13,8,0,2,11
2026-01-07 00:30:00,11,2,10,12,0,2,10
2026-01-07 00:45:00,10,3,10,15,0,2,8
2026-01-07 01:00:00,8,2,4,8,1,2,1
2026-01-07 01:15:00,1,5,7,30,1,2,1
2026-01-07 01:30:00,1,5,11,30,1,2,1
2026-01-07 01:45:00,1,3,14,18,1,2,1
2026-01-07 02:00:00,1,5,6,25,2,2,1
2026-01-07 02:15:00,1,3,13,18,2,2,1
2026-01-07 02:30:00,1,3,10,21,2,2,1
2026-01-07 02:45:00,1,2,7,14,2,2,1
2026-01-07 03:00:00,1,2,12,10,3,2,2
2026-01-07 03:15:00,2,5,5,30,3,2,1
2026-01-07 03:30:00,1,4,7,16,3,2,1
2026-01-07 03:45:00,1,5,1,20,3,2,1
2026-01-07 04:00:00,1,4,16,16,4,2,3
2026-01-07 04:15:00,3,5,12,25,4,2,1
2026-01-07 04:30:00,1,5,10,25,4,2,1
2026-01-07 04:45:00,1,4,12,24,4,2,1
2026-01-07 05:00:00,1,5,7,35,5,2,1
2026-01-07 05:15:00,1,4,10,16,5,2,1
2026-01-07 05:30:00,1,3,17,18,5,2,1
2026-01-07 05:45:00,1,3,9,18,5,2,1
2026-01-07 06:00:00,1,4,8,16,6,2,1
2026-01-07 06:15:00,1,5,13,35,6,2,1
2026-01-07 06:30:00,1,4,8,28,6,2,1
2026-01-07 06:45:00,1,2,9,14,6,2,1
2026-01-07 07:00:00,1,3,11,15,7,2,1
2026-01-07 07:15:00,1,2,5,8,7,2,1
2026-01-07 07:30:00,1,4,9,28,7,2,1
2026-01-07 07:45:00,1,4,7,28,7,2,1
2026-01-07 08:00:00,1,3,0,15,8,2,1
2026-01-07 08:15:00,1,3,7,21,8,2,1
2026-01-07 08:30:00,1,3,12,12,8,2,2
2026-01-07 08:45:00,2,2,6,12,8,2,1
2026-01-07 09:00:00,1,2,27,12,9,2,15
2026-01-07 09:15:00,15,2,14,14,9,2,17
2026-01-07 09:30:00,17,4,22,16,9,2,22
2026-01-07 09:45:00,22,3,22,18,9,2,24
2026-01-07 10:00:00,24,4,19,20,10,2,23
2026-01-07 10:15:00,23,5,19,30,10,2,13
2026-01-07 10:30:00,13,5,24,25,10,2,9
2026-01-07 10:45:00,9,4,13,16,10,2,6
2026-01-07 11:00:00,6,5,23,20,11,2,9
2026-01-07 11:15:00,9,2,23,12,11,2,21
2026-01-07 11:30:00,21,4,22,24,11,2,18
2026-01-07 11:45:00,18,5,17,25,11,2,10
2026-01-07 12:00:00,10,5,25,25,12,2,9
2026-01-07 12:15:00,9,3,22,18,12,2,12
2026-01-07 12:30:00,12,5,18,25,12,2,4
2026-01-07 12:45:00,4,5,20,20,12,2,4
2026-01-07 13:00:00,4,3,20,18,13,2,5
2026-01-07 13:15:00,5,5,21,30,13,2,1
2026-01-07 13:30:00,1,5,19,20,13,2,3
2026-01-07 13:45:00,3,4,10,16,13,2,1
2026-01-07 14:00:00,1,3,13,12,14,2,1
2026-01-07 14:15:00,1,3,19,15,14,2,6
2026-01-07 14:30:00,6,2,17,14,14,2,8
2026-01-07 14:45:00,8,5,18,25,14,2,1
2026-01-07 15:00:00,1,2,18,14,15,2,7
2026-01-07 15:15:00,7,2,19,8,15,2,20
2026-01-07 15:30:00,20,5,21,35,15,2,7
2026-01-07 15:45:00,7,4,20,28,15,2,4
2026-01-07 16:00:00,4,4,15,24,16,2,1
2026-01-07 16:15:00,1,2,21,10,16,2,12
2026-01-07 16:30:00,12,5,24,20,16,2,18
2026-01-07 16:45:00,18,4,13,28,16,2,4
2026-01-07 17:00:00,4,2,14,12,17,2,4
2026-01-07 17:15:00,4,3,16,18,17,2,2
2026-01-07 17:30:00,2,4,15,20,17,2,1
2026-01-07 17:45:00,1,2,14,8,17,2,6
2026-01-07 18:00:00,6,5,12,30,18,2,1
2026-01-07 18:15:00,1,5,14,25,18,2,1
2026-01-07 18:30:00,1,5,8,20,18,2,1
2026-01-07 18:45:00,1,3,14,12,18,2,3
2026-01-07 19:00:00,3,2,13,8,19,2,6
2026-01-07 19:15:00,6,4,16,20,19,2,7
2026-01-07 19:30:00,7,2,14,8,19,2,14
2026-01-07 19:45:00,14,4,11,24,19,2,1
2026-01-07 20:00:00,1,2,13,14,20,2,1
2026-01-07 20:15:00,1,2,7,14,20,2,1
2026-01-07 20:30:00,1,5,1,20,20,2,1
2026-01-07 20:45:00,1,5,12,20,20,2,1
2026-01-07 21:00:00,1,2,7,12,21,2,1
2026-01-07 21:15:00,1,3,9,15,21,2,1
2026-01-07 21:30:00,1,4,7,28,21,2,1
2026-01-07 21:45:00,1,5,5,35,21,2,1
2026-01-07 22:00:00,1,3,8,18,22,2,1
2026-01-07 22:15:00,1,4,11,16,22,2,1
2026-01-07 22:30:00,1,4,4,16,22,2,1
2026-01-07 22:45:00,1,5,9,30,22,2,1
2026-01-07 23:00:00,1,3,6,12,23,2,1
2026-01-07 23:15:00,1,5,9,25,23,2,1
2026-01-07 23:30:00,1,4,8,24,23,2,1
2026-01-07 23:45:00,1,3,19,12,23,2,7
2026-01-08 00:00:00,7,4,9,16,0,3,1
2026-01-08 00:15:00,1,5,12,20,0,3,1
2026-01-08 00:30:00,1,4,6,16,0,3,1
2026-01-08 00:45:00,1,3,5,15,0,3,1
2026-01-08 01:00:00,1,4,14,24,1,3,1
2026-01-08 01:15:00,1,5,1,35,1,3,1
2026-01-08 01:30:00,1,5,14,35,1,3,1
2026-01-08 01:45:00,1,5,5,35,1,3,1
2026-01-08 02:00:00,1,5,4,20,2,3,1
2026-01-08 02:15:00,1,2,5,10,2,3,1
2026-01-08 02:30:00,1,4,14,24,2,3,1
2026-01-08 02:45:00,1,2,8,8,2,3,1
2026-01-08 03:00:00,1,3,12,21,3,3,1
2026-01-08 03:15:00,1,2,16,10,3,3,6
2026-01-08 03:30:00,6,4,7,24,3,3,1
2026-01-08 03:45:00,1,4,8,20,3,3,1
2026-01-08 04:00:00,1,3,8,18,4,3,1
2026-01-08 04:15:00,1,2,1,10,4,3,1
2026-01-08 04:30:00,1,5,11,25,4,3,1
2026-01-08 04:45:00,1,5,2,25,4,3,1
2026-01-08 05:00:00,1,2,4,8,5,3,1
2026-01-08 05:15:00,1,4,15,24,5,3,1
2026-01-08 05:30:00,1,5,1,20,5,3,1
2026-01-08 05:45:00,1,5,3,30,5,3,1
2026-01-08 06:00:00,1,5,1,30,6,3,1
2026-01-08 06:15:00,1,4,8,20,6,3,1
2026-01-08 06:30:00,1,2,0,12,6,3,1
2026-01-08 06:45:00,1,2,10,14,6,3,1
2026-01-08 07:00:00,1,2,4,14,7,3,1
2026-01-08 07:15:00,1,5,8,25,7,3,1
2026-01-08 07:30:00,1,2,10,12,7,3,1
2026-01-08 07:45:00,1,2,7,14,7,3,1
2026-01-08 08:00:00,1,5,11,25,8,3,1
2026-01-08 08:15:00,1,5,8,35,8,3,1
2026-01-08 08:30:00,1,4,13,24,8,3,1
2026-01-08 08:45:00,1,2,3,10,8,3,1
2026-01-08 09:00:00,1,4,18,28,9,3,1
2026-01-08 09:15:00,1,4,31,16,9,3,15
2026-01-08 09:30:00,15,4,20,24,9,3,11
2026-01-08 09:45:00,11,2,22,12,9,3,23
2026-01-08 10:00:00,23,5,20,20,10,3,22
2026-01-08 10:15:00,22,5,25,35,10,3,11
2026-01-08 10:30:00,11,3,23,12,10,3,16
2026-01-08 10:45:00,16,4,28,24,10,3,19
2026-01-08 11:00:00,19,3,17,12,11,3,24
2026-01-08 11:15:00,24,5,25,30,11,3,17
2026-01-08 11:30:00,17,4,24,20,11,3,22
2026-01-08 11:45:00,22,2,23,8,11,3,38
2026-01-08 12:00:00,38,5,24,20,12,3,43
2026-01-08 12:15:00,43,3,23,18,12,3,48
2026-01-08 12:30:00,48,3,20,15,12,3,51
2026-01-08 12:45:00,51,3,14,18,12,3,43
2026-01-08 13:00:00,43,5,14,20,13,3,36
2026-01-08 13:15:00,36,5,18,25,13,3,30
2026-01-08 13:30:00,30,3,18,21,13,3,25
2026-01-08 13:45:00,25,3,17,15,13,3,27
2026-01-08 14:00:00,27,5,11,25,14,3,11
2026-01-08 14:15:00,11,3,21,21,14,3,9
2026-01-08 14:30:00,9,2,21,12,14,3,17
2026-01-08 14:45:00,17,2,11,10,14,3,17
2026-01-08 15:00:00,17,2,18,12,15,3,23
2026-01-08 15:15:00,23,2,14,12,15,3,25
2026-01-08 15:30:00,25,3,5,21,15,3,9
2026-01-08 15:45:00,9,5,15,25,15,3,1
2026-01-08 16:00:00,1,5,21,20,16,3,1
2026-01-08 16:15:00,1,4,18,28,16,3,1
2026-01-08 16:30:00,1,3,19,21,16,3,1
2026-01-08 16:45:00,1,3,10,21,16,3,1
2026-01-08 17:00:00,1,5,12,20,17,3,1
2026-01-08 17:15:00,1,5,12,25,17,3,1
2026-01-08 17:30:00,1,3,13,21,17,3,1
2026-01-08 17:45:00,1,4,11,16,17,3,1
2026-01-08 18:00:00,1,4,9,20,18,3,1
2026-01-08 18:15:00,1,4,19,24,18,3,1
2026-01-08 18:30:00,1,5,18,35,18,3,1
2026-01-08 18:45:00,1,2,14,14,18,3,4
2026-01-08 19:00:00,4,3,20,18,19,3,7
2026-01-08 19:15:00,7,2,17,8,19,3,14
2026-01-08 19:30:00,14,3,15,12,19,3,17
2026-01-08 19:45:00,17,5,15,20,19,3,11
2026-01-08 20:00:00,11,5,8,30,20,3,1
2026-01-08 20:15:00,1,4,0,28,20,3,1
2026-01-08 20:30:00,1,5,6,20,20,3,1
2026-01-08 20:45:00,1,4,13,20,20,3,1
2026-01-08 21:00:00,1,4,11,20,21,3,1
2026-01-08 21:15:00,1,2,7,12,21,3,1
2026-01-08 21:30:00,1,5,2,35,21,3,1
2026-01-08 21:45:00,1,5,14,25,21,3,1
2026-01-08 22:00:00,1,5,4,25,22,3,1
2026-01-08 22:15:00,1,5,9,30,22,3,1
2026-01-08 22:30:00,1,3,6,15,22,3,1
2026-01-08 22:45:00,1,2,2,10,22,3,1
2026-01-08 23:00:00,1,2,8,12,23,3,1
2026-01-08 23:15:00,1,3,12,21,23,3,1
2026-01-08 23:30:00,1,5,8,25,23,3,1
2026-01-08 23:45:00,1,5,17,30,23,3,1
2026-01-09 00:00:00,1,5,11,35,0,4,1
2026-01-09 00:15:00,1,3,8,18,0,4,1
2026-01-09 00:30:00,1,5,9,20,0,4,1
2026-01-09 00:45:00,1,4,12,28,0,4,1
2026-01-09 01:00:00,1,2,9,14,1,4,1
2026-01-09 01:15:00,1,5,0,35,1,4,1
2026-01-09 01:30:00,1,4,8,28,1,4,1
2026-01-09 01:45:00,1,3,6,21,1,4,1
2026-01-09 02:00:00,1,4,9,28,2,4,1
2026-01-09 02:15:00,1,4,8,20,2,4,1
2026-01-09 02:30:00,1,3,7,12,2,4,1
2026-01-09 02:45:00,1,4,10,16,2,4,1
2026-01-09 03:00:00,1,4,10,24,3,4,1
2026-01-09 03:15:00,1,2,4,12,3,4,1
2026-01-09 03:30:00,1,5,8,20,3,4,1
2026-01-09 03:45:00,1,3,10,15,3,4,1
2026-01-09 04:00:00,1,3,5,12,4,4,1
2026-01-09 04:15:00,1,4,9,28,4,4,1
2026-01-09 04:30:00,1,2,17,10,4,4,8
2026-01-09 04:45:00,8,3,12,15,4,4,3
2026-01-09 05:00:00,3,3,0,18,5,4,1
2026-01-09 05:15:00,1,5,8,20,5,4,1
2026-01-09 05:30:00,1,3,7,12,5,4,1
2026-01-09 05:45:00,1,4,9,16,5,4,1
2026-01-09 06:00:00,1,4,17,20,6,4,1
2026-01-09 06:15:00,1,5,9,35,6,4,1
2026-01-09 06:30:00,1,4,10,28,6,4,1
2026-01-09 06:45:00,1,5,8,35,6,4,1
2026-01-09 07:00:00,1,4,11,16,7,4,1
2026-01-09 07:15:00,1,3,9,12,7,4,1
2026-01-09 07:30:00,1,3,7,21,7,4,1
2026-01-09 07:45:00,1,3,11,18,7,4,1
2026-01-09 08:00:00,1,5,3,35,8,4,1
2026-01-09 08:15:00,1,4,10,20,8,4,1
2026-01-09 08:30:00,1,4,7,28,8,4,1
2026-01-09 08:45:00,1,2,5,10,8,4,1
2026-01-09 09:00:00,1,4,23,16,9,4,7
2026-01-09 09:15:00,7,2,15,10,9,4,8
2026-01-09 09:30:00,8,3,13,12,9,4,11
2026-01-09 09:45:00,11,4,22,20,9,4,9
2026-01-09 10:00:00,9,3,16,15,10,4,11
2026-01-09 10:15:00,11,2,14,8,10,4,17
2026-01-09 10:30:00,17,2,19,14,10,4,23
2026-01-09 10:45:00,23,4,14,16,10,4,24
2026-01-09 11:00:00,24,4,27,16,11,4,35
2026-01-09 11:15:00,35,4,24,20,11,4,38
2026-01-09 11:30:00,38,5,20,30,11,4,29
2026-01-09 11:45:00,29,5,19,20,11,4,21
2026-01-09 12:00:00,21,4,15,28,12,4,8
2026-01-09 12:15:00,8,2,19,12,12,4,15
2026-01-09 12:30:00,15,5,10,30,12,4,1
2026-01-09 12:45:00,1,3,19,12,12,4,9
2026-01-09 13:00:00,9,4,20,20,13,4,11
2026-01-09 13:15:00,11,5,18,35,13,4,1
2026-01-09 13:30:00,1,3,15,12,13,4,3
2026-01-09 13:45:00,3,2,20,8,13,4,9
2026-01-09 14:00:00,9,4,13,28,14,4,1
2026-01-09 14:15:00,1,2,22,8,14,4,16
2026-01-09 14:30:00,16,3,11,12,14,4,13
2026-01-09 14:45:00,13,3,21,12,14,4,23
2026-01-09 15:00:00,23,3,21,21,15,4,22
2026-01-09 15:15:00,22,2,23,14,15,4,27
2026-01-09 15:30:00,27,3,18,21,15,4,22
2026-01-09 15:45:00,22,2,19,8,15,4,31
2026-01-09 16:00:00,31,5,20,30,16,4,17
2026-01-09 16:15:00,17,3,21,12,16,4,27
2026-01-09 16:30:00,27,5,25,20,16,4,38
2026-01-09 16:45:00,38,4,22,20,16,4,41
2026-01-09 17:00:00,41,4,15,16,17,4,40
2026-01-09 17:15:00,40,4,13,16,17,4,38
2026-01-09 17:30:00,38,3,12,21,17,4,26
2026-01-09 17:45:00,26,4,19,16,17,4,30
2026-01-09 18:00:00,30,4,14,20,18,4,25
2026-01-09 18:15:00,25,5,16,35,18,4,4
2026-01-09 18:30:00,4,5,13,30,18,4,1
2026-01-09 18:45:00,1,5,14,35,18,4,1
2026-01-09 19:00:00,1,2,18,8,19,4,12
2026-01-09 19:15:00,12,3,22,21,19,4,13
2026-01-09 19:30:00,13,4,16,24,19,4,3
2026-01-09 19:45:00,3,3,11,12,19,4,1
2026-01-09 20:00:00,1,4,7,20,20,4,1
2026-01-09 20:15:00,1,2,10,14,20,4,1
2026-01-09 20:30:00,1,4,11,20,20,4,1
2026-01-09 20:45:00,1,3,9,12,20,4,1
2026-01-09 21:00:00,1,2,4,10,21,4,1
2026-01-09 21:15:00,1,3,13,12,21,4,1
2026-01-09 21:30:00,1,4,6,20,21,4,1
2026-01-09 21:45:00,1,4,7,24,21,4,1
2026-01-09 22:00:00,1,3,9,18,22,4,1
2026-01-09 22:15:00,1,4,4,28,22,4,1
2026-01-09 22:30:00,1,2,7,14,22,4,1
2026-01-09 22:45:00,1,2,6,14,22,4,1
2026-01-09 23:00:00,1,2,9,10,23,4,1
2026-01-09 23:15:00,1,3,15,21,23,4,1
2026-01-09 23:30:00,1,5,1,30,23,4,1
2026-01-09 23:45:00,1,2,5,12,23,4,1
2026-01-10 00:00:00,1,3,2,15,0,5,1
2026-01-10 00:15:00,1,4,6,24,0,5,1
2026-01-10 00:30:00,1,5,3,30,0,5,1
2026-01-10 00:45:00,1,3,11,12,0,5,2
2026-01-10 01:00:00,2,2,9,14,1,5,1
2026-01-10 01:15:00,1,5,0,30,1,5,1
2026-01-10 01:30:00,1,2,10,12,1,5,1
2026-01-10 01:45:00,1,3,5,21,1,5,1
2026-01-10 02:00:00,1,5,10,20,2,5,1
2026-01-10 02:15:00,1,2,6,8,2,5,1
2026-01-10 02:30:00,1,5,8,20,2,5,1
2026-01-10 02:45:00,1,5,4,25,2,5,1
2026-01-10 03:00:00,1,4,5,28,3,5,1
2026-01-10 03:15:00,1,5,7,30,3,5,1
2026-01-10 03:30:00,1,2,4,12,3,5,1
2026-01-10 03:45:00,1,2,6,12,3,5,1
2026-01-10 04:00:00,1,5,0,20,4,5,1
2026-01-10 04:15:00,1,4,7,28,4,5,1
2026-01-10 04:30:00,1,2,2,12,4,5,1
2026-01-10 04:45:00,1,3,12,12,4,5,1
2026-01-10 05:00:00,1,5,3,30,5,5,1
2026-01-10 05:15:00,1,4,7,28,5,5,1
2026-01-10 05:30:00,1,3,6,18,5,5,1
2026-01-10 05:45:00,1,5,11,30,5,5,1
2026-01-10 06:00:00,1,3,2,12,6,5,1
2026-01-10 06:15:00,1,2,6,12,6,5,1
2026-01-10 06:30:00,1,3,2,12,6,5,1
2026-01-10 06:45:00,1,2,10,10,6,5,2
2026-01-10 07:00:00,2,5,0,25,7,5,1
2026-01-10 07:15:00,1,5,0,30,7,5,1
2026-01-10 07:30:00,1,4,3,20,7,5,1
2026-01-10 07:45:00,1,3,3,21,7,5,1
2026-01-10 08:00:00,1,3,4,12,8,5,1
2026-01-10 08:15:00,1,5,3,20,8,5,1
2026-01-10 08:30:00,1,2,9,12,8,5,1
2026-01-10 08:45:00,1,2,3,8,8,5,1
2026-01-10 09:00:00,1,5,13,25,9,5,1
2026-01-10 09:15:00,1,4,9,20,9,5,1
2026-01-10 09:30:00,1,4,19,20,9,5,1
2026-01-10 09:45:00,1,3,13,15,9,5,1
2026-01-10 10:00:00,1,4,17,16,10,5,1
2026-01-10 10:15:00,1,3,12,12,10,5,1
2026-01-10 10:30:00,1,4,21,28,10,5,1
2026-01-10 10:45:00,1,3,16,12,10,5,8
2026-01-10 11:00:00,8,2,19,14,11,5,11
2026-01-10 11:15:00,11,4,13,16,11,5,9
2026-01-10 11:30:00,9,3,21,15,11,5,16
2026-01-10 11:45:00,16,3,16,18,11,5,14
2026-01-10 12:00:00,14,2,17,10,12,5,20
2026-01-10 12:15:00,20,4,12,24,12,5,9
2026-01-10 12:30:00,9,4,12,20,12,5,1
2026-01-10 12:45:00,1,2,18,8,12,5,11
2026-01-10 13:00:00,11,4,8,24,13,5,1
2026-01-10 13:15:00,1,2,19,8,13,5,14
2026-01-10 13:30:00,14,3,4,12,13,5,6
2026-01-10 13:45:00,6,2,17,14,13,5,13
2026-01-10 14:00:00,13,2,11,12,14,5,12
2026-01-10 14:15:00,12,4,16,16,14,5,10
2026-01-10 14:30:00,10,4,18,20,14,5,7
2026-01-10 14:45:00,7,2,4,10,14,5,1
2026-01-10 15:00:00,1,2,25,12,15,5,11
2026-01-10 15:15:00,11,2,10,10,15,5,12
2026-01-10 15:30:00,12,2,16,8,15,5,23
2026-01-10 15:45:00,23,4,16,28,15,5,11
2026-01-10 16:00:00,11,3,19,12,16,5,16
2026-01-10 16:15:00,16,2,16,12,16,5,19
2026-01-10 16:30:00,19,3,11,12,16,5,17
2026-01-10 16:45:00,17,2,13,14,16,5,17
2026-01-10 17:00:00,17,3,9,12,17,5,14
2026-01-10 17:15:00,14,5,10,20,17,5,6
2026-01-10 17:30:00,6,4,4,24,17,5,1
2026-01-10 17:45:00,1,4,6,24,17,5,1
2026-01-10 18:00:00,1,5,9,30,18,5,1
2026-01-10 18:15:00,1,4,17,20,18,5,1
2026-01-10 18:30:00,1,2,14,8,18,5,4
2026-01-10 18:45:00,4,2,13,14,18,5,6
2026-01-10 19:00:00,6,2,13,14,19,5,7
2026-01-10 19:15:00,7,3,15,21,19,5,2
2026-01-10 19:30:00,2,5,13,35,19,5,1
2026-01-10 19:45:00,1,2,9,12,19,5,1
2026-01-10 20:00:00,1,2,7,14,20,5,1
2026-01-10 20:15:00,1,5,8,25,20,5,1
2026-01-10 20:30:00,1,3,6,15,20,5,1
2026-01-10 20:45:00,1,2,5,12,20,5,1
2026-01-10 21:00:00,1,4,2,16,21,5,1
2026-01-10 21:15:00,1,3,2,15,21,5,1
2026-01-10 21:30:00,1,4,6,28,21,5,1
2026-01-10 21:45:00,1,5,6,30,21,5,1
2026-01-10 22:00:00,1,5,8,20,22,5,1
2026-01-10 22:15:00,1,4,9,24,22,5,1
2026-01-10 22:30:00,1,2,6,10,22,5,1
2026-01-10 22:45:00,1,3,2,15,22,5,1
2026-01-10 23:00:00,1,3,7,15,23,5,1
2026-01-10 23:15:00,1,5,10,35,23,5,1
2026-01-10 23:30:00,1,5,3,25,23,5,1
2026-01-10 23:45:00,1,5,2,35,23,5,1
2026-01-11 00:00:00,1,5,7,25,0,6,1
2026-01-11 00:15:00,1,5,1,25,0,6,1
2026-01-11 00:30:00,1,2,4,12,0,6,1
2026-01-11 00:45:00,1,3,4,12,0,6,1
2026-01-11 01:00:00,1,3,9,18,1,6,1
2026-01-11 01:15:00,1,2,5,12,1,6,1
2026-01-11 01:30:00,1,4,5,20,1,6,1
2026-01-11 01:45:00,1,5,0,20,1,6,1
2026-01-11 02:00:00,1,5,8,35,2,6,1
2026-01-11 02:15:00,1,5,10,20,2,6,1
2026-01-11 02:30:00,1,2,6,14,2,6,1
2026-01-11 02:45:00,1,4,13,16,2,6,1
2026-01-11 03:00:00,1,5,7,30,3,6,1
2026-01-11 03:15:00,1,2,5,12,3,6,1
2026-01-11 03:30:00,1,2,8,10,3,6,1
2026-01-11 03:45:00,1,3,5,18,3,6,1
2026-01-11 04:00:00,1,4,1,24,4,6,1
2026-01-11 04:15:00,1,2,6,12,4,6,1
2026-01-11 04:30:00,1,3,10,15,4,6,1
2026-01-11 04:45:00,1,5,7,20,4,6,1
2026-01-11 05:00:00,1,3,8,15,5,6,1
2026-01-11 05:15:00,1,3,9,15,5,6,1
2026-01-11 05:30:00,1,5,12,35,5,6,1
2026-01-11 05:45:00,1,3,2,12,5,6,1
2026-01-11 06:00:00,1,3,6,15,6,6,1
2026-01-11 06:15:00,1,5,6,35,6,6,1
2026-01-11 06:30:00,1,5,4,20,6,6,1
2026-01-11 06:45:00,1,5,2,35,6,6,1
2026-01-11 07:00:00,1,2,1,12,7,6,1
2026-01-11 07:15:00,1,2,5,12,7,6,1
2026-01-11 07:30:00,1,4,9,24,7,6,1
2026-01-11 07:45:00,1,5,7,30,7,6,1
2026-01-11 08:00:00,1,4,3,28,8,6,1
2026-01-11 08:15:00,1,3,7,12,8,6,1
2026-01-11 08:30:00,1,3,5,18,8,6,1
2026-01-11 08:45:00,1,5,3,25,8,6,1
2026-01-11 09:00:00,1,5,16,30,9,6,1
2026-01-11 09:15:00,1,5,11,30,9,6,1
2026-01-11 09:30:00,1,3,13,21,9,6,1
2026-01-11 09:45:00,1,2,16,14,9,6,1
2026-01-11 10:00:00,1,2,16,10,10,6,7
2026-01-11 10:15:00,7,5,16,25,10,6,1
2026-01-11 10:30:00,1,4,17,24,10,6,1
2026-01-11 10:45:00,1,2,23,14,10,6,10
2026-01-11 11:00:00,10,3,18,21,11,6,12
2026-01-11 11:15:00,12,3,12,18,11,6,7
2026-01-11 11:30:00,7,4,17,20,11,6,2
2026-01-11 11:45:00,2,2,13,8,11,6,2
2026-01-11 12:00:00,2,5,25,20,12,6,8
2026-01-11 12:15:00,8,4,16,24,12,6,1
2026-01-11 12:30:00,1,4,16,16,12,6,2
2026-01-11 12:45:00,2,4,24,28,12,6,1
2026-01-11 13:00:00,1,4,19,16,13,6,3
2026-01-11 13:15:00,3,4,13,24,13,6,1
2026-01-11 13:30:00,1,3,21,21,13,6,1
2026-01-11 13:45:00,1,2,16,14,13,6,1
2026-01-11 14:00:00,1,5,23,35,14,6,1
2026-01-11 14:15:00,1,5,6,30,14,6,1
2026-01-11 14:30:00,1,5,15,20,14,6,1
2026-01-11 14:45:00,1,2,11,10,14,6,1
2026-01-11 15:00:00,1,2,12,10,15,6,4
2026-01-11 15:15:00,4,2,15,10,15,6,9
2026-01-11 15:30:00,9,4,19,28,15,6,1
2026-01-11 15:45:00,1,4,15,16,15,6,1
2026-01-11 16:00:00,1,2,12,12,16,6,1
2026-01-11 16:15:00,1,3,12,21,16,6,1
2026-01-11 16:30:00,1,2,11,8,16,6,2
2026-01-11 16:45:00,2,5,16,35,16,6,1
2026-01-11 17:00:00,1,2,9,8,17,6,2
2026-01-11 17:15:00,2,3,9,21,17,6,1
2026-01-11 17:30:00,1,3,8,18,17,6,1
2026-01-11 17:45:00,1,2,11,14,17,6,1
2026-01-11 18:00:00,1,3,9,15,18,6,1
2026-01-11 18:15:00,1,4,19,16,18,6,1
2026-01-11 18:30:00,1,3,9,15,18,6,1
2026-01-11 18:45:00,1,5,9,30,18,6,1
2026-01-11 19:00:00,1,3,15,21,19,6,1
2026-01-11 19:15:00,1,5,9,25,19,6,1
2026-01-11 19:30:00,1,3,3,18,19,6,1
2026-01-11 19:45:00,1,4,5,28,19,6,1
2026-01-11 20:00:00,1,2,3,14,20,6,1
2026-01-11 20:15:00,1,2,2,12,20,6,1
2026-01-11 20:30:00,1,4,4,24,20,6,1
2026-01-11 20:45:00,1,5,7,25,20,6,1
2026-01-11 21:00:00,1,4,8,28,21,6,1
2026-01-11 21:15:00,1,2,3,8,21,6,1
2026-01-11 21:30:00,1,2,6,8,21,6,1
2026-01-11 21:45:00,1,2,3,8,21,6,1
2026-01-11 22:00:00,1,4,6,24,22,6,1
2026-01-11 22:15:00,1,4,8,28,22,6,1
2026-01-11 22:30:00,1,4,9,16,22,6,1
2026-01-11 22:45:00,1,3,7,12,22,6,1
2026-01-11 23:00:00,1,3,9,18,23,6,1
2026-01-11 23:15:00,1,5,1,35,23,6,1
2026-01-11 23:30:00,1,3,0,21,23,6,1
2026-01-11 23:45:00,1,5,4,25,23,6,1
2026-01-12 00:00:00,1,5,10,30,0,0,1
2026-01-12 00:15:00,1,3,8,18,0,0,1
2026-01-12 00:30:00,1,3,8,12,0,0,1
2026-01-12 00:45:00,1,3,12,18,0,0,1
2026-01-12 01:00:00,1,3,5,18,1,0,1
2026-01-12 01:15:00,1,4,7,28,1,0,1
2026-01-12 01:30:00,1,3,5,18,1,0,1
2026-01-12 01:45:00,1,2,5,14,1,0,1
2026-01-12 02:00:00,1,2,10,14,2,0,1
2026-01-12 02:15:00,1,3,8,15,2,0,1
2026-01-12 02:30:00,1,2,3,14,2,0,1
2026-01-12 02:45:00,1,2,9,12,2,0,1
2026-01-12 03:00:00,1,5,14,30,3,0,1
2026-01-12 03:15:00,1,4,16,28,3,0,1
2026-01-12 03:30:00,1,2,2,14,3,0,1
2026-01-12 03:45:00,1,2,10,10,3,0,2
2026-01-12 04:00:00,2,5,4,30,4,0,1
2026-01-12 04:15:00,1,2,9,14,4,0,1
2026-01-12 04:30:00,1,5,9,35,4,0,1
2026-01-12 04:45:00,1,2,2,8,4,0,1
2026-01-12 05:00:00,1,4,1,24,5,0,1
2026-01-12 05:15:00,1,4,9,20,5,0,1
2026-01-12 05:30:00,1,2,11,8,5,0,1
2026-01-12 05:45:00,1,2,1,12,5,0,1
2026-01-12 06:00:00,1,2,8,14,6,0,1
2026-01-12 06:15:00,1,2,13,10,6,0,2
2026-01-12 06:30:00,2,3,2,18,6,0,1
2026-01-12 06:45:00,1,2,6,12,6,0,1
2026-01-12 07:00:00,1,2,7,12,7,0,1
2026-01-12 07:15:00,1,3,10,12,7,0,1
2026-01-12 07:30:00,1,2,9,10,7,0,1
2026-01-12 07:45:00,1,5,8,25,7,0,1
2026-01-12 08:00:00,1,3,10,21,8,0,1
2026-01-12 08:15:00,1,2,15,12,8,0,4
2026-01-12 08:30:00,4,4,5,24,8,0,1
2026-01-12 08:45:00,1,2,9,12,8,0,1
2026-01-12 09:00:00,1,5,23,25,9,0,1
2026-01-12 09:15:00,1,2,22,8,9,0,15
2026-01-12 09:30:00,15,2,15,12,9,0,16
2026-01-12 09:45:00,16,3,16,21,9,0,7
2026-01-12 10:00:00,7,4,18,20,10,0,5
2026-01-12 10:15:00,5,5,19,35,10,0,1
2026-01-12 10:30:00,1,5,20,35,10,0,1
2026-01-12 10:45:00,1,3,21,21,10,0,3
2026-01-12 11:00:00,3,2,28,12,11,0,19
2026-01-12 11:15:00,19,5,22,35,11,0,5
2026-01-12 11:30:00,5,2,21,14,11,0,13
2026-01-12 11:45:00,13,3,26,15,11,0,22
2026-01-12 12:00:00,22,5,18,25,12,0,18
2026-01-12 12:15:00,18,2,19,10,12,0,27
2026-01-12 12:30:00,27,3,25,21,12,0,31
2026-01-12 12:45:00,31,5,23,25,12,0,28
2026-01-12 13:00:00,28,5,17,20,13,0,27
2026-01-12 13:15:00,27,5,20,35,13,0,8
2026-01-12 13:30:00,8,2,17,12,13,0,13
2026-01-12 13:45:00,13,3,23,18,13,0,15
2026-01-12 14:00:00,15,5,17,30,14,0,3
2026-01-12 14:15:00,3,4,18,20,14,0,1
2026-01-12 14:30:00,1,2,15,8,14,0,8
2026-01-12 14:45:00,8,4,19,16,14,0,8
2026-01-12 15:00:00,8,3,19,12,15,0,11
2026-01-12 15:15:00,11,5,16,30,15,0,1
2026-01-12 15:30:00,1,2,19,10,15,0,10
2026-01-12 15:45:00,10,2,14,8,15,0,15
2026-01-12 16:00:00,15,3,22,15,16,0,25
2026-01-12 16:15:00,25,5,16,25,16,0,14
2026-01-12 16:30:00,14,3,17,18,16,0,14
2026-01-12 16:45:00,14,3,18,18,16,0,12
2026-01-12 17:00:00,12,3,15,12,17,0,14
2026-01-12 17:15:00,14,5,12,25,17,0,3
2026-01-12 17:30:00,3,4,8,20,17,0,1
2026-01-12 17:45:00,1,4,8,24,17,0,1
2026-01-12 18:00:00,1,4,16,24,18,0,1
2026-01-12 18:15:00,1,5,12,20,18,0,1
2026-01-12 18:30:00,1,2,16,8,18,0,9
2026-01-12 18:45:00,9,2,17,10,18,0,14
2026-01-12 19:00:00,14,2,14,12,19,0,14
2026-01-12 19:15:00,14,2,17,14,19,0,15
2026-01-12 19:30:00,15,4,3,24,19,0,1
2026-01-12 19:45:00,1,4,17,16,19,0,1
2026-01-12 20:00:00,1,4,14,24,20,0,1
2026-01-12 20:15:00,1,3,8,18,20,0,1
2026-01-12 20:30:00,1,5,4,25,20,0,1
2026-01-12 20:45:00,1,2,15,12,20,0,2
2026-01-12 21:00:00,2,3,3,21,21,0,1
2026-01-12 21:15:00,1,4,7,24,21,0,1
2026-01-12 21:30:00,1,4,3,24,21,0,1
2026-01-12 21:45:00,1,5,11,25,21,0,1
2026-01-12 22:00:00,1,3,4,18,22,0,1
2026-01-12 22:15:00,1,2,14,14,22,0,1
2026-01-12 22:30:00,1,2,12,12,22,0,4
2026-01-12 22:45:00,4,3,7,18,22,0,1
2026-01-12 23:00:00,1,5,2,35,23,0,1
2026-01-12 23:15:00,1,3,13,18,23,0,1
2026-01-12 23:30:00,1,2,9,12,23,0,1
2026-01-12 23:45:00,1,3,14,18,23,0,1
2026-01-13 00:00:00,1,3,5,18,0,1,1
2026-01-13 00:15:00,1,5,11,30,0,1,1
2026-01-13 00:30:00,1,5,12,30,0,1,1
2026-01-13 00:45:00,1,3,12,12,0,1,4
2026-01-13 01:00:00,4,3,11,21,1,1,1
2026-01-13 01:15:00,1,2,12,10,1,1,1
2026-01-13 01:30:00,1,2,4,14,1,1,1
2026-01-13 01:45:00,1,2,5,10,1,1,1
2026-01-13 02:00:00,1,5,10,25,2,1,1
2026-01-13 02:15:00,1,3,7,21,2,1,1
2026-01-13 02:30:00,1,2,7,10,2,1,1
2026-01-13 02:45:00,1,5,8,30,2,1,1
2026-01-13 03:00:00,1,5,4,35,3,1,1
2026-01-13 03:15:00,1,4,6,16,3,1,1
2026-01-13 03:30:00,1,2,9,12,3,1,1
2026-01-13 03:45:00,1,3,5,12,3,1,1
2026-01-13 04:00:00,1,5,2,25,4,1,1
2026-01-13 04:15:00,1,5,4,20,4,1,1
2026-01-13 04:30:00,1,5,9,20,4,1,1
2026-01-13 04:45:00,1,2,9,8,4,1,2
2026-01-13 05:00:00,2,4,10,24,5,1,1
2026-01-13 05:15:00,1,5,11,30,5,1,1
2026-01-13 05:30:00,1,3,8,21,5,1,1
2026-01-13 05:45:00,1,3,13,12,5,1,1
2026-01-13 06:00:00,1,5,5,20,6,1,1
2026-01-13 06:15:00,1,5,5,30,6,1,1
2026-01-13 06:30:00,1,4,12,24,6,1,1
2026-01-13 06:45:00,1,3,3,15,6,1,1
2026-01-13 07:00:00,1,4,13,28,7,1,1
2026-01-13 07:15:00,1,3,11,18,7,1,1
2026-01-13 07:30:00,1,2,0,8,7,1,1
2026-01-13 07:45:00,1,4,3,16,7,1,1
2026-01-13 08:00:00,1,4,6,24,8,1,1
2026-01-13 08:15:00,1,2,8,10,8,1,1
2026-01-13 08:30:00,1,3,14,12,8,1,3
2026-01-13 08:45:00,3,2,5,14,8,1,1
2026-01-13 09:00:00,1,4,16,16,9,1,3
2026-01-13 09:15:00,3,4,17,28,9,1,1
2026-01-13 09:30:00,1,2,25,12,9,1,16
2026-01-13 09:45:00,16,3,20,18,9,1,20
2026-01-13 10:00:00,20,5,16,20,10,1,16
2026-01-13 10:15:00,16,2,19,8,10,1,23
2026-01-13 10:30:00,23,5,19,35,10,1,7
2026-01-13 10:45:00,7,5,31,20,10,1,16
2026-01-13 11:00:00,16,4,21,24,11,1,11
2026-01-13 11:15:00,11,4,23,24,11,1,7
2026-01-13 11:30:00,7,5,20,25,11,1,1
2026-01-13 11:45:00,1,3,17,21,11,1,1
2026-01-13 12:00:00,1,5,27,30,12,1,1
2026-01-13 12:15:00,1,2,18,14,12,1,9
2026-01-13 12:30:00,9,4,23,24,12,1,11
2026-01-13 12:45:00,11,2,19,8,12,1,21
2026-01-13 13:00:00,21,3,13,21,13,1,15
2026-01-13 13:15:00,15,3,23,15,13,1,21
2026-01-13 13:30:00,21,4,20,16,13,1,24
2026-01-13 13:45:00,24,4,18,16,13,1,24
2026-01-13 14:00:00,24,4,15,16,14,1,22
2026-01-13 14:15:00,22,3,12,21,14,1,13
2026-01-13 14:30:00,13,4,13,20,14,1,2
2026-01-13 14:45:00,2,3,17,18,14,1,2
2026-01-13 15:00:00,2,5,15,25,15,1,1
2026-01-13 15:15:00,1,3,18,12,15,1,8
2026-01-13 15:30:00,8,4,17,28,15,1,1
2026-01-13 15:45:00,1,5,10,20,15,1,1
2026-01-13 16:00:00,1,3,16,21,16,1,1
2026-01-13 16:15:00,1,3,14,21,16,1,1
2026-01-13 16:30:00,1,2,26,8,16,1,21
2026-01-13 16:45:00,21,4,10,28,16,1,4
2026-01-13 17:00:00,4,4,11,28,17,1,1
2026-01-13 17:15:00,1,5,14,20,17,1,1
2026-01-13 17:30:00,1,4,14,24,17,1,1
2026-01-13 17:45:00,1,5,11,25,17,1,1
2026-01-13 18:00:00,1,5,17,25,18,1,1
2026-01-13 18:15:00,1,5,14,35,18,1,1
2026-01-13 18:30:00,1,2,16,12,18,1,6
2026-01-13 18:45:00,6,5,17,35,18,1,1
2026-01-13 19:00:00,1,4,16,20,19,1,1
2026-01-13 19:15:00,1,2,15,10,19,1,6
2026-01-13 19:30:00,6,4,12,20,19,1,1
2026-01-13 19:45:00,1,3,9,15,19,1,1
2026-01-13 20:00:00,1,5,12,25,20,1,1
2026-01-13 20:15:00,1,4,7,24,20,1,1
2026-01-13 20:30:00,1,3,10,21,20,1,1
2026-01-13 20:45:00,1,3,13,15,20,1,1
2026-01-13 21:00:00,1,2,10,12,21,1,1
2026-01-13 21:15:00,1,5,2,30,21,1,1
2026-01-13 21:30:00,1,5,18,30,21,1,1
2026-01-13 21:45:00,1,2,13,10,21,1,7
2026-01-13 22:00:00,7,3,9,12,22,1,2
2026-01-13 22:15:00,2,4,2,20,22,1,1
2026-01-13 22:30:00,1,4,8,24,22,1,1
2026-01-13 22:45:00,1,4,6,24,22,1,1
2026-01-13 23:00:00,1,2,8,8,23,1,1
2026-01-13 23:15:00,1,4,0,20,23,1,1
2026-01-13 23:30:00,1,2,9,12,23,1,1
2026-01-13 23:45:00,1,2,9,12,23,1,1
2026-01-14 00:00:00,1,2,9,8,0,2,4
2026-01-14 00:15:00,4,2,17,10,0,2,12
2026-01-14 00:30:00,12,5,7,20,0,2,1
2026-01-14 00:45:00,1,2,2,12,0,2,1
2026-01-14 01:00:00,1,3,12,18,1,2,1
2026-01-14 01:15:00,1,4,4,16,1,2,1
2026-01-14 01:30:00,1,2,7,14,1,2,1
2026-01-14 01:45:00,1,5,9,35,1,2,1
2026-01-14 02:00:00,1,2,5,8,2,2,1
2026-01-14 02:15:00,1,4,11,16,2,2,1
2026-01-14 02:30:00,1,4,12,16,2,2,1
2026-01-14 02:45:00,1,4,5,24,2,2,1
2026-01-14 03:00:00,1,5,9,35,3,2,1
2026-01-14 03:15:00,1,4,2,20,3,2,1
2026-01-14 03:30:00,1,3,11,21,3,2,1
2026-01-14 03:45:00,1,4,6,16,3,2,1
2026-01-14 04:00:00,1,2,10,10,4,2,1
2026-01-14 04:15:00,1,3,9,18,4,2,1
2026-01-14 04:30:00,1,2,14,10,4,2,1
2026-01-14 04:45:00,1,5,9,35,4,2,1
2026-01-14 05:00:00,1,3,5,21,5,2,1
2026-01-14 05:15:00,1,4,14,24,5,2,1
2026-01-14 05:30:00,1,4,1,20,5,2,1
2026-01-14 05:45:00,1,2,4,12,5,2,1
2026-01-14 06:00:00,1,3,17,21,6,2,1
2026-01-14 06:15:00,1,5,13,30,6,2,1
2026-01-14 06:30:00,1,2,12,8,6,2,2
2026-01-14 06:45:00,2,5,11,20,6,2,1
2026-01-14 07:00:00,1,2,4,10,7,2,1
2026-01-14 07:15:00,1,2,16,10,7,2,4
2026-01-14 07:30:00,4,3,1,15,7,2,1
2026-01-14 07:45:00,1,5,9,30,7,2,1
2026-01-14 08:00:00,1,5,8,30,8,2,1
2026-01-14 08:15:00,1,2,12,14,8,2,3
2026-01-14 08:30:00,3,5,12,20,8,2,1
2026-01-14 08:45:00,1,3,12,12,8,2,1
2026-01-14 09:00:00,1,5,19,25,9,2,1
2026-01-14 09:15:00,1,4,21,16,9,2,7
2026-01-14 09:30:00,7,4,17,20,9,2,2
2026-01-14 09:45:00,2,3,23,12,9,2,9
2026-01-14 10:00:00,9,5,28,30,10,2,4
2026-01-14 10:15:00,4,5,15,35,10,2,1
2026-01-14 10:30:00,1,4,25,28,10,2,1
2026-01-14 10:45:00,1,2,26,10,10,2,19
2026-01-14 11:00:00,19,3,30,18,11,2,28
2026-01-14 11:15:00,28,3,22,12,11,2,38
2026-01-14 11:30:00,38,5,17,30,11,2,27
2026-01-14 11:45:00,27,4,19,16,11,2,30
2026-01-14 12:00:00,30,3,29,21,12,2,38
2026-01-14 12:15:00,38,3,24,15,12,2,48
2026-01-14 12:30:00,48,5,15,35,12,2,27
2026-01-14 12:45:00,27,3,23,15,12,2,35
2026-01-14 13:00:00,35,2,20,12,13,2,44
2026-01-14 13:15:00,44,2,17,8,13,2,53
2026-01-14 13:30:00,53,4,22,28,13,2,48
2026-01-14 13:45:00,48,3,18,18,13,2,45
2026-01-14 14:00:00,45,5,25,20,14,2,48
2026-01-14 14:15:00,48,4,15,20,14,2,40
2026-01-14 14:30:00,40,5,20,20,14,2,38
2026-01-14 14:45:00,38,4,23,24,14,2,35
2026-01-14 15:00:00,35,3,16,21,15,2,30
2026-01-14 15:15:00,30,2,11,14,15,2,24
2026-01-14 15:30:00,24,5,14,25,15,2,12
2026-01-14 15:45:00,12,3,21,12,15,2,19
2026-01-14 16:00:00,19,4,21,20,16,2,19
2026-01-14 16:15:00,19,5,15,25,16,2,9
2026-01-14 16:30:00,9,2,18,12,16,2,15
2026-01-14 16:45:00,15,3,26,18,16,2,23
2026-01-14 17:00:00,23,4,13,24,17,2,10
2026-01-14 17:15:00,10,5,14,30,17,2,1
2026-01-14 17:30:00,1,5,17,35,17,2,1
2026-01-14 17:45:00,1,2,18,8,17,2,10
2026-01-14 18:00:00,10,5,19,25,18,2,5
2026-01-14 18:15:00,5,3,17,12,18,2,9
2026-01-14 18:30:00,9,4,15,28,18,2,1
2026-01-14 18:45:00,1,2,13,12,18,2,4
2026-01-14 19:00:00,4,3,15,18,19,2,3
2026-01-14 19:15:00,3,4,15,16,19,2,5
2026-01-14 19:30:00,5,5,20,30,19,2,1
2026-01-14 19:45:00,1,5,12,25,19,2,1
2026-01-14 20:00:00,1,4,13,24,20,2,1
2026-01-14 20:15:00,1,4,10,20,20,2,1
2026-01-14 20:30:00,1,4,12,24,20,2,1
2026-01-14 20:45:00,1,5,9,30,20,2,1
2026-01-14 21:00:00,1,4,5,16,21,2,1
2026-01-14 21:15:00,1,5,12,20,21,2,1
2026-01-14 21:30:00,1,3,10,18,21,2,1
2026-01-14 21:45:00,1,3,3,15,21,2,1
2026-01-14 22:00:00,1,4,13,28,22,2,1
2026-01-14 22:15:00,1,5,4,30,22,2,1
2026-01-14 22:30:00,1,3,8,12,22,2,1
2026-01-14 22:45:00,1,2,2,8,22,2,1
2026-01-14 23:00:00,1,5,6,25,23,2,1
2026-01-14 23:15:00,1,2,5,14,23,2,1
2026-01-14 23:30:00,1,2,12,12,23,2,1
2026-01-14 23:45:00,1,4,12,16,23,2,1
2026-01-15 00:00:00,1,5,12,30,0,3,1
2026-01-15 00:15:00,1,2,3,12,0,3,1
2026-01-15 00:30:00,1,3,6,18,0,3,1
2026-01-15 00:45:00,1,2,9,12,0,3,1
2026-01-15 01:00:00,1,5,5,20,1,3,1
2026-01-15 01:15:00,1,5,4,20,1,3,1
2026-01-15 01:30:00,1,5,6,35,1,3,1
2026-01-15 01:45:00,1,3,8,15,1,3,1
2026-01-15 02:00:00,1,4,6,16,2,3,1
2026-01-15 02:15:00,1,4,13,20,2,3,1
2026-01-15 02:30:00,1,5,10,25,2,3,1
2026-01-15 02:45:00,1,3,9,12,2,3,1
2026-01-15 03:00:00,1,4,5,24,3,3,1
2026-01-15 03:15:00,1,4,3,20,3,3,1
2026-01-15 03:30:00,1,3,13,21,3,3,1
2026-01-15 03:45:00,1,5,4,35,3,3,1
2026-01-15 04:00:00,1,4,1,20,4,3,1
2026-01-15 04:15:00,1,5,12,25,4,3,1
2026-01-15 04:30:00,1,3,0,12,4,3,1
2026-01-15 04:45:00,1,3,4,18,4,3,1
2026-01-15 05:00:00,1,3,10,18,5,3,1
2026-01-15 05:15:00,1,5,5,25,5,3,1
2026-01-15 05:30:00,1,2,9,8,5,3,4
2026-01-15 05:45:00,4,2,8,10,5,3,2
2026-01-15 06:00:00,2,2,9,14,6,3,1
2026-01-15 06:15:00,1,4,6,20,6,3,1
2026-01-15 06:30:00,1,3,3,21,6,3,1
2026-01-15 06:45:00,1,3,10,15,6,3,1
2026-01-15 07:00:00,1,3,9,15,7,3,1
2026-01-15 07:15:00,1,3,12,18,7,3,1
2026-01-15 07:30:00,1,3,5,15,7,3,1
2026-01-15 07:45:00,1,3,6,12,7,3,1
2026-01-15 08:00:00,1,2,7,12,8,3,1
2026-01-15 08:15:00,1,2,11,10,8,3,1
2026-01-15 08:30:00,1,4,7,20,8,3,1
2026-01-15 08:45:00,1,3,14,18,8,3,1
2026-01-15 09:00:00,1,3,16,12,9,3,5
2026-01-15 09:15:00,5,3,22,18,9,3,10
2026-01-15 09:30:00,10,3,20,21,9,3,7
2026-01-15 09:45:00,7,4,15,20,9,3,4
2026-01-15 10:00:00,4,3,25,21,10,3,8
2026-01-15 10:15:00,8,4,19,24,10,3,2
2026-01-15 10:30:00,2,5,24,35,10,3,1
2026-01-15 10:45:00,1,4,17,28,10,3,1
2026-01-15 11:00:00,1,3,20,15,11,3,3
2026-01-15 11:15:00,3,4,19,28,11,3,1
2026-01-15 11:30:00,1,2,19,14,11,3,5
2026-01-15 11:45:00,5,2,18,14,11,3,6
2026-01-15 12:00:00,6,2,19,14,12,3,9
2026-01-15 12:15:00,9,2,16,14,12,3,10
2026-01-15 12:30:00,10,4,22,16,12,3,19
2026-01-15 12:45:00,19,3,27,15,12,3,35
2026-01-15 13:00:00,35,2,13,8,13,3,37
2026-01-15 13:15:00,37,5,19,35,13,3,20
2026-01-15 13:30:00,20,2,21,8,13,3,33
2026-01-15 13:45:00,33,2,17,12,13,3,34
2026-01-15 14:00:00,34,2,19,10,14,3,43
2026-01-15 14:15:00,43,3,19,21,14,3,40
2026-01-15 14:30:00,40,3,9,18,14,3,30
2026-01-15 14:45:00,30,2,24,14,14,3,40
2026-01-15 15:00:00,40,4,14,20,15,3,30
2026-01-15 15:15:00,30,2,22,10,15,3,40
2026-01-15 15:30:00,40,5,23,35,15,3,29
2026-01-15 15:45:00,29,2,16,8,15,3,39
2026-01-15 16:00:00,39,3,24,21,16,3,40
2026-01-15 16:15:00,40,5,15,35,16,3,22
2026-01-15 16:30:00,22,4,20,20,16,3,20
2026-01-15 16:45:00,20,3,15,12,16,3,21
2026-01-15 17:00:00,21,5,9,35,17,3,1
2026-01-15 17:15:00,1,5,11,25,17,3,1
2026-01-15 17:30:00,1,5,22,25,17,3,1
2026-01-15 17:45:00,1,5,10,35,17,3,1
2026-01-15 18:00:00,1,5,18,25,18,3,1
2026-01-15 18:15:00,1,4,16,24,18,3,1
2026-01-15 18:30:00,1,5,18,25,18,3,1
2026-01-15 18:45:00,1,2,7,10,18,3,1
2026-01-15 19:00:00,1,4,13,20,19,3,1
2026-01-15 19:15:00,1,4,8,28,19,3,1
2026-01-15 19:30:00,1,4,13,16,19,3,1
2026-01-15 19:45:00,1,4,15,16,19,3,1
2026-01-15 20:00:00,1,3,7,12,20,3,1
2026-01-15 20:15:00,1,4,10,24,20,3,1
2026-01-15 20:30:00,1,2,6,14,20,3,1
2026-01-15 20:45:00,1,5,11,25,20,3,1
2026-01-15 21:00:00,1,3,6,18,21,3,1
2026-01-15 21:15:00,1,5,10,30,21,3,1
2026-01-15 21:30:00,1,3,6,18,21,3,1
2026-01-15 21:45:00,1,5,18,25,21,3,1
2026-01-15 22:00:00,1,3,7,12,22,3,1
2026-01-15 22:15:00,1,3,9,15,22,3,1
2026-01-15 22:30:00,1,4,11,16,22,3,1
2026-01-15 22:45:00,1,5,8,25,22,3,1
2026-01-15 23:00:00,1,3,9,12,23,3,1
2026-01-15 23:15:00,1,2,6,10,23,3,1
2026-01-15 23:30:00,1,3,16,15,23,3,1
2026-01-15 23:45:00,1,3,10,15,23,3,1
2026-01-16 00:00:00,1,3,0,15,0,4,1
2026-01-16 00:15:00,1,5,8,25,0,4,1
2026-01-16 00:30:00,1,5,15,30,0,4,1
2026-01-16 00:45:00,1,3,18,18,0,4,1
2026-01-16 01:00:00,1,5,0,35,1,4,1
2026-01-16 01:15:00,1,3,6,12,1,4,1
2026-01-16 01:30:00,1,3,5,12,1,4,1
2026-01-16 01:45:00,1,3,13,18,1,4,1
2026-01-16 02:00:00,1,4,6,24,2,4,1
2026-01-16 02:15:00,1,3,15,15,2,4,4
2026-01-16 02:30:00,4,5,6,20,2,4,1
2026-01-16 02:45:00,1,4,9,20,2,4,1
2026-01-16 03:00:00,1,5,15,25,3,4,1
2026-01-16 03:15:00,1,4,6,20,3,4,1
2026-01-16 03:30:00,1,2,5,14,3,4,1
2026-01-16 03:45:00,1,2,12,10,3,4,2
2026-01-16 04:00:00,2,2,2,12,4,4,1
2026-01-16 04:15:00,1,3,9,18,4,4,1
2026-01-16 04:30:00,1,3,8,21,4,4,1
2026-01-16 04:45:00,1,3,9,15,4,4,1
2026-01-16 05:00:00,1,5,4,25,5,4,1
2026-01-16 05:15:00,1,2,6,8,5,4,1
2026-01-16 05:30:00,1,2,11,8,5,4,4
2026-01-16 05:45:00,4,3,7,21,5,4,1
2026-01-16 06:00:00,1,5,9,30,6,4,1
2026-01-16 06:15:00,1,2,5,10,6,4,1
2026-01-16 06:30:00,1,3,2,12,6,4,1
2026-01-16 06:45:00,1,5,8,20,6,4,1
2026-01-16 07:00:00,1,5,7,25,7,4,1
2026-01-16 07:15:00,1,5,7,30,7,4,1
2026-01-16 07:30:00,1,5,14,20,7,4,1
2026-01-16 07:45:00,1,3,9,21,7,4,1
2026-01-16 08:00:00,1,2,13,10,8,4,3
2026-01-16 08:15:00,3,3,9,18,8,4,1
2026-01-16 08:30:00,1,2,8,12,8,4,1
2026-01-16 08:45:00,1,5,13,30,8,4,1
2026-01-16 09:00:00,1,3,23,18,9,4,4
2026-01-16 09:15:00,4,4,20,20,9,4,2
2026-01-16 09:30:00,2,2,26,12,9,4,17
2026-01-16 09:45:00,17,4,25,16,9,4,25
2026-01-16 10:00:00,25,4,20,20,10,4,25
2026-01-16 10:15:00,25,2,18,10,10,4,30
2026-01-16 10:30:00,30,2,27,10,10,4,43
2026-01-16 10:45:00,43,5,17,35,10,4,26
2026-01-16 11:00:00,26,4,20,28,11,4,14
2026-01-16 11:15:00,14,4,16,28,11,4,1
2026-01-16 11:30:00,1,4,24,20,11,4,5
2026-01-16 11:45:00,5,3,27,21,11,4,13
2026-01-16 12:00:00,13,4,18,24,12,4,10
2026-01-16 12:15:00,10,4,19,24,12,4,5
2026-01-16 12:30:00,5,3,20,18,12,4,7
2026-01-16 12:45:00,7,5,22,20,12,4,9
2026-01-16 13:00:00,9,5,19,35,13,4,1
2026-01-16 13:15:00,1,5,8,30,13,4,1
2026-01-16 13:30:00,1,2,15,10,13,4,6
2026-01-16 13:45:00,6,4,14,16,13,4,3
2026-01-16 14:00:00,3,4,21,20,14,4,3
2026-01-16 14:15:00,3,4,18,24,14,4,1
2026-01-16 14:30:00,1,4,18,16,14,4,3
2026-01-16 14:45:00,3,3,22,12,14,4,12
2026-01-16 15:00:00,12,5,16,35,15,4,1
2026-01-16 15:15:00,1,4,17,16,15,4,5
2026-01-16 15:30:00,5,3,16,15,15,4,4
2026-01-16 15:45:00,4,2,12,10,15,4,5
2026-01-16 16:00:00,5,5,25,35,16,4,1
2026-01-16 16:15:00,1,2,14,10,16,4,6
2026-01-16 16:30:00,6,4,16,28,16,4,1
2026-01-16 16:45:00,1,4,12,24,16,4,1
2026-01-16 17:00:00,1,2,16,12,17,4,5
2026-01-16 17:15:00,5,3,8,18,17,4,1
2026-01-16 17:30:00,1,4,19,28,17,4,1
2026-01-16 17:45:00,1,5,15,25,17,4,1
2026-01-16 18:00:00,1,3,15,12,18,4,1
2026-01-16 18:15:00,1,2,12,8,18,4,1
2026-01-16 18:30:00,1,2,15,14,18,4,1
2026-01-16 18:45:00,1,3,14,12,18,4,1
2026-01-16 19:00:00,1,2,11,10,19,4,1
2026-01-16 19:15:00,1,2,14,8,19,4,7
2026-01-16 19:30:00,7,2,15,12,19,4,11
2026-01-16 19:45:00,11,5,13,30,19,4,1
2026-01-16 20:00:00,1,2,10,12,20,4,1
2026-01-16 20:15:00,1,3,4,12,20,4,1
2026-01-16 20:30:00,1,5,8,20,20,4,1
2026-01-16 20:45:00,1,3,9,12,20,4,1
2026-01-16 21:00:00,1,5,10,25,21,4,1
2026-01-16 21:15:00,1,4,14,24,21,4,1
2026-01-16 21:30:00,1,5,2,20,21,4,1
2026-01-16 21:45:00,1,2,8,12,21,4,1
2026-01-16 22:00:00,1,5,1,35,22,4,1
2026-01-16 22:15:00,1,2,5,10,22,4,1
2026-01-16 22:30:00,1,3,9,21,22,4,1
2026-01-16 22:45:00,1,3,9,18,22,4,1
2026-01-16 23:00:00,1,5,9,35,23,4,1
2026-01-16 23:15:00,1,4,15,28,23,4,1
2026-01-16 23:30:00,1,4,8,16,23,4,1
2026-01-16 23:45:00,1,4,7,24,23,4,1
2026-01-17 00:00:00,1,5,9,35,0,5,1
2026-01-17 00:15:00,1,4,0,20,0,5,1
2026-01-17 00:30:00,1,5,1,20,0,5,1
2026-01-17 00:45:00,1,2,0,12,0,5,1
2026-01-17 01:00:00,1,3,0,15,1,5,1
2026-01-17 01:15:00,1,3,0,21,1,5,1
2026-01-17 01:30:00,1,5,10,30,1,5,1
2026-01-17 01:45:00,1,3,7,15,1,5,1
2026-01-17 02:00:00,1,3,12,15,2,5,1
2026-01-17 02:15:00,1,4,5,24,2,5,1
2026-01-17 02:30:00,1,5,10,25,2,5,1
2026-01-17 02:45:00,1,2,4,14,2,5,1
2026-01-17 03:00:00,1,3,4,12,3,5,1
2026-01-17 03:15:00,1,5,3,25,3,5,1
2026-01-17 03:30:00,1,5,3,35,3,5,1
2026-01-17 03:45:00,1,5,1,20,3,5,1
2026-01-17 04:00:00,1,3,7,12,4,5,1
2026-01-17 04:15:00,1,5,11,20,4,5,1
2026-01-17 04:30:00,1,2,6,8,4,5,1
2026-01-17 04:45:00,1,4,0,24,4,5,1
2026-01-17 05:00:00,1,4,2,24,5,5,1
2026-01-17 05:15:00,1,5,4,20,5,5,1
2026-01-17 05:30:00,1,5,8,20,5,5,1
2026-01-17 05:45:00,1,2,7,12,5,5,1
2026-01-17 06:00:00,1,4,0,20,6,5,1
2026-01-17 06:15:00,1,3,6,21,6,5,1
2026-01-17 06:30:00,1,4,3,16,6,5,1
2026-01-17 06:45:00,1,2,0,12,6,5,1
2026-01-17 07:00:00,1,3,0,21,7,5,1
2026-01-17 07:15:00,1,2,1,8,7,5,1
2026-01-17 07:30:00,1,4,7,20,7,5,1
2026-01-17 07:45:00,1,3,8,21,7,5,1
2026-01-17 08:00:00,1,2,7,14,8,5,1
2026-01-17 08:15:00,1,3,13,15,8,5,1
2026-01-17 08:30:00,1,3,3,15,8,5,1
2026-01-17 08:45:00,1,4,5,28,8,5,1
2026-01-17 09:00:00,1,5,13,35,9,5,1
2026-01-17 09:15:00,1,3,15,15,9,5,1
2026-01-17 09:30:00,1,4,8,16,9,5,1
2026-01-17 09:45:00,1,2,21,14,9,5,8
2026-01-17 10:00:00,8,3,15,12,10,5,11
2026-01-17 10:15:00,11,3,16,12,10,5,13
2026-01-17 10:30:00,13,4,18,28,10,5,4
2026-01-17 10:45:00,4,2,15,14,10,5,5
2026-01-17 11:00:00,5,4,21,24,11,5,1
2026-01-17 11:15:00,1,2,19,10,11,5,9
2026-01-17 11:30:00,9,2,22,12,11,5,20
2026-01-17 11:45:00,20,4,23,24,11,5,21
2026-01-17 12:00:00,21,4,17,24,12,5,15
2026-01-17 12:15:00,15,5,22,20,12,5,16
2026-01-17 12:30:00,16,3,15,15,12,5,15
2026-01-17 12:45:00,15,3,21,15,12,5,20
2026-01-17 13:00:00,20,2,16,12,13,5,20
2026-01-17 13:15:00,20,3,14,12,13,5,22
2026-01-17 13:30:00,22,2,20,10,13,5,29
2026-01-17 13:45:00,29,5,11,20,13,5,21
2026-01-17 14:00:00,21,2,16,14,14,5,21
2026-01-17 14:15:00,21,4,19,16,14,5,24
2026-01-17 14:30:00,24,2,7,10,14,5,16
2026-01-17 14:45:00,16,3,18,15,14,5,20
2026-01-17 15:00:00,20,4,19,28,15,5,10
2026-01-17 15:15:00,10,5,16,25,15,5,1
2026-01-17 15:30:00,1,5,17,35,15,5,1
2026-01-17 15:45:00,1,2,14,8,15,5,9
2026-01-17 16:00:00,9,3,11,15,16,5,5
2026-01-17 16:15:00,5,5,9,20,16,5,1
2026-01-17 16:30:00,1,5,19,25,16,5,1
2026-01-17 16:45:00,1,3,15,12,16,5,2
2026-01-17 17:00:00,2,4,7,24,17,5,1
2026-01-17 17:15:00,1,5,14,35,17,5,1
2026-01-17 17:30:00,1,4,15,20,17,5,1
2026-01-17 17:45:00,1,3,8,15,17,5,1
2026-01-17 18:00:00,1,2,15,12,18,5,4
2026-01-17 18:15:00,4,3,7,12,18,5,1
2026-01-17 18:30:00,1,3,13,12,18,5,4
2026-01-17 18:45:00,4,4,14,20,18,5,1
2026-01-17 19:00:00,1,2,10,8,19,5,4
2026-01-17 19:15:00,4,5,12,20,19,5,1
2026-01-17 19:30:00,1,3,7,18,19,5,1
2026-01-17 19:45:00,1,5,9,20,19,5,1
2026-01-17 20:00:00,1,5,7,35,20,5,1
2026-01-17 20:15:00,1,5,1,30,20,5,1
2026-01-17 20:30:00,1,4,9,20,20,5,1
2026-01-17 20:45:00,1,4,3,16,20,5,1
2026-01-17 21:00:00,1,4,2,24,21,5,1
2026-01-17 21:15:00,1,4,7,16,21,5,1
2026-01-17 21:30:00,1,4,8,28,21,5,1
2026-01-17 21:45:00,1,5,5,35,21,5,1
2026-01-17 22:00:00,1,5,1,30,22,5,1
2026-01-17 22:15:00,1,2,3,12,22,5,1
2026-01-17 22:30:00,1,2,5,8,22,5,1
2026-01-17 22:45:00,1,2,1,14,22,5,1
2026-01-17 23:00:00,1,2,4,10,23,5,1
2026-01-17 23:15:00,1,5,13,35,23,5,1
2026-01-17 23:30:00,1,3,0,15,23,5,1
2026-01-17 23:45:00,1,4,9,24,23,5,1
2026-01-18 00:00:00,1,3,8,15,0,6,1
2026-01-18 00:15:00,1,5,1,25,0,6,1
2026-01-18 00:30:00,1,2,6,10,0,6,1
2026-01-18 00:45:00,1,4,12,20,0,6,1
2026-01-18 01:00:00,1,2,0,10,1,6,1
2026-01-18 01:15:00,1,2,6,8,1,6,1
2026-01-18 01:30:00,1,2,5,10,1,6,1
2026-01-18 01:45:00,1,3,6,12,1,6,1
2026-01-18 02:00:00,1,2,9,12,2,6,1
2026-01-18 02:15:00,1,2,11,8,2,6,1
2026-01-18 02:30:00,1,3,3,18,2,6,1
2026-01-18 02:45:00,1,5,12,25,2,6,1
2026-01-18 03:00:00,1,2,9,8,3,6,1
2026-01-18 03:15:00,1,3,3,12,3,6,1
2026-01-18 03:30:00,1,3,11,12,3,6,1
2026-01-18 03:45:00,1,3,3,15,3,6,1
2026-01-18 04:00:00,1,2,9,8,4,6,1
2026-01-18 04:15:00,1,3,4,18,4,6,1
2026-01-18 04:30:00,1,2,1,12,4,6,1
2026-01-18 04:45:00,1,2,4,14,4,6,1
2026-01-18 05:00:00,1,3,6,21,5,6,1
2026-01-18 05:15:00,1,3,10,15,5,6,1
2026-01-18 05:30:00,1,4,10,24,5,6,1
2026-01-18 05:45:00,1,4,11,24,5,6,1
2026-01-18 06:00:00,1,2,8,12,6,6,1
2026-01-18 06:15:00,1,2,11,10,6,6,1
2026-01-18 06:30:00,1,3,7,21,6,6,1
2026-01-18 06:45:00,1,4,12,20,6,6,1
2026-01-18 07:00:00,1,5,1,35,7,6,1
2026-01-18 07:15:00,1,4,3,16,7,6,1
2026-01-18 07:30:00,1,2,6,12,7,6,1
2026-01-18 07:45:00,1,4,4,28,7,6,1
2026-01-18 08:00:00,1,3,6,18,8,6,1
2026-01-18 08:15:00,1,4,5,28,8,6,1
2026-01-18 08:30:00,1,4,4,16,8,6,1
2026-01-18 08:45:00,1,3,8,21,8,6,1
2026-01-18 09:00:00,1,5,15,20,9,6,1
2026-01-18 09:15:00,1,3,16,18,9,6,1
2026-01-18 09:30:00,1,4,19,16,9,6,5
2026-01-18 09:45:00,5,3,12,15,9,6,1
2026-01-18 10:00:00,1,3,9,15,10,6,1
2026-01-18 10:15:00,1,4,24,16,10,6,8
2026-01-18 10:30:00,8,4,12,20,10,6,1
2026-01-18 10:45:00,1,3,19,15,10,6,4
2026-01-18 11:00:00,4,4,18,20,11,6,3
2026-01-18 11:15:00,3,4,13,28,11,6,1
2026-01-18 11:30:00,1,2,18,10,11,6,7
2026-01-18 11:45:00,7,4,15,28,11,6,1
2026-01-18 12:00:00,1,4,20,20,12,6,1
2026-01-18 12:15:00,1,4,20,20,12,6,1
2026-01-18 12:30:00,1,4,20,20,12,6,1
2026-01-18 12:45:00,1,3,12,21,12,6,1
2026-01-18 13:00:00,1,4,17,16,13,6,4
2026-01-18 13:15:00,4,5,10,35,13,6,1
2026-01-18 13:30:00,1,4,20,20,13,6,1
2026-01-18 13:45:00,1,3,12,18,13,6,1
2026-01-18 14:00:00,1,4,9,28,14,6,1
2026-01-18 14:15:00,1,4,9,20,14,6,1
2026-01-18 14:30:00,1,3,18,12,14,6,8
2026-01-18 14:45:00,8,2,16,14,14,6,8
2026-01-18 15:00:00,8,3,15,15,15,6,7
2026-01-18 15:15:00,7,2,20,8,15,6,17
2026-01-18 15:30:00,17,3,17,18,15,6,15
2026-01-18 15:45:00,15,2,14,8,15,6,24
2026-01-18 16:00:00,24,3,12,18,16,6,19
2026-01-18 16:15:00,19,4,13,16,16,6,17
2026-01-18 16:30:00,17,3,24,15,16,6,28
2026-01-18 16:45:00,28,4,15,20,16,6,22
2026-01-18 17:00:00,22,2,16,14,17,6,25
2026-01-18 17:15:00,25,4,3,16,17,6,16
2026-01-18 17:30:00,16,3,12,12,17,6,15
2026-01-18 17:45:00,15,2,11,12,17,6,17
2026-01-18 18:00:00,17,2,7,12,18,6,12
2026-01-18 18:15:00,12,4,7,24,18,6,1
2026-01-18 18:30:00,1,3,8,18,18,6,1
2026-01-18 18:45:00,1,4,15,28,18,6,1
2026-01-18 19:00:00,1,5,12,35,19,6,1
2026-01-18 19:15:00,1,3,9,21,19,6,1
2026-01-18 19:30:00,1,5,8,20,19,6,1
2026-01-18 19:45:00,1,2,14,14,19,6,1
2026-01-18 20:00:00,1,2,3,14,20,6,1
2026-01-18 20:15:00,1,5,10,20,20,6,1
2026-01-18 20:30:00,1,2,0,10,20,6,1
2026-01-18 20:45:00,1,5,7,30,20,6,1
2026-01-18 21:00:00,1,3,1,12,21,6,1
2026-01-18 21:15:00,1,2,4,8,21,6,1
2026-01-18 21:30:00,1,3,8,12,21,6,1
2026-01-18 21:45:00,1,4,10,28,21,6,1
2026-01-18 22:00:00,1,3,1,12,22,6,1
2026-01-18 22:15:00,1,2,4,14,22,6,1
2026-01-18 22:30:00,1,4,17,20,22,6,1
2026-01-18 22:45:00,1,5,5,20,22,6,1
2026-01-18 23:00:00,1,2,4,12,23,6,1
2026-01-18 23:15:00,1,2,2,10,23,6,1
2026-01-18 23:30:00,1,5,7,25,23,6,1
2026-01-18 23:45:00,1,3,2,18,23,6,1
2026-01-19 00:00:00,1,2,3,10,0,0,1
2026-01-19 00:15:00,1,3,15,12,0,0,3
2026-01-19 00:30:00,3,2,14,12,0,0,4
2026-01-19 00:45:00,4,3,3,18,0,0,1
2026-01-19 01:00:00,1,3,10,18,1,0,1
2026-01-19 01:15:00,1,4,5,16,1,0,1
2026-01-19 01:30:00,1,5,8,35,1,0,1
2026-01-19 01:45:00,1,3,11,15,1,0,1
2026-01-19 02:00:00,1,5,12,30,2,0,1
2026-01-19 02:15:00,1,2,7,14,2,0,1
2026-01-19 02:30:00,1,5,11,25,2,0,1
2026-01-19 02:45:00,1,4,5,24,2,0,1
2026-01-19 03:00:00,1,3,14,18,3,0,1
2026-01-19 03:15:00,1,3,8,15,3,0,1
2026-01-19 03:30:00,1,4,13,28,3,0,1
2026-01-19 03:45:00,1,2,5,12,3,0,1
2026-01-19 04:00:00,1,3,6,15,4,0,1
2026-01-19 04:15:00,1,4,18,24,4,0,1
2026-01-19 04:30:00,1,2,13,12,4,0,6
2026-01-19 04:45:00,6,3,6,12,4,0,1
2026-01-19 05:00:00,1,3,7,18,5,0,1
2026-01-19 05:15:00,1,3,3,21,5,0,1
2026-01-19 05:30:00,1,2,9,8,5,0,1
2026-01-19 05:45:00,1,4,6,24,5,0,1
2026-01-19 06:00:00,1,4,21,28,6,0,1
2026-01-19 06:15:00,1,3,7,18,6,0,1
2026-01-19 06:30:00,1,4,3,20,6,0,1
2026-01-19 06:45:00,1,4,11,28,6,0,1
2026-01-19 07:00:00,1,3,12,21,7,0,1
2026-01-19 07:15:00,1,3,9,21,7,0,1
2026-01-19 07:30:00,1,2,11,12,7,0,1
2026-01-19 07:45:00,1,4,9,16,7,0,1
2026-01-19 08:00:00,1,4,9,28,8,0,1
2026-01-19 08:15:00,1,5,4,35,8,0,1
2026-01-19 08:30:00,1,5,4,35,8,0,1
2026-01-19 08:45:00,1,2,13,10,8,0,2
2026-01-19 09:00:00,2,4,19,20,9,0,1
2026-01-19 09:15:00,1,4,22,28,9,0,1
2026-01-19 09:30:00,1,5,19,30,9,0,1
2026-01-19 09:45:00,1,5,17,25,9,0,1
2026-01-19 10:00:00,1,4,18,20,10,0,1
2026-01-19 10:15:00,1,4,21,24,10,0,1
2026-01-19 10:30:00,1,5,25,35,10,0,1
2026-01-19 10:45:00,1,4,24,24,10,0,1
2026-01-19 11:00:00,1,5,27,30,11,0,1
2026-01-19 11:15:00,1,3,16,12,11,0,5
2026-01-19 11:30:00,5,4,19,24,11,0,1
2026-01-19 11:45:00,1,5,18,25,11,0,1
2026-01-19 12:00:00,1,4,25,28,12,0,1
2026-01-19 12:15:00,1,2,24,14,12,0,11
2026-01-19 12:30:00,11,3,21,15,12,0,19
2026-01-19 12:45:00,19,2,19,12,12,0,24
2026-01-19 13:00:00,24,3,20,12,13,0,31
2026-01-19 13:15:00,31,4,26,28,13,0,31
2026-01-19 13:30:00,31,4,15,20,13,0,23
2026-01-19 13:45:00,23,4,19,28,13,0,13
2026-01-19 14:00:00,13,2,21,10,14,0,25
2026-01-19 14:15:00,25,3,22,21,14,0,26
2026-01-19 14:30:00,26,5,17,30,14,0,14
2026-01-19 14:45:00,14,2,20,10,14,0,23
2026-01-19 15:00:00,23,5,15,25,15,0,12
2026-01-19 15:15:00,12,5,22,30,15,0,2
2026-01-19 15:30:00,2,3,24,21,15,0,4
2026-01-19 15:45:00,4,5,9,25,15,0,1
2026-01-19 16:00:00,1,2,23,8,16,0,16
2026-01-19 16:15:00,16,5,26,20,16,0,22
2026-01-19 16:30:00,22,2,19,8,16,0,32
2026-01-19 16:45:00,32,3,25,15,16,0,43
2026-01-19 17:00:00,43,2,15,14,17,0,48
2026-01-19 17:15:00,48,3,12,12,17,0,47
2026-01-19 17:30:00,47,5,14,25,17,0,37
2026-01-19 17:45:00,37,4,16,16,17,0,40
2026-01-19 18:00:00,40,5,18,20,18,0,36
2026-01-19 18:15:00,36,3,14,21,18,0,26
2026-01-19 18:30:00,26,4,17,20,18,0,20
2026-01-19 18:45:00,20,5,13,30,18,0,5
2026-01-19 19:00:00,5,4,21,24,19,0,3
2026-01-19 19:15:00,3,4,12,24,19,0,1
2026-01-19 19:30:00,1,2,6,8,19,0,3
2026-01-19 19:45:00,3,5,13,35,19,0,1
2026-01-19 20:00:00,1,2,8,10,20,0,1
2026-01-19 20:15:00,1,4,1,28,20,0,1
2026-01-19 20:30:00,1,5,14,20,20,0,1
2026-01-19 20:45:00,1,5,11,25,20,0,1
2026-01-19 21:00:00,1,5,11,25,21,0,1
2026-01-19 21:15:00,1,5,9,30,21,0,1
2026-01-19 21:30:00,1,4,17,20,21,0,1
2026-01-19 21:45:00,1,3,5,15,21,0,1
2026-01-19 22:00:00,1,4,8,16,22,0,1
2026-01-19 22:15:00,1,5,8,35,22,0,1
2026-01-19 22:30:00,1,2,13,14,22,0,1
2026-01-19 22:45:00,1,5,8,35,22,0,1
2026-01-19 23:00:00,1,2,4,8,23,0,1
2026-01-19 23:15:00,1,2,12,12,23,0,1
2026-01-19 23:30:00,1,5,7,35,23,0,1
2026-01-19 23:45:00,1,5,9,25,23,0,1
2026-01-20 00:00:00,1,4,8,20,0,1,1
2026-01-20 00:15:00,1,3,7,12,0,1,1
2026-01-20 00:30:00,1,3,11,18,0,1,1
2026-01-20 00:45:00,1,4,15,28,0,1,1
2026-01-20 01:00:00,1,4,5,16,1,1,1
2026-01-20 01:15:00,1,5,2,35,1,1,1
2026-01-20 01:30:00,1,4,12,20,1,1,1
2026-01-20 01:45:00,1,3,6,21,1,1,1
2026-01-20 02:00:00,1,3,1,21,2,1,1
2026-01-20 02:15:00,1,4,10,24,2,1,1
2026-01-20 02:30:00,1,5,8,35,2,1,1
2026-01-20 02:45:00,1,3,10,18,2,1,1
2026-01-20 03:00:00,1,4,5,16,3,1,1
2026-01-20 03:15:00,1,3,11,18,3,1,1
2026-01-20 03:30:00,1,3,9,18,3,1,1
2026-01-20 03:45:00,1,5,9,35,3,1,1
2026-01-20 04:00:00,1,4,4,24,4,1,1
2026-01-20 04:15:00,1,4,18,24,4,1,1
2026-01-20 04:30:00,1,3,8,21,4,1,1
2026-01-20 04:45:00,1,2,4,8,4,1,1
2026-01-20 05:00:00,1,3,2,18,5,1,1
2026-01-20 05:15:00,1,2,7,12,5,1,1
2026-01-20 05:30:00,1,3,11,18,5,1,1
2026-01-20 05:45:00,1,4,8,16,5,1,1
2026-01-20 06:00:00,1,4,9,24,6,1,1
2026-01-20 06:15:00,1,5,7,20,6,1,1
2026-01-20 06:30:00,1,4,10,16,6,1,1
2026-01-20 06:45:00,1,3,11,18,6,1,1
2026-01-20 07:00:00,1,3,6,12,7,1,1
2026-01-20 07:15:00,1,2,7,8,7,1,2
2026-01-20 07:30:00,2,5,12,25,7,1,1
2026-01-20 07:45:00,1,2,12,12,7,1,1
2026-01-20 08:00:00,1,3,18,15,8,1,2
2026-01-20 08:15:00,2,2,8,8,8,1,1
2026-01-20 08:30:00,1,3,9,15,8,1,1
2026-01-20 08:45:00,1,2,1,8,8,1,1
2026-01-20 09:00:00,1,3,20,12,9,1,9
2026-01-20 09:15:00,9,4,17,20,9,1,8
2026-01-20 09:30:00,8,2,17,10,9,1,12
2026-01-20 09:45:00,12,5,16,25,9,1,3
2026-01-20 10:00:00,3,2,23,12,10,1,17
2026-01-20 10:15:00,17,5,27,20,10,1,20
2026-01-20 10:30:00,20,5,21,35,10,1,5
2026-01-20 10:45:00,5,5,17,30,10,1,1
2026-01-20 11:00:00,1,3,19,15,11,1,5
2026-01-20 11:15:00,5,2,17,8,11,1,9
2026-01-20 11:30:00,9,5,23,25,11,1,5
2026-01-20 11:45:00,5,4,17,16,11,1,2
2026-01-20 12:00:00,2,3,17,21,12,1,1
2026-01-20 12:15:00,1,2,22,14,12,1,8
2026-01-20 12:30:00,8,5,30,35,12,1,4
2026-01-20 12:45:00,4,3,21,15,12,1,12
2026-01-20 13:00:00,12,5,18,35,13,1,1
2026-01-20 13:15:00,1,3,21,12,13,1,9
2026-01-20 13:30:00,9,5,19,20,13,1,6
2026-01-20 13:45:00,6,4,18,28,13,1,1
2026-01-20 14:00:00,1,3,17,18,14,1,1
2026-01-20 14:15:00,1,5,23,25,14,1,1
2026-01-20 14:30:00,1,3,20,15,14,1,7
2026-01-20 14:45:00,7,5,15,30,14,1,1
2026-01-20 15:00:00,1,3,19,21,15,1,3
2026-01-20 15:15:00,3,4,20,16,15,1,6
2026-01-20 15:30:00,6,3,17,18,15,1,3
2026-01-20 15:45:00,3,4,17,28,15,1,1
2026-01-20 16:00:00,1,5,15,35,16,1,1
2026-01-20 16:15:00,1,3,19,15,16,1,6
2026-01-20 16:30:00,6,5,14,35,16,1,1
2026-01-20 16:45:00,1,3,11,15,16,1,1
2026-01-20 17:00:00,1,3,13,21,17,1,1
2026-01-20 17:15:00,1,5,7,20,17,1,1
2026-01-20 17:30:00,1,4,16,28,17,1,1
2026-01-20 17:45:00,1,3,12,15,17,1,1
2026-01-20 18:00:00,1,2,19,12,18,1,6
2026-01-20 18:15:00,6,5,16,25,18,1,1
2026-01-20 18:30:00,1,3,20,12,18,1,14
2026-01-20 18:45:00,14,4,17,16,18,1,14
2026-01-20 19:00:00,14,4,9,24,19,1,1
2026-01-20 19:15:00,1,3,17,21,19,1,1
2026-01-20 19:30:00,1,4,21,16,19,1,6
2026-01-20 19:45:00,6,3,19,12,19,1,11
2026-01-20 20:00:00,11,5,15,30,20,1,1
2026-01-20 20:15:00,1,2,7,8,20,1,1
2026-01-20 20:30:00,1,5,9,35,20,1,1
2026-01-20 20:45:00,1,5,12,25,20,1,1
2026-01-20 21:00:00,1,4,7,28,21,1,1
2026-01-20 21:15:00,1,2,2,14,21,1,1
2026-01-20 21:30:00,1,2,7,14,21,1,1
2026-01-20 21:45:00,1,2,7,8,21,1,1
2026-01-20 22:00:00,1,2,2,10,22,1,1
2026-01-20 22:15:00,1,5,5,20,22,1,1
2026-01-20 22:30:00,1,2,13,10,22,1,4
2026-01-20 22:45:00,4,3,2,21,22,1,1
2026-01-20 23:00:00,1,4,6,28,23,1,1
2026-01-20 23:15:00,1,4,13,20,23,1,1
2026-01-20 23:30:00,1,3,5,12,23,1,1
2026-01-20 23:45:00,1,2,12,10,23,1,1
2026-01-21 00:00:00,1,5,7,20,0,2,1
2026-01-21 00:15:00,1,3,10,21,0,2,1
2026-01-21 00:30:00,1,3,2,12,0,2,1
2026-01-21 00:45:00,1,3,10,18,0,2,1
2026-01-21 01:00:00,1,2,7,12,1,2,1
2026-01-21 01:15:00,1,3,13,18,1,2,1
2026-01-21 01:30:00,1,2,9,10,1,2,2
2026-01-21 01:45:00,2,2,5,8,1,2,1
2026-01-21 02:00:00,1,4,1,24,2,2,1
2026-01-21 02:15:00,1,2,6,10,2,2,1
2026-01-21 02:30:00,1,4,8,28,2,2,1
2026-01-21 02:45:00,1,3,11,21,2,2,1
2026-01-21 03:00:00,1,2,4,10,3,2,1
2026-01-21 03:15:00,1,2,8,8,3,2,3
2026-01-21 03:30:00,3,4,10,28,3,2,1
2026-01-21 03:45:00,1,3,10,15,3,2,1
2026-01-21 04:00:00,1,3,11,21,4,2,1
2026-01-21 04:15:00,1,2,11,14,4,2,1
2026-01-21 04:30:00,1,3,12,12,4,2,1
2026-01-21 04:45:00,1,4,7,24,4,2,1
2026-01-21 05:00:00,1,2,3,10,5,2,1
2026-01-21 05:15:00,1,3,13,12,5,2,1
2026-01-21 05:30:00,1,3,9,21,5,2,1
2026-01-21 05:45:00,1,4,9,24,5,2,1
2026-01-21 06:00:00,1,5,4,20,6,2,1
2026-01-21 06:15:00,1,2,9,12,6,2,1
2026-01-21 06:30:00,1,5,2,30,6,2,1
2026-01-21 06:45:00,1,5,3,25,6,2,1
2026-01-21 07:00:00,1,2,5,8,7,2,1
2026-01-21 07:15:00,1,4,6,20,7,2,1
2026-01-21 07:30:00,1,5,6,30,7,2,1
2026-01-21 07:45:00,1,4,0,16,7,2,1
2026-01-21 08:00:00,1,3,8,12,8,2,1
2026-01-21 08:15:00,1,4,3,28,8,2,1
2026-01-21 08:30:00,1,4,9,28,8,2,1
2026-01-21 08:45:00,1,3,10,15,8,2,1
2026-01-21 09:00:00,1,4,22,28,9,2,1
2026-01-21 09:15:00,1,4,18,28,9,2,1
2026-01-21 09:30:00,1,5,24,25,9,2,1
2026-01-21 09:45:00,1,5,23,30,9,2,1
2026-01-21 10:00:00,1,5,22,30,10,2,1
2026-01-21 10:15:00,1,5,20,20,10,2,1
2026-01-21 10:30:00,1,3,24,15,10,2,12
2026-01-21 10:45:00,12,4,20,28,10,2,2
2026-01-21 11:00:00,2,3,20,21,11,2,2
2026-01-21 11:15:00,2,3,20,12,11,2,13
2026-01-21 11:30:00,13,2,22,14,11,2,21
2026-01-21 11:45:00,21,2,21,14,11,2,26
2026-01-21 12:00:00,26,4,19,24,12,2,19
2026-01-21 12:15:00,19,4,10,16,12,2,10
2026-01-21 12:30:00,10,5,19,30,12,2,1
2026-01-21 12:45:00,1,4,25,16,12,2,12
2026-01-21 13:00:00,12,4,8,28,13,2,1
2026-01-21 13:15:00,1,3,12,18,13,2,1
2026-01-21 13:30:00,1,3,16,18,13,2,1
2026-01-21 13:45:00,1,3,12,21,13,2,1
2026-01-21 14:00:00,1,3,17,21,14,2,1
2026-01-21 14:15:00,1,2,24,14,14,2,10
2026-01-21 14:30:00,10,5,18,20,14,2,5
2026-01-21 14:45:00,5,4,19,16,14,2,8
2026-01-21 15:00:00,8,5,13,25,15,2,1
2026-01-21 15:15:00,1,3,14,15,15,2,1
2026-01-21 15:30:00,1,2,18,10,15,2,10
2026-01-21 15:45:00,10,4,16,16,15,2,11
2026-01-21 16:00:00,11,2,20,14,16,2,18
2026-01-21 16:15:00,18,2,20,12,16,2,21
2026-01-21 16:30:00,21,4,15,16,16,2,18
2026-01-21 16:45:00,18,3,15,18,16,2,16
2026-01-21 17:00:00,16,2,19,8,17,2,27
2026-01-21 17:15:00,27,5,14,20,17,2,19
2026-01-21 17:30:00,19,4,20,24,17,2,15
2026-01-21 17:45:00,15,2,16,12,17,2,21
2026-01-21 18:00:00,21,5,10,20,18,2,10
2026-01-21 18:15:00,10,2,17,8,18,2,15
2026-01-21 18:30:00,15,3,19,15,18,2,18
2026-01-21 18:45:00,18,5,21,20,18,2,14
2026-01-21 19:00:00,14,5,13,20,19,2,9
2026-01-21 19:15:00,9,2,20,10,19,2,17
2026-01-21 19:30:00,17,5,14,20,19,2,8
2026-01-21 19:45:00,8,4,18,16,19,2,10
2026-01-21 20:00:00,10,2,4,10,20,2,3
2026-01-21 20:15:00,3,3,10,12,20,2,1
2026-01-21 20:30:00,1,5,9,35,20,2,1
2026-01-21 20:45:00,1,4,7,24,20,2,1
2026-01-21 21:00:00,1,4,8,20,21,2,1
2026-01-21 21:15:00,1,5,7,30,21,2,1
2026-01-21 21:30:00,1,3,6,12,21,2,1
2026-01-21 21:45:00,1,5,10,20,21,2,1
2026-01-21 22:00:00,1,4,15,28,22,2,1
2026-01-21 22:15:00,1,5,7,25,22,2,1
2026-01-21 22:30:00,1,4,13,20,22,2,1
2026-01-21 22:45:00,1,2,9,12,22,2,1
2026-01-21 23:00:00,1,3,13,12,23,2,1
2026-01-21 23:15:00,1,4,3,24,23,2,1
2026-01-21 23:30:00,1,3,8,12,23,2,1
2026-01-21 23:45:00,1,4,8,16,23,2,1
2026-01-22 00:00:00,1,5,12,30,0,3,1
2026-01-22 00:15:00,1,5,9,30,0,3,1
2026-01-22 00:30:00,1,3,13,15,0,3,1
2026-01-22 00:45:00,1,2,5,8,0,3,1
2026-01-22 01:00:00,1,4,10,20,1,3,1
2026-01-22 01:15:00,1,4,16,24,1,3,1
2026-01-22 01:30:00,1,2,15,8,1,3,7
2026-01-22 01:45:00,7,2,14,10,1,3,13
2026-01-22 02:00:00,13,5,6,20,2,3,1
2026-01-22 02:15:00,1,3,12,15,2,3,1
2026-01-22 02:30:00,1,5,17,30,2,3,1
2026-01-22 02:45:00,1,3,7,18,2,3,1
2026-01-22 03:00:00,1,5,0,20,3,3,1
2026-01-22 03:15:00,1,3,15,15,3,3,2
2026-01-22 03:30:00,2,2,14,14,3,3,3
2026-01-22 03:45:00,3,5,2,20,3,3,1
2026-01-22 04:00:00,1,4,13,16,4,3,1
2026-01-22 04:15:00,1,3,7,12,4,3,1
2026-01-22 04:30:00,1,2,9,14,4,3,1
2026-01-22 04:45:00,1,2,14,14,4,3,1
2026-01-22 05:00:00,1,2,2,10,5,3,1
2026-01-22 05:15:00,1,2,13,10,5,3,8
2026-01-22 05:30:00,8,4,3,24,5,3,1
2026-01-22 05:45:00,1,4,4,24,5,3,1
2026-01-22 06:00:00,1,3,5,15,6,3,1
2026-01-22 06:15:00,1,4,6,24,6,3,1
2026-01-22 06:30:00,1,5,14,25,6,3,1
2026-01-22 06:45:00,1,5,6,25,6,3,1
2026-01-22 07:00:00,1,4,10,16,7,3,1
2026-01-22 07:15:00,1,4,10,24,7,3,1
2026-01-22 07:30:00,1,3,7,21,7,3,1
2026-01-22 07:45:00,1,2,8,12,7,3,1
2026-01-22 08:00:00,1,4,9,28,8,3,1
2026-01-22 08:15:00,1,4,18,20,8,3,1
2026-01-22 08:30:00,1,5,5,25,8,3,1
2026-01-22 08:45:00,1,3,1,15,8,3,1
2026-01-22 09:00:00,1,3,24,12,9,3,13
2026-01-22 09:15:00,13,2,22,12,9,3,23
2026-01-22 09:30:00,23,3,22,18,9,3,26
2026-01-22 09:45:00,26,4,18,20,9,3,24
2026-01-22 10:00:00,24,4,19,24,10,3,22
2026-01-22 10:15:00,22,2,23,10,10,3,32
2026-01-22 10:30:00,32,3,19,21,10,3,27
2026-01-22 10:45:00,27,5,15,35,10,3,4
2026-01-22 11:00:00,4,5,20,25,11,3,1
2026-01-22 11:15:00,1,5,19,20,11,3,1
2026-01-22 11:30:00,1,3,23,12,11,3,14
2026-01-22 11:45:00,14,3,16,12,11,3,19
2026-01-22 12:00:00,19,4,13,28,12,3,4
2026-01-22 12:15:00,4,5,22,25,12,3,2
2026-01-22 12:30:00,2,5,20,25,12,3,1
2026-01-22 12:45:00,1,3,11,12,12,3,1
2026-01-22 13:00:00,1,5,17,20,13,3,1
2026-01-22 13:15:00,1,3,21,12,13,3,8
2026-01-22 13:30:00,8,5,18,30,13,3,1
2026-01-22 13:45:00,1,2,15,14,13,3,1
2026-01-22 14:00:00,1,2,18,14,14,3,4
2026-01-22 14:15:00,4,2,11,12,14,3,8
2026-01-22 14:30:00,8,4,20,28,14,3,1
2026-01-22 14:45:00,1,2,12,12,14,3,1
2026-01-22 15:00:00,1,3,18,12,15,3,8
2026-01-22 15:15:00,8,4,21,24,15,3,2
2026-01-22 15:30:00,2,3,17,18,15,3,2
2026-01-22 15:45:00,2,3,29,18,15,3,8
2026-01-22 16:00:00,8,4,11,28,16,3,1
2026-01-22 16:15:00,1,2,17,12,16,3,6
2026-01-22 16:30:00,6,3,30,12,16,3,23
2026-01-22 16:45:00,23,2,19,14,16,3,29
2026-01-22 17:00:00,29,2,19,14,17,3,34
2026-01-22 17:15:00,34,2,14,12,17,3,31
2026-01-22 17:30:00,31,4,19,20,17,3,32
2026-01-22 17:45:00,32,4,11,28,17,3,15
2026-01-22 18:00:00,15,4,5,24,18,3,1
2026-01-22 18:15:00,1,5,14,25,18,3,1
2026-01-22 18:30:00,1,3,15,15,18,3,1
2026-01-22 18:45:00,1,5,12,30,18,3,1
2026-01-22 19:00:00,1,5,12,30,19,3,1
2026-01-22 19:15:00,1,4,7,28,19,3,1
2026-01-22 19:30:00,1,3,10,12,19,3,1
2026-01-22 19:45:00,1,3,17,15,19,3,6
2026-01-22 20:00:00,6,5,4,30,20,3,1
2026-01-22 20:15:00,1,4,3,16,20,3,1
2026-01-22 20:30:00,1,2,11,14,20,3,1
2026-01-22 20:45:00,1,2,1,8,20,3,1
2026-01-22 21:00:00,1,5,9,30,21,3,1
2026-01-22 21:15:00,1,2,5,14,21,3,1
2026-01-22 21:30:00,1,2,0,14,21,3,1
2026-01-22 21:45:00,1,5,13,30,21,3,1
2026-01-22 22:00:00,1,2,7,10,22,3,1
2026-01-22 22:15:00,1,2,8,8,22,3,1
2026-01-22 22:30:00,1,3,6,15,22,3,1
2026-01-22 22:45:00,1,4,3,24,22,3,1
2026-01-22 23:00:00,1,2,2,8,23,3,1
2026-01-22 23:15:00,1,2,9,10,23,3,1
2026-01-22 23:30:00,1,2,11,8,23,3,1
2026-01-22 23:45:00,1,4,3,20,23,3,1
2026-01-23 00:00:00,1,2,0,12,0,4,1
2026-01-23 00:15:00,1,2,3,10,0,4,1
2026-01-23 00:30:00,1,3,10,18,0,4,1
2026-01-23 00:45:00,1,3,13,18,0,4,1
2026-01-23 01:00:00,1,3,9,12,1,4,1
2026-01-23 01:15:00,1,3,17,12,1,4,5
2026-01-23 01:30:00,5,3,8,21,1,4,1
2026-01-23 01:45:00,1,4,8,16,1,4,1
2026-01-23 02:00:00,1,2,15,14,2,4,1
2026-01-23 02:15:00,1,5,9,30,2,4,1
2026-01-23 02:30:00,1,2,8,12,2,4,1
2026-01-23 02:45:00,1,5,13,20,2,4,1
2026-01-23 03:00:00,1,5,11,35,3,4,1
2026-01-23 03:15:00,1,3,9,12,3,4,1
2026-01-23 03:30:00,1,3,1,12,3,4,1
2026-01-23 03:45:00,1,3,10,18,3,4,1
2026-01-23 04:00:00,1,3,5,12,4,4,1
2026-01-23 04:15:00,1,2,8,10,4,4,1
2026-01-23 04:30:00,1,3,15,12,4,4,4
2026-01-23 04:45:00,4,5,14,20,4,4,1
2026-01-23 05:00:00,1,4,3,16,5,4,1
2026-01-23 05:15:00,1,4,7,16,5,4,1
2026-01-23 05:30:00,1,4,10,28,5,4,1
2026-01-23 05:45:00,1,2,4,8,5,4,1
2026-01-23 06:00:00,1,3,9,12,6,4,1
2026-01-23 06:15:00,1,4,11,24,6,4,1
2026-01-23 06:30:00,1,5,8,35,6,4,1
2026-01-23 06:45:00,1,2,17,8,6,4,8
2026-01-23 07:00:00,8,3,9,21,7,4,1
2026-01-23 07:15:00,1,4,11,16,7,4,1
2026-01-23 07:30:00,1,4,10,16,7,4,1
2026-01-23 07:45:00,1,5,8,35,7,4,1
2026-01-23 08:00:00,1,5,10,35,8,4,1
2026-01-23 08:15:00,1,2,10,12,8,4,1
2026-01-23 08:30:00,1,5,9,30,8,4,1
2026-01-23 08:45:00,1,2,9,8,8,4,1
2026-01-23 09:00:00,1,4,27,16,9,4,10
2026-01-23 09:15:00,10,3,22,12,9,4,21
2026-01-23 09:30:00,21,2,17,12,9,4,27
2026-01-23 09:45:00,27,2,19,12,9,4,35
2026-01-23 10:00:00,35,3,22,12,10,4,42
2026-01-23 10:15:00,42,4,18,28,10,4,29
2026-01-23 10:30:00,29,4,20,28,10,4,22
2026-01-23 10:45:00,22,2,13,8,10,4,25
2026-01-23 11:00:00,25,5,20,35,11,4,10
2026-01-23 11:15:00,10,4,16,16,11,4,10
2026-01-23 11:30:00,10,5,29,20,11,4,19
2026-01-23 11:45:00,19,4,24,24,11,4,18
2026-01-23 12:00:00,18,3,30,15,12,4,32
2026-01-23 12:15:00,32,2,20,8,12,4,43
2026-01-23 12:30:00,43,3,13,18,12,4,36
2026-01-23 12:45:00,36,5,18,20,12,4,32
2026-01-23 13:00:00,32,2,12,14,13,4,30
2026-01-23 13:15:00,30,2,15,12,13,4,33
2026-01-23 13:30:00,33,5,21,20,13,4,35
2026-01-23 13:45:00,35,4,16,20,13,4,35
2026-01-23 14:00:00,35,2,18,8,14,4,44
2026-01-23 14:15:00,44,2,9,12,14,4,41
2026-01-23 14:30:00,41,5,23,20,14,4,46
2026-01-23 14:45:00,46,2,22,12,14,4,54
2026-01-23 15:00:00,54,5,18,35,15,4,39
2026-01-23 15:15:00,39,2,24,8,15,4,55
2026-01-23 15:30:00,55,4,18,24,15,4,50
2026-01-23 15:45:00,50,4,14,20,15,4,43
2026-01-23 16:00:00,43,3,14,21,16,4,38
2026-01-23 16:15:00,38,5,16,30,16,4,25
2026-01-23 16:30:00,25,4,18,16,16,4,27
2026-01-23 16:45:00,27,5,13,20,16,4,22
2026-01-23 17:00:00,22,5,9,30,17,4,3
2026-01-23 17:15:00,3,5,15,25,17,4,1
2026-01-23 17:30:00,1,2,19,8,17,4,12
2026-01-23 17:45:00,12,3,9,15,17,4,4
2026-01-23 18:00:00,4,3,16,21,18,4,1
2026-01-23 18:15:00,1,5,16,25,18,4,1
2026-01-23 18:30:00,1,4,14,24,18,4,1
2026-01-23 18:45:00,1,5,21,30,18,4,1
2026-01-23 19:00:00,1,2,15,10,19,4,4
2026-01-23 19:15:00,4,3,17,21,19,4,1
2026-01-23 19:30:00,1,3,10,18,19,4,1
2026-01-23 19:45:00,1,2,13,10,19,4,1
2026-01-23 20:00:00,1,3,11,15,20,4,1
2026-01-23 20:15:00,1,2,5,14,20,4,1
2026-01-23 20:30:00,1,2,8,10,20,4,1
2026-01-23 20:45:00,1,2,5,10,20,4,1
2026-01-23 21:00:00,1,4,8,28,21,4,1
2026-01-23 21:15:00,1,5,8,20,21,4,1
2026-01-23 21:30:00,1,5,13,25,21,4,1
2026-01-23 21:45:00,1,4,5,24,21,4,1
2026-01-23 22:00:00,1,2,16,8,22,4,9
2026-01-23 22:15:00,9,4,4,20,22,4,1
2026-01-23 22:30:00,1,4,13,16,22,4,1
2026-01-23 22:45:00,1,5,0,35,22,4,1
2026-01-23 23:00:00,1,4,8,20,23,4,1
2026-01-23 23:15:00,1,5,14,20,23,4,1
2026-01-23 23:30:00,1,5,16,20,23,4,1
2026-01-23 23:45:00,1,3,7,12,23,4,1
2026-01-24 00:00:00,1,5,8,30,0,5,1
2026-01-24 00:15:00,1,2,0,12,0,5,1
2026-01-24 00:30:00,1,5,6,25,0,5,1
2026-01-24 00:45:00,1,3,0,15,0,5,1
2026-01-24 01:00:00,1,4,10,24,1,5,1
2026-01-24 01:15:00,1,2,8,14,1,5,1
2026-01-24 01:30:00,1,5,4,25,1,5,1
2026-01-24 01:45:00,1,3,14,21,1,5,1
2026-01-24 02:00:00,1,3,9,18,2,5,1
2026-01-24 02:15:00,1,3,3,21,2,5,1
2026-01-24 02:30:00,1,4,7,20,2,5,1
2026-01-24 02:45:00,1,5,1,20,2,5,1
2026-01-24 03:00:00,1,4,10,28,3,5,1
2026-01-24 03:15:00,1,3,5,15,3,5,1
2026-01-24 03:30:00,1,2,0,12,3,5,1
2026-01-24 03:45:00,1,5,0,35,3,5,1
2026-01-24 04:00:00,1,4,3,16,4,5,1
2026-01-24 04:15:00,1,3,6,12,4,5,1
2026-01-24 04:30:00,1,5,1,20,4,5,1
2026-01-24 04:45:00,1,5,14,30,4,5,1
2026-01-24 05:00:00,1,4,4,16,5,5,1
2026-01-24 05:15:00,1,2,1,12,5,5,1
2026-01-24 05:30:00,1,3,4,18,5,5,1
2026-01-24 05:45:00,1,2,7,14,5,5,1
2026-01-24 06:00:00,1,3,8,12,6,5,1
2026-01-24 06:15:00,1,2,3,12,6,5,1
2026-01-24 06:30:00,1,4,7,28,6,5,1
2026-01-24 06:45:00,1,3,10,18,6,5,1
2026-01-24 07:00:00,1,2,3,8,7,5,1
2026-01-24 07:15:00,1,4,9,16,7,5,1
2026-01-24 07:30:00,1,2,5,12,7,5,1
2026-01-24 07:45:00,1,5,2,30,7,5,1
2026-01-24 08:00:00,1,3,3,21,8,5,1
2026-01-24 08:15:00,1,5,8,30,8,5,1
2026-01-24 08:30:00,1,4,3,16,8,5,1
2026-01-24 08:45:00,1,5,0,35,8,5,1
2026-01-24 09:00:00,1,2,23,8,9,5,13
2026-01-24 09:15:00,13,5,16,20,9,5,6
2026-01-24 09:30:00,6,4,23,24,9,5,6
2026-01-24 09:45:00,6,5,18,25,9,5,1
2026-01-24 10:00:00,1,3,18,18,10,5,2
2026-01-24 10:15:00,2,3,16,15,10,5,3
2026-01-24 10:30:00,3,5,16,30,10,5,1
2026-01-24 10:45:00,1,2,27,12,10,5,14
2026-01-24 11:00:00,14,4,21,20,11,5,14
2026-01-24 11:15:00,14,4,13,20,11,5,7
2026-01-24 11:30:00,7,2,13,8,11,5,12
2026-01-24 11:45:00,12,4,21,20,11,5,14
2026-01-24 12:00:00,14,4,15,24,12,5,3
2026-01-24 12:15:00,3,3,16,12,12,5,4
2026-01-24 12:30:00,4,3,17,21,12,5,2
2026-01-24 12:45:00,2,3,19,12,12,5,10
2026-01-24 13:00:00,10,2,11,10,13,5,8
2026-01-24 13:15:00,8,5,11,30,13,5,1
2026-01-24 13:30:00,1,2,18,8,13,5,13
2026-01-24 13:45:00,13,5,15,35,13,5,1
2026-01-24 14:00:00,1,5,11,30,14,5,1
2026-01-24 14:15:00,1,4,23,28,14,5,1
2026-01-24 14:30:00,1,3,19,15,14,5,6
2026-01-24 14:45:00,6,2,11,10,14,5,11
2026-01-24 15:00:00,11,5,19,25,15,5,4
2026-01-24 15:15:00,4,3,9,15,15,5,1
2026-01-24 15:30:00,1,5,12,30,15,5,1
2026-01-24 15:45:00,1,3,12,18,15,5,1
2026-01-24 16:00:00,1,4,13,16,16,5,1
2026-01-24 16:15:00,1,4,13,20,16,5,1
2026-01-24 16:30:00,1,2,15,8,16,5,7
2026-01-24 16:45:00,7,3,13,12,16,5,11
2026-01-24 17:00:00,11,5,11,30,17,5,1
2026-01-24 17:15:00,1,2,15,12,17,5,5
2026-01-24 17:30:00,5,2,7,10,17,5,1
2026-01-24 17:45:00,1,5,20,35,17,5,1
2026-01-24 18:00:00,1,2,3,14,18,5,1
2026-01-24 18:15:00,1,3,5,12,18,5,1
2026-01-24 18:30:00,1,4,15,16,18,5,2
2026-01-24 18:45:00,2,4,14,20,18,5,1
2026-01-24 19:00:00,1,4,11,24,19,5,1
2026-01-24 19:15:00,1,5,10,20,19,5,1
2026-01-24 19:30:00,1,2,16,12,19,5,7
2026-01-24 19:45:00,7,3,20,15,19,5,9
2026-01-24 20:00:00,9,5,9,25,20,5,1
2026-01-24 20:15:00,1,2,4,14,20,5,1
2026-01-24 20:30:00,1,5,3,35,20,5,1
2026-01-24 20:45:00,1,3,0,21,20,5,1
2026-01-24 21:00:00,1,3,9,15,21,5,1
2026-01-24 21:15:00,1,4,2,20,21,5,1
2026-01-24 21:30:00,1,5,2,25,21,5,1
2026-01-24 21:45:00,1,2,0,8,21,5,1
2026-01-24 22:00:00,1,2,7,12,22,5,1
2026-01-24 22:15:00,1,3,8,15,22,5,1
2026-01-24 22:30:00,1,5,5,25,22,5,1
2026-01-24 22:45:00,1,2,5,8,22,5,1
2026-01-24 23:00:00,1,3,0,12,23,5,1
2026-01-24 23:15:00,1,3,9,15,23,5,1
2026-01-24 23:30:00,1,4,7,24,23,5,1
2026-01-24 23:45:00,1,2,6,14,23,5,1
2026-01-25 00:00:00,1,3,3,15,0,6,1
2026-01-25 00:15:00,1,5,0,30,0,6,1
2026-01-25 00:30:00,1,4,3,20,0,6,1
2026-01-25 00:45:00,1,4,4,20,0,6,1
2026-01-25 01:00:00,1,5,0,35,1,6,1
2026-01-25 01:15:00,1,4,5,24,1,6,1
2026-01-25 01:30:00,1,5,0,20,1,6,1
2026-01-25 01:45:00,1,2,4,8,1,6,1
2026-01-25 02:00:00,1,5,0,25,2,6,1
2026-01-25 02:15:00,1,3,0,15,2,6,1
2026-01-25 02:30:00,1,5,0,20,2,6,1
2026-01-25 02:45:00,1,4,8,28,2,6,1
2026-01-25 03:00:00,1,3,4,12,3,6,1
2026-01-25 03:15:00,1,3,12,12,3,6,1
2026-01-25 03:30:00,1,5,2,30,3,6,1
2026-01-25 03:45:00,1,5,0,25,3,6,1
2026-01-25 04:00:00,1,5,0,20,4,6,1
2026-01-25 04:15:00,1,3,8,15,4,6,1
2026-01-25 04:30:00,1,3,8,18,4,6,1
2026-01-25 04:45:00,1,3,6,21,4,6,1
2026-01-25 05:00:00,1,2,5,8,5,6,1
2026-01-25 05:15:00,1,5,2,20,5,6,1
2026-01-25 05:30:00,1,5,9,25,5,6,1
2026-01-25 05:45:00,1,3,7,21,5,6,1
2026-01-25 06:00:00,1,3,5,18,6,6,1
2026-01-25 06:15:00,1,2,1,12,6,6,1
2026-01-25 06:30:00,1,5,10,20,6,6,1
2026-01-25 06:45:00,1,5,6,20,6,6,1
2026-01-25 07:00:00,1,5,1,20,7,6,1
2026-01-25 07:15:00,1,3,1,18,7,6,1
2026-01-25 07:30:00,1,2,6,14,7,6,1
2026-01-25 07:45:00,1,4,6,16,7,6,1
2026-01-25 08:00:00,1,2,4,14,8,6,1
2026-01-25 08:15:00,1,4,9,16,8,6,1
2026-01-25 08:30:00,1,2,4,14,8,6,1
2026-01-25 08:45:00,1,3,8,21,8,6,1
2026-01-25 09:00:00,1,4,20,16,9,6,5
2026-01-25 09:15:00,5,2,17,8,9,6,14
2026-01-25 09:30:00,14,5,15,25,9,6,5
2026-01-25 09:45:00,5,4,15,28,9,6,1
2026-01-25 10:00:00,1,3,19,18,10,6,1
2026-01-25 10:15:00,1,4,11,24,10,6,1
2026-01-25 10:30:00,1,5,19,30,10,6,1
2026-01-25 10:45:00,1,3,13,21,10,6,1
2026-01-25 11:00:00,1,3,16,12,11,6,2
2026-01-25 11:15:00,2,5,17,20,11,6,1
2026-01-25 11:30:00,1,3,17,15,11,6,5
2026-01-25 11:45:00,5,2,22,10,11,6,17
2026-01-25 12:00:00,17,5,17,35,12,6,1
2026-01-25 12:15:00,1,2,6,10,12,6,1
2026-01-25 12:30:00,1,4,18,28,12,6,1
2026-01-25 12:45:00,1,4,20,28,12,6,1
2026-01-25 13:00:00,1,3,23,21,13,6,2
2026-01-25 13:15:00,2,3,9,18,13,6,1
2026-01-25 13:30:00,1,3,16,18,13,6,1
2026-01-25 13:45:00,1,2,16,14,13,6,2
2026-01-25 14:00:00,2,2,13,14,14,6,1
2026-01-25 14:15:00,1,5,13,20,14,6,1
2026-01-25 14:30:00,1,2,11,8,14,6,4
2026-01-25 14:45:00,4,4,6,20,14,6,1
2026-01-25 15:00:00,1,3,7,18,15,6,1
2026-01-25 15:15:00,1,5,16,30,15,6,1
2026-01-25 15:30:00,1,4,9,24,15,6,1
2026-01-25 15:45:00,1,5,13,25,15,6,1
2026-01-25 16:00:00,1,4,11,16,16,6,1
2026-01-25 16:15:00,1,4,18,28,16,6,1
2026-01-25 16:30:00,1,5,10,35,16,6,1
2026-01-25 16:45:00,1,3,14,18,16,6,1
2026-01-25 17:00:00,1,4,16,16,17,6,5
2026-01-25 17:15:00,5,3,12,18,17,6,1
2026-01-25 17:30:00,1,4,13,24,17,6,1
2026-01-25 17:45:00,1,5,7,30,17,6,1
2026-01-25 18:00:00,1,5,13,20,18,6,1
2026-01-25 18:15:00,1,3,12,21,18,6,1
2026-01-25 18:30:00,1,4,10,24,18,6,1
2026-01-25 18:45:00,1,4,10,16,18,6,1
2026-01-25 19:00:00,1,4,10,28,19,6,1
2026-01-25 19:15:00,1,2,5,8,19,6,1
2026-01-25 19:30:00,1,2,8,14,19,6,1
2026-01-25 19:45:00,1,5,14,35,19,6,1
2026-01-25 20:00:00,1,4,7,24,20,6,1
2026-01-25 20:15:00,1,4,7,16,20,6,1
2026-01-25 20:30:00,1,2,0,14,20,6,1
2026-01-25 20:45:00,1,4,6,28,20,6,1
2026-01-25 21:00:00,1,4,9,16,21,6,1
2026-01-25 21:15:00,1,4,4,24,21,6,1
2026-01-25 21:30:00,1,5,3,35,21,6,1
2026-01-25 21:45:00,1,2,6,10,21,6,1
2026-01-25 22:00:00,1,2,6,12,22,6,1
2026-01-25 22:15:00,1,4,6,28,22,6,1
2026-01-25 22:30:00,1,4,9,28,22,6,1
2026-01-25 22:45:00,1,5,0,35,22,6,1
2026-01-25 23:00:00,1,5,4,20,23,6,1
2026-01-25 23:15:00,1,2,0,12,23,6,1
2026-01-25 23:30:00,1,3,0,21,23,6,1
2026-01-25 23:45:00,1,2,9,8,23,6,2
2026-01-26 00:00:00,2,5,11,30,0,0,1
2026-01-26 00:15:00,1,5,4,20,0,0,1
2026-01-26 00:30:00,1,4,13,28,0,0,1
2026-01-26 00:45:00,1,3,4,18,0,0,1
2026-01-26 01:00:00,1,2,7,12,1,0,1
2026-01-26 01:15:00,1,5,11,20,1,0,1
2026-01-26 01:30:00,1,2,14,10,1,0,5
2026-01-26 01:45:00,5,5,5,20,1,0,1
2026-01-26 02:00:00,1,5,13,35,2,0,1
2026-01-26 02:15:00,1,4,13,28,2,0,1
2026-01-26 02:30:00,1,5,10,30,2,0,1
2026-01-26 02:45:00,1,5,3,35,2,0,1
2026-01-26 03:00:00,1,3,4,15,3,0,1
2026-01-26 03:15:00,1,4,7,28,3,0,1
2026-01-26 03:30:00,1,2,11,14,3,0,1
2026-01-26 03:45:00,1,5,10,35,3,0,1
2026-01-26 04:00:00,1,3,20,21,4,0,1
2026-01-26 04:15:00,1,2,8,14,4,0,1
2026-01-26 04:30:00,1,5,2,30,4,0,1
2026-01-26 04:45:00,1,2,11,10,4,0,1
2026-01-26 05:00:00,1,2,5,8,5,0,1
2026-01-26 05:15:00,1,4,8,24,5,0,1
2026-01-26 05:30:00,1,2,7,8,5,0,1
2026-01-26 05:45:00,1,2,13,8,5,0,5
2026-01-26 06:00:00,5,4,17,28,6,0,1
2026-01-26 06:15:00,1,4,8,16,6,0,1
2026-01-26 06:30:00,1,2,10,8,6,0,6
2026-01-26 06:45:00,6,4,10,24,6,0,1
2026-01-26 07:00:00,1,4,15,20,7,0,1
2026-01-26 07:15:00,1,5,8,25,7,0,1
2026-01-26 07:30:00,1,2,4,10,7,0,1
2026-01-26 07:45:00,1,2,8,8,7,0,2
2026-01-26 08:00:00,2,5,13,35,8,0,1
2026-01-26 08:15:00,1,5,2,25,8,0,1
2026-01-26 08:30:00,1,4,12,20,8,0,1
2026-01-26 08:45:00,1,4,2,28,8,0,1
2026-01-26 09:00:00,1,4,20,24,9,0,1
2026-01-26 09:15:00,1,2,25,14,9,0,12
2026-01-26 09:30:00,12,2,17,8,9,0,19
2026-01-26 09:45:00,19,4,12,16,9,0,11
2026-01-26 10:00:00,11,4,17,28,10,0,1
2026-01-26 10:15:00,1,3,15,15,10,0,1
2026-01-26 10:30:00,1,5,17,35,10,0,1
2026-01-26 10:45:00,1,2,19,10,10,0,9
2026-01-26 11:00:00,9,4,13,16,11,0,3
2026-01-26 11:15:00,3,3,32,18,11,0,16
2026-01-26 11:30:00,16,4,17,20,11,0,14
2026-01-26 11:45:00,14,3,20,18,11,0,13
2026-01-26 12:00:00,13,3,20,18,12,0,14
2026-01-26 12:15:00,14,2,22,12,12,0,27
2026-01-26 12:30:00,27,3,22,15,12,0,31
2026-01-26 12:45:00,31,3,14,18,12,0,28
2026-01-26 13:00:00,28,5,15,25,13,0,16
2026-01-26 13:15:00,16,4,13,28,13,0,2
2026-01-26 13:30:00,2,4,27,24,13,0,5
2026-01-26 13:45:00,5,4,14,16,13,0,7
2026-01-26 14:00:00,7,3,13,21,14,0,1
2026-01-26 14:15:00,1,4,24,20,14,0,5
2026-01-26 14:30:00,5,3,18,21,14,0,1
2026-01-26 14:45:00,1,2,21,12,14,0,7
2026-01-26 15:00:00,7,2,25,14,15,0,18
2026-01-26 15:15:00,18,2,10,10,15,0,17
2026-01-26 15:30:00,17,5,15,35,15,0,1
2026-01-26 15:45:00,1,5,15,35,15,0,1
2026-01-26 16:00:00,1,2,12,12,16,0,1
2026-01-26 16:15:00,1,5,14,35,16,0,1
2026-01-26 16:30:00,1,5,18,25,16,0,1
2026-01-26 16:45:00,1,4,24,20,16,0,8
2026-01-26 17:00:00,8,4,12,28,17,0,1
2026-01-26 17:15:00,1,4,10,16,17,0,1
2026-01-26 17:30:00,1,3,10,12,17,0,1
2026-01-26 17:45:00,1,5,13,30,17,0,1
2026-01-26 18:00:00,1,4,14,20,18,0,1
2026-01-26 18:15:00,1,2,16,14,18,0,7
2026-01-26 18:30:00,7,2,16,8,18,0,14
2026-01-26 18:45:00,14,2,13,12,18,0,13
2026-01-26 19:00:00,13,3,11,15,19,0,7
2026-01-26 19:15:00,7,2,17,14,19,0,9
2026-01-26 19:30:00,9,3,12,15,19,0,8
2026-01-26 19:45:00,8,2,13,8,19,0,14
2026-01-26 20:00:00,14,2,4,10,20,0,13
2026-01-26 20:15:00,13,5,7,25,20,0,1
2026-01-26 20:30:00,1,5,10,35,20,0,1
2026-01-26 20:45:00,1,4,4,20,20,0,1
2026-01-26 21:00:00,1,4,8,28,21,0,1
2026-01-26 21:15:00,1,3,8,15,21,0,1
2026-01-26 21:30:00,1,3,12,15,21,0,1
2026-01-26 21:45:00,1,5,7,30,21,0,1
2026-01-26 22:00:00,1,2,7,8,22,0,1
2026-01-26 22:15:00,1,5,11,30,22,0,1
2026-01-26 22:30:00,1,2,1,14,22,0,1
2026-01-26 22:45:00,1,2,13,8,22,0,3
2026-01-26 23:00:00,3,5,3,30,23,0,1
2026-01-26 23:15:00,1,3,15,15,23,0,1
2026-01-26 23:30:00,1,3,19,12,23,0,8
2026-01-26 23:45:00,8,3,9,21,23,0,1
2026-01-27 00:00:00,1,5,10,35,0,1,1
2026-01-27 00:15:00,1,3,9,15,0,1,1
2026-01-27 00:30:00,1,2,6,8,0,1,1
2026-01-27 00:45:00,1,2,7,14,0,1,1
2026-01-27 01:00:00,1,4,4,16,1,1,1
2026-01-27 01:15:00,1,2,9,10,1,1,1
2026-01-27 01:30:00,1,5,14,25,1,1,1
2026-01-27 01:45:00,1,4,6,28,1,1,1
2026-01-27 02:00:00,1,4,3,24,2,1,1
2026-01-27 02:15:00,1,2,10,12,2,1,1
2026-01-27 02:30:00,1,4,7,24,2,1,1
2026-01-27 02:45:00,1,3,10,12,2,1,1
2026-01-27 03:00:00,1,5,8,35,3,1,1
2026-01-27 03:15:00,1,5,13,20,3,1,1
2026-01-27 03:30:00,1,5,6,25,3,1,1
2026-01-27 03:45:00,1,2,7,12,3,1,1
2026-01-27 04:00:00,1,4,12,16,4,1,1
2026-01-27 04:15:00,1,2,8,10,4,1,1
2026-01-27 04:30:00,1,4,11,28,4,1,1
2026-01-27 04:45:00,1,5,14,35,4,1,1
2026-01-27 05:00:00,1,3,10,18,5,1,1
2026-01-27 05:15:00,1,3,10,21,5,1,1
2026-01-27 05:30:00,1,2,8,8,5,1,1
2026-01-27 05:45:00,1,4,8,28,5,1,1
2026-01-27 06:00:00,1,2,6,8,6,1,1
2026-01-27 06:15:00,1,2,7,10,6,1,1
2026-01-27 06:30:00,1,4,4,20,6,1,1
2026-01-27 06:45:00,1,5,8,30,6,1,1
2026-01-27 07:00:00,1,5,11,25,7,1,1
2026-01-27 07:15:00,1,2,6,14,7,1,1
2026-01-27 07:30:00,1,4,2,28,7,1,1
2026-01-27 07:45:00,1,3,13,18,7,1,1
2026-01-27 08:00:00,1,3,12,12,8,1,1
2026-01-27 08:15:00,1,2,2,12,8,1,1
2026-01-27 08:30:00,1,2,9,8,8,1,1
2026-01-27 08:45:00,1,2,13,14,8,1,1
2026-01-27 09:00:00,1,5,25,30,9,1,1
2026-01-27 09:15:00,1,3,9,12,9,1,1
2026-01-27 09:30:00,1,2,28,8,9,1,22
2026-01-27 09:45:00,22,4,22,24,9,1,23
2026-01-27 10:00:00,23,2,21,10,10,1,32
2026-01-27 10:15:00,32,2,20,14,10,1,36
2026-01-27 10:30:00,36,4,25,28,10,1,31
2026-01-27 10:45:00,31,2,25,14,10,1,40
2026-01-27 11:00:00,40,5,24,35,11,1,33
2026-01-27 11:15:00,33,5,17,35,11,1,17
2026-01-27 11:30:00,17,2,22,8,11,1,33
2026-01-27 11:45:00,33,4,18,28,11,1,20
2026-01-27 12:00:00,20,2,21,8,12,1,29
2026-01-27 12:15:00,29,2,28,12,12,1,45
2026-01-27 12:30:00,45,2,15,8,12,1,54
2026-01-27 12:45:00,54,4,20,16,12,1,63
2026-01-27 13:00:00,63,2,14,12,13,1,62
2026-01-27 13:15:00,62,4,12,28,13,1,47
2026-01-27 13:30:00,47,3,10,18,13,1,38
2026-01-27 13:45:00,38,3,22,15,13,1,40
2026-01-27 14:00:00,40,3,23,18,14,1,43
2026-01-27 14:15:00,43,2,17,10,14,1,52
2026-01-27 14:30:00,52,5,14,25,14,1,42
2026-01-27 14:45:00,42,4,16,20,14,1,34
2026-01-27 15:00:00,34,5,23,25,15,1,28
2026-01-27 15:15:00,28,4,23,24,15,1,27
2026-01-27 15:30:00,27,4,17,24,15,1,19
2026-01-27 15:45:00,19,4,15,24,15,1,8
2026-01-27 16:00:00,8,5,15,35,16,1,1
2026-01-27 16:15:00,1,2,11,14,16,1,1
2026-01-27 16:30:00,1,2,19,12,16,1,8
2026-01-27 16:45:00,8,4,8,20,16,1,1
2026-01-27 17:00:00,1,4,17,16,17,1,3
2026-01-27 17:15:00,3,5,12,20,17,1,1
2026-01-27 17:30:00,1,3,19,12,17,1,6
2026-01-27 17:45:00,6,2,13,14,17,1,2
2026-01-27 18:00:00,2,5,17,35,18,1,1
2026-01-27 18:15:00,1,5,14,35,18,1,1
2026-01-27 18:30:00,1,5,19,20,18,1,1
2026-01-27 18:45:00,1,5,19,30,18,1,1
2026-01-27 19:00:00,1,3,19,21,19,1,1
2026-01-27 19:15:00,1,2,11,10,19,1,1
2026-01-27 19:30:00,1,4,17,20,19,1,1
2026-01-27 19:45:00,1,4,25,28,19,1,1
2026-01-27 20:00:00,1,3,7,21,20,1,1
2026-01-27 20:15:00,1,2,17,14,20,1,3
2026-01-27 20:30:00,3,3,10,21,20,1,1
2026-01-27 20:45:00,1,5,15,20,20,1,1
2026-01-27 21:00:00,1,4,12,20,21,1,1
2026-01-27 21:15:00,1,2,12,12,21,1,1
2026-01-27 21:30:00,1,2,3,12,21,1,1
2026-01-27 21:45:00,1,3,3,15,21,1,1
2026-01-27 22:00:00,1,5,9,25,22,1,1
2026-01-27 22:15:00,1,2,1,8,22,1,1
2026-01-27 22:30:00,1,2,13,10,22,1,1
2026-01-27 22:45:00,1,2,4,14,22,1,1
2026-01-27 23:00:00,1,3,8,18,23,1,1
2026-01-27 23:15:00,1,2,15,10,23,1,8
2026-01-27 23:30:00,8,4,9,20,23,1,1
2026-01-27 23:45:00,1,2,10,10,23,1,1
2026-01-28 00:00:00,1,2,7,8,0,2,1
2026-01-28 00:15:00,1,2,5,14,0,2,1
2026-01-28 00:30:00,1,3,5,18,0,2,1
2026-01-28 00:45:00,1,5,10,30,0,2,1
2026-01-28 01:00:00,1,3,1,15,1,2,1
2026-01-28 01:15:00,1,3,13,21,1,2,1
2026-01-28 01:30:00,1,4,11,24,1,2,1
2026-01-28 01:45:00,1,5,17,25,1,2,1
2026-01-28 02:00:00,1,4,16,24,2,2,1
2026-01-28 02:15:00,1,2,12,8,2,2,5
2026-01-28 02:30:00,5,5,8,30,2,2,1
2026-01-28 02:45:00,1,4,10,20,2,2,1
2026-01-28 03:00:00,1,2,9,8,3,2,1
2026-01-28 03:15:00,1,4,10,24,3,2,1
2026-01-28 03:30:00,1,5,12,30,3,2,1
2026-01-28 03:45:00,1,4,8,28,3,2,1
2026-01-28 04:00:00,1,3,8,21,4,2,1
2026-01-28 04:15:00,1,4,8,28,4,2,1
2026-01-28 04:30:00,1,5,16,25,4,2,1
2026-01-28 04:45:00,1,3,13,21,4,2,1
2026-01-28 05:00:00,1,5,12,20,5,2,1
2026-01-28 05:15:00,1,2,3,12,5,2,1
2026-01-28 05:30:00,1,4,9,24,5,2,1
2026-01-28 05:45:00,1,4,13,20,5,2,1
2026-01-28 06:00:00,1,2,6,14,6,2,1
2026-01-28 06:15:00,1,4,8,24,6,2,1
2026-01-28 06:30:00,1,5,13,20,6,2,1
2026-01-28 06:45:00,1,2,8,8,6,2,1
2026-01-28 07:00:00,1,3,7,21,7,2,1
2026-01-28 07:15:00,1,4,17,20,7,2,1
2026-01-28 07:30:00,1,5,5,35,7,2,1
2026-01-28 07:45:00,1,3,7,21,7,2,1
2026-01-28 08:00:00,1,5,11,25,8,2,1
2026-01-28 08:15:00,1,5,11,35,8,2,1
2026-01-28 08:30:00,1,2,3,8,8,2,1
2026-01-28 08:45:00,1,2,16,14,8,2,7
2026-01-28 09:00:00,7,5,21,35,9,2,1
2026-01-28 09:15:00,1,4,19,16,9,2,3
2026-01-28 09:30:00,3,2,21,10,9,2,16
2026-01-28 09:45:00,16,5,19,25,9,2,8
2026-01-28 10:00:00,8,5,19,20,10,2,4
2026-01-28 10:15:00,4,2,26,10,10,2,18
2026-01-28 10:30:00,18,5,17,30,10,2,5
2026-01-28 10:45:00,5,4,26,28,10,2,1
2026-01-28 11:00:00,1,3,22,12,11,2,10
2026-01-28 11:15:00,10,2,15,14,11,2,10
2026-01-28 11:30:00,10,3,17,15,11,2,13
2026-01-28 11:45:00,13,5,23,20,11,2,17
2026-01-28 12:00:00,17,2,27,8,12,2,35
2026-01-28 12:15:00,35,2,23,10,12,2,45
2026-01-28 12:30:00,45,5,19,35,12,2,25
2026-01-28 12:45:00,25,5,25,30,12,2,20
2026-01-28 13:00:00,20,2,20,10,13,2,30
2026-01-28 13:15:00,30,2,21,10,13,2,40
2026-01-28 13:30:00,40,5,16,25,13,2,31
2026-01-28 13:45:00,31,4,18,16,13,2,36
2026-01-28 14:00:00,36,5,12,35,14,2,12
2026-01-28 14:15:00,12,3,31,12,14,2,32
2026-01-28 14:30:00,32,5,19,30,14,2,23
2026-01-28 14:45:00,23,3,21,18,14,2,23
2026-01-28 15:00:00,23,2,16,12,15,2,28
2026-01-28 15:15:00,28,2,20,12,15,2,32
2026-01-28 15:30:00,32,5,22,35,15,2,19
2026-01-28 15:45:00,19,4,16,16,15,2,15
2026-01-28 16:00:00,15,3,21,18,16,2,16
2026-01-28 16:15:00,16,5,14,30,16,2,1
2026-01-28 16:30:00,1,5,13,30,16,2,1
2026-01-28 16:45:00,1,3,14,15,16,2,1
2026-01-28 17:00:00,1,2,15,12,17,2,1
2026-01-28 17:15:00,1,2,10,14,17,2,1
2026-01-28 17:30:00,1,2,13,14,17,2,1
2026-01-28 17:45:00,1,5,15,25,17,2,1
2026-01-28 18:00:00,1,2,22,14,18,2,14
2026-01-28 18:15:00,14,2,23,8,18,2,31
2026-01-28 18:30:00,31,3,18,21,18,2,27
2026-01-28 18:45:00,27,4,16,24,18,2,19
2026-01-28 19:00:00,19,2,10,14,19,2,17
2026-01-28 19:15:00,17,5,19,35,19,2,1
2026-01-28 19:30:00,1,5,12,20,19,2,1
2026-01-28 19:45:00,1,5,11,20,19,2,1
2026-01-28 20:00:00,1,3,17,21,20,2,1
2026-01-28 20:15:00,1,5,10,25,20,2,1
2026-01-28 20:30:00,1,2,12,8,20,2,4
2026-01-28 20:45:00,4,2,14,14,20,2,1
2026-01-28 21:00:00,1,5,8,20,21,2,1
2026-01-28 21:15:00,1,4,9,28,21,2,1
2026-01-28 21:30:00,1,3,16,12,21,2,4
2026-01-28 21:45:00,4,2,7,10,21,2,2
2026-01-28 22:00:00,2,3,7,12,22,2,1
2026-01-28 22:15:00,1,5,9,30,22,2,1
2026-01-28 22:30:00,1,4,4,20,22,2,1
2026-01-28 22:45:00,1,3,7,18,22,2,1
2026-01-28 23:00:00,1,5,15,25,23,2,1
2026-01-28 23:15:00,1,3,8,18,23,2,1
2026-01-28 23:30:00,1,3,9,18,23,2,1
2026-01-28 23:45:00,1,2,9,14,23,2,1
2026-01-29 00:00:00,1,2,9,8,0,3,1
2026-01-29 00:15:00,1,5,8,25,0,3,1
2026-01-29 00:30:00,1,3,0,12,0,3,1
2026-01-29 00:45:00,1,4,11,20,0,3,1
2026-01-29 01:00:00,1,5,8,35,1,3,1
2026-01-29 01:15:00,1,4,8,24,1,3,1
2026-01-29 01:30:00,1,2,3,10,1,3,1
2026-01-29 01:45:00,1,5,3,30,1,3,1
2026-01-29 02:00:00,1,3,7,21,2,3,1
2026-01-29 02:15:00,1,5,8,30,2,3,1
2026-01-29 02:30:00,1,3,12,12,2,3,3
2026-01-29 02:45:00,3,2,16,10,2,3,9
2026-01-29 03:00:00,9,3,10,18,3,3,4
2026-01-29 03:15:00,4,3,13,21,3,3,1
2026-01-29 03:30:00,1,3,14,12,3,3,2
2026-01-29 03:45:00,2,3,8,15,3,3,1
2026-01-29 04:00:00,1,3,12,18,4,3,1
2026-01-29 04:15:00,1,3,6,18,4,3,1
2026-01-29 04:30:00,1,3,7,21,4,3,1
2026-01-29 04:45:00,1,5,9,25,4,3,1
2026-01-29 05:00:00,1,2,6,12,5,3,1
2026-01-29 05:15:00,1,3,8,15,5,3,1
2026-01-29 05:30:00,1,2,6,14,5,3,1
2026-01-29 05:45:00,1,3,6,18,5,3,1
2026-01-29 06:00:00,1,3,13,21,6,3,1
2026-01-29 06:15:00,1,3,3,21,6,3,1
2026-01-29 06:30:00,1,5,4,30,6,3,1
2026-01-29 06:45:00,1,3,10,15,6,3,1
2026-01-29 07:00:00,1,2,5,10,7,3,1
2026-01-29 07:15:00,1,2,8,8,7,3,1
2026-01-29 07:30:00,1,3,2,21,7,3,1
2026-01-29 07:45:00,1,2,4,10,7,3,1
2026-01-29 08:00:00,1,4,10,20,8,3,1
2026-01-29 08:15:00,1,3,8,18,8,3,1
2026-01-29 08:30:00,1,3,9,15,8,3,1
2026-01-29 08:45:00,1,2,7,12,8,3,1
2026-01-29 09:00:00,1,4,21,16,9,3,8
2026-01-29 09:15:00,8,5,18,35,9,3,1
2026-01-29 09:30:00,1,2,17,14,9,3,2
2026-01-29 09:45:00,2,5,23,30,9,3,1
2026-01-29 10:00:00,1,2,25,8,10,3,18
2026-01-29 10:15:00,18,2,17,14,10,3,19
2026-01-29 10:30:00,19,2,25,14,10,3,28
2026-01-29 10:45:00,28,2,23,12,10,3,37
2026-01-29 11:00:00,37,2,28,12,11,3,52
2026-01-29 11:15:00,52,5,19,25,11,3,43
2026-01-29 11:30:00,43,4,12,16,11,3,39
2026-01-29 11:45:00,39,3,21,15,11,3,47
2026-01-29 12:00:00,47,4,17,16,12,3,45
2026-01-29 12:15:00,45,3,12,15,12,3,39
2026-01-29 12:30:00,39,5,27,35,12,3,26
2026-01-29 12:45:00,26,5,21,30,12,3,20
2026-01-29 13:00:00,20,5,15,35,13,3,1
2026-01-29 13:15:00,1,3,15,21,13,3,1
2026-01-29 13:30:00,1,3,17,21,13,3,1
2026-01-29 13:45:00,1,2,12,8,13,3,5
2026-01-29 14:00:00,5,2,14,10,14,3,7
2026-01-29 14:15:00,7,5,12,30,14,3,1
2026-01-29 14:30:00,1,3,20,12,14,3,7
2026-01-29 14:45:00,7,2,25,14,14,3,17
2026-01-29 15:00:00,17,3,16,21,15,3,13
2026-01-29 15:15:00,13,3,17,12,15,3,21
2026-01-29 15:30:00,21,4,20,24,15,3,19
2026-01-29 15:45:00,19,3,13,21,15,3,12
2026-01-29 16:00:00,12,2,15,8,16,3,20
2026-01-29 16:15:00,20,5,17,25,16,3,13
2026-01-29 16:30:00,13,5,24,25,16,3,11
2026-01-29 16:45:00,11,2,14,8,16,3,15
2026-01-29 17:00:00,15,2,16,12,17,3,16
2026-01-29 17:15:00,16,3,17,12,17,3,18
2026-01-29 17:30:00,18,2,12,8,17,3,24
2026-01-29 17:45:00,24,4,20,20,17,3,23
2026-01-29 18:00:00,23,2,15,14,18,3,24
2026-01-29 18:15:00,24,5,8,20,18,3,14
2026-01-29 18:30:00,14,5,16,25,18,3,5
2026-01-29 18:45:00,5,4,14,28,18,3,1
2026-01-29 19:00:00,1,2,13,14,19,3,1
2026-01-29 19:15:00,1,2,13,8,19,3,6
2026-01-29 19:30:00,6,2,25,14,19,3,18
2026-01-29 19:45:00,18,5,10,20,19,3,11
2026-01-29 20:00:00,11,5,6,25,20,3,1
2026-01-29 20:15:00,1,3,11,18,20,3,1
2026-01-29 20:30:00,1,5,11,25,20,3,1
2026-01-29 20:45:00,1,3,4,15,20,3,1
2026-01-29 21:00:00,1,3,12,12,21,3,1
2026-01-29 21:15:00,1,4,12,20,21,3,1
2026-01-29 21:30:00,1,5,3,20,21,3,1
2026-01-29 21:45:00,1,5,12,30,21,3,1
2026-01-29 22:00:00,1,3,14,15,22,3,1
2026-01-29 22:15:00,1,5,15,25,22,3,1
2026-01-29 22:30:00,1,2,12,8,22,3,4
2026-01-29 22:45:00,4,5,12,35,22,3,1
2026-01-29 23:00:00,1,5,13,35,23,3,1
2026-01-29 23:15:00,1,5,13,30,23,3,1
2026-01-29 23:30:00,1,4,9,16,23,3,1
2026-01-29 23:45:00,1,3,13,12,23,3,2
2026-01-30 00:00:00,2,2,9,12,0,4,1
2026-01-30 00:15:00,1,2,9,14,0,4,1
2026-01-30 00:30:00,1,2,3,8,0,4,1
2026-01-30 00:45:00,1,3,6,12,0,4,1
2026-01-30 01:00:00,1,3,5,21,1,4,1
2026-01-30 01:15:00,1,3,14,15,1,4,1
2026-01-30 01:30:00,1,4,15,20,1,4,1
2026-01-30 01:45:00,1,5,11,30,1,4,1
2026-01-30 02:00:00,1,2,6,14,2,4,1
2026-01-30 02:15:00,1,5,12,20,2,4,1
2026-01-30 02:30:00,1,5,12,20,2,4,1
2026-01-30 02:45:00,1,2,4,10,2,4,1
2026-01-30 03:00:00,1,3,8,12,3,4,1
2026-01-30 03:15:00,1,3,5,15,3,4,1
2026-01-30 03:30:00,1,4,7,24,3,4,1
2026-01-30 03:45:00,1,2,2,8,3,4,1
2026-01-30 04:00:00,1,3,15,18,4,4,1
2026-01-30 04:15:00,1,4,8,16,4,4,1
2026-01-30 04:30:00,1,3,6,12,4,4,1
2026-01-30 04:45:00,1,2,12,10,4,4,3
2026-01-30 05:00:00,3,2,4,14,5,4,1
2026-01-30 05:15:00,1,3,9,12,5,4,1
2026-01-30 05:30:00,1,4,17,20,5,4,1
2026-01-30 05:45:00,1,5,6,30,5,4,1
2026-01-30 06:00:00,1,2,12,8,6,4,6
2026-01-30 06:15:00,6,2,10,12,6,4,1
2026-01-30 06:30:00,1,3,20,21,6,4,1
2026-01-30 06:45:00,1,4,15,20,6,4,1
2026-01-30 07:00:00,1,4,6,20,7,4,1
2026-01-30 07:15:00,1,5,8,25,7,4,1
2026-01-30 07:30:00,1,4,14,24,7,4,1
2026-01-30 07:45:00,1,5,3,30,7,4,1
2026-01-30 08:00:00,1,4,11,20,8,4,1
2026-01-30 08:15:00,1,3,1,18,8,4,1
2026-01-30 08:30:00,1,3,1,18,8,4,1
2026-01-30 08:45:00,1,2,8,10,8,4,1
2026-01-30 09:00:00,1,4,15,28,9,4,1
2026-01-30 09:15:00,1,3,17,18,9,4,1
2026-01-30 09:30:00,1,2,25,10,9,4,15
2026-01-30 09:45:00,15,5,26,20,9,4,22
2026-01-30 10:00:00,22,5,22,25,10,4,20
2026-01-30 10:15:00,20,4,21,28,10,4,8
2026-01-30 10:30:00,8,3,19,18,10,4,8
2026-01-30 10:45:00,8,3,22,21,10,4,10
2026-01-30 11:00:00,10,4,15,16,11,4,11
2026-01-30 11:15:00,11,5,23,25,11,4,5
2026-01-30 11:30:00,5,5,22,30,11,4,1
2026-01-30 11:45:00,1,4,15,24,11,4,1
2026-01-30 12:00:00,1,2,20,12,12,4,11
2026-01-30 12:15:00,11,3,23,15,12,4,14
2026-01-30 12:30:00,14,3,26,18,12,4,21
2026-01-30 12:45:00,21,5,16,30,12,4,5
2026-01-30 13:00:00,5,4,12,16,13,4,1
2026-01-30 13:15:00,1,2,23,14,13,4,12
2026-01-30 13:30:00,12,4,21,16,13,4,17
2026-01-30 13:45:00,17,3,20,21,13,4,18
2026-01-30 14:00:00,18,4,16,24,14,4,7
2026-01-30 14:15:00,7,2,18,14,14,4,11
2026-01-30 14:30:00,11,3,17,15,14,4,17
2026-01-30 14:45:00,17,3,24,21,14,4,21
2026-01-30 15:00:00,21,5,14,30,15,4,6
2026-01-30 15:15:00,6,2,16,12,15,4,7
2026-01-30 15:30:00,7,3,16,18,15,4,7
2026-01-30 15:45:00,7,2,14,10,15,4,12
2026-01-30 16:00:00,12,2,18,12,16,4,18
2026-01-30 16:15:00,18,3,23,18,16,4,20
2026-01-30 16:30:00,20,4,18,20,16,4,14
2026-01-30 16:45:00,14,4,15,20,16,4,7
2026-01-30 17:00:00,7,3,14,15,17,4,9
2026-01-30 17:15:00,9,5,11,35,17,4,1
2026-01-30 17:30:00,1,4,16,24,17,4,1
2026-01-30 17:45:00,1,3,14,21,17,4,1
2026-01-30 18:00:00,1,4,21,20,18,4,3
2026-01-30 18:15:00,3,5,17,20,18,4,1
2026-01-30 18:30:00,1,5,16,30,18,4,1
2026-01-30 18:45:00,1,3,13,21,18,4,1
2026-01-30 19:00:00,1,2,14,14,19,4,2
2026-01-30 19:15:00,2,4,17,28,19,4,1
2026-01-30 19:30:00,1,3,13,18,19,4,1
2026-01-30 19:45:00,1,5,11,35,19,4,1
2026-01-30 20:00:00,1,5,7,25,20,4,1
2026-01-30 20:15:00,1,2,10,12,20,4,1
2026-01-30 20:30:00,1,5,17,30,20,4,1
2026-01-30 20:45:00,1,4,12,16,20,4,1
2026-01-30 21:00:00,1,5,1,35,21,4,1
2026-01-30 21:15:00,1,4,14,16,21,4,1
2026-01-30 21:30:00,1,4,2,24,21,4,1
2026-01-30 21:45:00,1,5,16,25,21,4,1
2026-01-30 22:00:00,1,5,7,20,22,4,1
2026-01-30 22:15:00,1,5,14,30,22,4,1
2026-01-30 22:30:00,1,3,8,12,22,4,1
2026-01-30 22:45:00,1,4,7,28,22,4,1
2026-01-30 23:00:00,1,4,12,24,23,4,1
2026-01-30 23:15:00,1,4,9,28,23,4,1
2026-01-30 23:30:00,1,2,4,14,23,4,1
2026-01-30 23:45:00,1,4,11,24,23,4,1
2026-01-31 00:00:00,1,4,6,16,0,5,1
2026-01-31 00:15:00,1,3,2,15,0,5,1
2026-01-31 00:30:00,1,3,6,12,0,5,1
2026-01-31 00:45:00,1,3,7,18,0,5,1
2026-01-31 01:00:00,1,5,10,20,1,5,1
2026-01-31 01:15:00,1,4,13,20,1,5,1
2026-01-31 01:30:00,1,5,3,20,1,5,1
2026-01-31 01:45:00,1,4,9,24,1,5,1
2026-01-31 02:00:00,1,4,7,16,2,5,1
2026-01-31 02:15:00,1,4,9,24,2,5,1
2026-01-31 02:30:00,1,5,0,30,2,5,1
2026-01-31 02:45:00,1,4,1,16,2,5,1
2026-01-31 03:00:00,1,2,7,8,3,5,1
2026-01-31 03:15:00,1,3,8,18,3,5,1
2026-01-31 03:30:00,1,4,6,24,3,5,1
2026-01-31 03:45:00,1,4,6,28,3,5,1
2026-01-31 04:00:00,1,3,7,21,4,5,1
2026-01-31 04:15:00,1,2,5,10,4,5,1
2026-01-31 04:30:00,1,5,4,30,4,5,1
2026-01-31 04:45:00,1,2,7,8,4,5,1
2026-01-31 05:00:00,1,5,5,20,5,5,1
2026-01-31 05:15:00,1,5,4,35,5,5,1
2026-01-31 05:30:00,1,2,0,10,5,5,1
2026-01-31 05:45:00,1,4,5,28,5,5,1
2026-01-31 06:00:00,1,4,1,24,6,5,1
2026-01-31 06:15:00,1,4,5,24,6,5,1
2026-01-31 06:30:00,1,3,4,15,6,5,1
2026-01-31 06:45:00,1,3,5,15,6,5,1
2026-01-31 07:00:00,1,3,9,18,7,5,1
2026-01-31 07:15:00,1,3,7,21,7,5,1
2026-01-31 07:30:00,1,3,7,21,7,5,1
2026-01-31 07:45:00,1,4,8,16,7,5,1
2026-01-31 08:00:00,1,3,0,21,8,5,1
2026-01-31 08:15:00,1,5,4,20,8,5,1
2026-01-31 08:30:00,1,3,10,21,8,5,1
2026-01-31 08:45:00,1,3,2,18,8,5,1
2026-01-31 09:00:00,1,3,19,15,9,5,3
2026-01-31 09:15:00,3,3,10,15,9,5,1
2026-01-31 09:30:00,1,3,18,12,9,5,4
2026-01-31 09:45:00,4,3,20,21,9,5,3
2026-01-31 10:00:00,3,3,21,18,10,5,5
2026-01-31 10:15:00,5,4,28,28,10,5,4
2026-01-31 10:30:00,4,3,14,15,10,5,2
2026-01-31 10:45:00,2,5,14,30,10,5,1
2026-01-31 11:00:00,1,3,16,21,11,5,1
2026-01-31 11:15:00,1,2,11,10,11,5,4
2026-01-31 11:30:00,4,4,5,24,11,5,1
2026-01-31 11:45:00,1,2,12,14,11,5,1
2026-01-31 12:00:00,1,2,20,12,12,5,10
2026-01-31 12:15:00,10,2,13,12,12,5,12
2026-01-31 12:30:00,12,3,17,12,12,5,17
2026-01-31 12:45:00,17,5,26,35,12,5,9
2026-01-31 13:00:00,9,5,23,35,13,5,1
2026-01-31 13:15:00,1,5,9,20,13,5,1
2026-01-31 13:30:00,1,3,13,18,13,5,1
2026-01-31 13:45:00,1,3,13,18,13,5,1
2026-01-31 14:00:00,1,4,10,24,14,5,1
2026-01-31 14:15:00,1,5,12,35,14,5,1
2026-01-31 14:30:00,1,4,12,28,14,5,1
2026-01-31 14:45:00,1,3,9,18,14,5,1
2026-01-31 15:00:00,1,2,8,10,15,5,1
2026-01-31 15:15:00,1,4,13,24,15,5,1
2026-01-31 15:30:00,1,3,13,15,15,5,3
2026-01-31 15:45:00,3,4,9,20,15,5,1
2026-01-31 16:00:00,1,5,6,25,16,5,1
2026-01-31 16:15:00,1,3,17,21,16,5,1
2026-01-31 16:30:00,1,4,18,16,16,5,1
2026-01-31 16:45:00,1,2,13,10,16,5,8
2026-01-31 17:00:00,8,2,11,10,17,5,11
2026-01-31 17:15:00,11,2,11,12,17,5,9
2026-01-31 17:30:00,9,2,25,14,17,5,21
2026-01-31 17:45:00,21,2,7,14,17,5,10
2026-01-31 18:00:00,10,3,12,15,18,5,9
2026-01-31 18:15:00,9,4,13,20,18,5,2
2026-01-31 18:30:00,2,2,9,10,18,5,4
2026-01-31 18:45:00,4,5,11,20,18,5,1
2026-01-31 19:00:00,1,2,15,12,19,5,1
2026-01-31 19:15:00,1,3,12,15,19,5,1
2026-01-31 19:30:00,1,3,9,18,19,5,1
2026-01-31 19:45:00,1,2,12,10,19,5,1
2026-01-31 20:00:00,1,5,2,20,20,5,1
2026-01-31 20:15:00,1,4,0,16,20,5,1
2026-01-31 20:30:00,1,4,1,16,20,5,1
2026-01-31 20:45:00,1,2,0,12,20,5,1
2026-01-31 21:00:00,1,5,5,20,21,5,1
2026-01-31 21:15:00,1,3,12,21,21,5,1
2026-01-31 21:30:00,1,3,13,21,21,5,1
2026-01-31 21:45:00,1,3,0,18,21,5,1
2026-01-31 22:00:00,1,2,3,10,22,5,1
2026-01-31 22:15:00,1,5,6,20,22,5,1
2026-01-31 22:30:00,1,2,3,12,22,5,1
2026-01-31 22:45:00,1,4,2,28,22,5,1
2026-01-31 23:00:00,1,2,9,10,23,5,1
2026-01-31 23:15:00,1,4,8,16,23,5,1
2026-01-31 23:30:00,1,4,2,20,23,5,1
2026-01-31 23:45:00,1,4,11,24,23,5,1
2026-02-01 00:00:00,1,4,6,20,0,6,1
2026-02-01 00:15:00,1,5,4,25,0,6,1
2026-02-01 00:30:00,1,2,5,8,0,6,1
2026-02-01 00:45:00,1,4,9,16,0,6,1
2026-02-01 01:00:00,1,3,6,15,1,6,1
2026-02-01 01:15:00,1,5,4,35,1,6,1
2026-02-01 01:30:00,1,2,6,14,1,6,1
2026-02-01 01:45:00,1,2,5,14,1,6,1
2026-02-01 02:00:00,1,2,0,8,2,6,1
2026-02-01 02:15:00,1,4,6,20,2,6,1
2026-02-01 02:30:00,1,4,8,20,2,6,1
2026-02-01 02:45:00,1,4,8,20,2,6,1
2026-02-01 03:00:00,1,3,14,15,3,6,1
2026-02-01 03:15:00,1,3,0,12,3,6,1
2026-02-01 03:30:00,1,4,8,28,3,6,1
2026-02-01 03:45:00,1,3,8,15,3,6,1
2026-02-01 04:00:00,1,2,8,12,4,6,1
2026-02-01 04:15:00,1,2,3,8,4,6,1
2026-02-01 04:30:00,1,5,6,35,4,6,1
2026-02-01 04:45:00,1,4,4,20,4,6,1
2026-02-01 05:00:00,1,4,9,24,5,6,1
2026-02-01 05:15:00,1,3,9,15,5,6,1
2026-02-01 05:30:00,1,3,6,18,5,6,1
2026-02-01 05:45:00,1,2,2,10,5,6,1
2026-02-01 06:00:00,1,2,7,10,6,6,1
2026-02-01 06:15:00,1,4,9,24,6,6,1
2026-02-01 06:30:00,1,5,9,20,6,6,1
2026-02-01 06:45:00,1,4,7,20,6,6,1
2026-02-01 07:00:00,1,2,6,12,7,6,1
2026-02-01 07:15:00,1,3,5,21,7,6,1
2026-02-01 07:30:00,1,3,14,15,7,6,1
2026-02-01 07:45:00,1,2,14,12,7,6,1
2026-02-01 08:00:00,1,5,3,20,8,6,1
2026-02-01 08:15:00,1,5,3,30,8,6,1
2026-02-01 08:30:00,1,4,7,28,8,6,1
2026-02-01 08:45:00,1,4,5,16,8,6,1
2026-02-01 09:00:00,1,2,21,14,9,6,6
2026-02-01 09:15:00,6,2,16,8,9,6,10
2026-02-01 09:30:00,10,3,15,21,9,6,5
2026-02-01 09:45:00,5,2,18,14,9,6,8
2026-02-01 10:00:00,8,5,17,25,10,6,1
2026-02-01 10:15:00,1,3,13,18,10,6,1
2026-02-01 10:30:00,1,4,18,20,10,6,1
2026-02-01 10:45:00,1,5,26,25,10,6,2
2026-02-01 11:00:00,2,3,10,15,11,6,1
2026-02-01 11:15:00,1,2,21,10,11,6,9
2026-02-01 11:30:00,9,4,22,28,11,6,3
2026-02-01 11:45:00,3,5,11,20,11,6,1
2026-02-01 12:00:00,1,2,19,14,12,6,3
2026-02-01 12:15:00,3,4,19,20,12,6,3
2026-02-01 12:30:00,3,5,13,35,12,6,1
2026-02-01 12:45:00,1,2,11,8,12,6,3
2026-02-01 13:00:00,3,3,16,21,13,6,1
2026-02-01 13:15:00,1,4,4,20,13,6,1
2026-02-01 13:30:00,1,3,13,15,13,6,1
2026-02-01 13:45:00,1,2,19,14,13,6,10
2026-02-01 14:00:00,10,2,16,8,14,6,16
2026-02-01 14:15:00,16,2,11,10,14,6,19
2026-02-01 14:30:00,19,5,14,35,14,6,1
2026-02-01 14:45:00,1,4,17,16,14,6,1
2026-02-01 15:00:00,1,3,7,15,15,6,1
2026-02-01 15:15:00,1,3,12,12,15,6,5
2026-02-01 15:30:00,5,3,9,21,15,6,1
2026-02-01 15:45:00,1,3,18,15,15,6,5
2026-02-01 16:00:00,5,4,15,16,16,6,5
2026-02-01 16:15:00,5,3,19,15,16,6,10
2026-02-01 16:30:00,10,4,11,16,16,6,7
2026-02-01 16:45:00,7,4,19,16,16,6,8
2026-02-01 17:00:00,8,3,10,15,17,6,1
2026-02-01 17:15:00,1,2,16,10,17,6,5
2026-02-01 17:30:00,5,5,16,30,17,6,1
2026-02-01 17:45:00,1,5,10,35,17,6,1
2026-02-01 18:00:00,1,2,13,12,18,6,4
2026-02-01 18:15:00,4,3,10,12,18,6,2
2026-02-01 18:30:00,2,4,14,24,18,6,1
2026-02-01 18:45:00,1,5,8,25,18,6,1
2026-02-01 19:00:00,1,5,9,35,19,6,1
2026-02-01 19:15:00,1,3,13,12,19,6,1
2026-02-01 19:30:00,1,3,12,18,19,6,1
2026-02-01 19:45:00,1,2,10,10,19,6,1
2026-02-01 20:00:00,1,4,8,24,20,6,1
2026-02-01 20:15:00,1,5,7,35,20,6,1
2026-02-01 20:30:00,1,3,5,12,20,6,1
2026-02-01 20:45:00,1,5,3,35,20,6,1
2026-02-01 21:00:00,1,3,9,18,21,6,1
2026-02-01 21:15:00,1,2,6,10,21,6,1
2026-02-01 21:30:00,1,5,10,20,21,6,1
2026-02-01 21:45:00,1,5,13,35,21,6,1
2026-02-01 22:00:00,1,3,7,21,22,6,1
2026-02-01 22:15:00,1,2,2,10,22,6,1
2026-02-01 22:30:00,1,3,0,15,22,6,1
2026-02-01 22:45:00,1,5,11,25,22,6,1
2026-02-01 23:00:00,1,4,4,16,23,6,1
2026-02-01 23:15:00,1,5,2,20,23,6,1
2026-02-01 23:30:00,1,5,3,25,23,6,1
2026-02-01 23:45:00,1,5,7,30,23,6,1
2026-02-02 00:00:00,1,3,8,12,0,0,1
2026-02-02 00:15:00,1,2,14,8,0,0,3
2026-02-02 00:30:00,3,5,7,30,0,0,1
2026-02-02 00:45:00,1,5,14,35,0,0,1
2026-02-02 01:00:00,1,5,3,30,1,0,1
2026-02-02 01:15:00,1,4,13,24,1,0,1
2026-02-02 01:30:00,1,3,9,18,1,0,1
2026-02-02 01:45:00,1,3,18,18,1,0,1
2026-02-02 02:00:00,1,3,11,18,2,0,1
2026-02-02 02:15:00,1,3,11,12,2,0,1
2026-02-02 02:30:00,1,2,13,14,2,0,1
2026-02-02 02:45:00,1,4,4,28,2,0,1
2026-02-02 03:00:00,1,2,3,10,3,0,1
2026-02-02 03:15:00,1,3,9,12,3,0,1
2026-02-02 03:30:00,1,2,4,10,3,0,1
2026-02-02 03:45:00,1,4,7,20,3,0,1
2026-02-02 04:00:00,1,2,11,14,4,0,1
2026-02-02 04:15:00,1,3,7,15,4,0,1
2026-02-02 04:30:00,1,3,13,12,4,0,2
2026-02-02 04:45:00,2,4,1,24,4,0,1
2026-02-02 05:00:00,1,4,9,28,5,0,1
2026-02-02 05:15:00,1,3,7,18,5,0,1
2026-02-02 05:30:00,1,5,12,25,5,0,1
2026-02-02 05:45:00,1,5,11,35,5,0,1
2026-02-02 06:00:00,1,3,18,15,6,0,1
2026-02-02 06:15:00,1,2,12,10,6,0,3
2026-02-02 06:30:00,3,5,5,30,6,0,1
2026-02-02 06:45:00,1,4,13,28,6,0,1
2026-02-02 07:00:00,1,2,8,12,7,0,1
2026-02-02 07:15:00,1,4,11,16,7,0,1
2026-02-02 07:30:00,1,4,10,16,7,0,1
2026-02-02 07:45:00,1,4,10,24,7,0,1
2026-02-02 08:00:00,1,4,12,20,8,0,1
2026-02-02 08:15:00,1,2,9,10,8,0,1
2026-02-02 08:30:00,1,3,11,12,8,0,1
2026-02-02 08:45:00,1,4,9,28,8,0,1
2026-02-02 09:00:00,1,2,20,8,9,0,14
2026-02-02 09:15:00,14,2,16,8,9,0,22
2026-02-02 09:30:00,22,3,27,12,9,0,35
2026-02-02 09:45:00,35,5,21,35,9,0,22
2026-02-02 10:00:00,22,4,27,16,10,0,34
2026-02-02 10:15:00,34,2,17,8,10,0,45
2026-02-02 10:30:00,45,4,20,28,10,0,36
2026-02-02 10:45:00,36,3,22,21,10,0,35
2026-02-02 11:00:00,35,2,23,10,11,0,48
2026-02-02 11:15:00,48,2,24,14,11,0,59
2026-02-02 11:30:00,59,2,22,12,11,0,69
2026-02-02 11:45:00,69,4,21,16,11,0,69
2026-02-02 12:00:00,69,4,22,20,12,0,70
2026-02-02 12:15:00,70,5,20,25,12,0,64
2026-02-02 12:30:00,64,3,14,12,12,0,64
2026-02-02 12:45:00,64,2,16,8,12,0,68
2026-02-02 13:00:00,68,5,14,30,13,0,55
2026-02-02 13:15:00,55,5,11,20,13,0,50
2026-02-02 13:30:00,50,4,17,24,13,0,42
2026-02-02 13:45:00,42,5,22,20,13,0,41
2026-02-02 14:00:00,41,3,20,18,14,0,42
2026-02-02 14:15:00,42,4,23,16,14,0,47
2026-02-02 14:30:00,47,3,18,15,14,0,52
2026-02-02 14:45:00,52,3,23,12,14,0,65
2026-02-02 15:00:00,65,2,17,14,15,0,67
2026-02-02 15:15:00,67,2,24,14,15,0,77
2026-02-02 15:30:00,77,4,14,16,15,0,76
2026-02-02 15:45:00,76,2,21,14,15,0,84
2026-02-02 16:00:00,84,3,22,15,16,0,90
2026-02-02 16:15:00,90,3,14,15,16,0,86
2026-02-02 16:30:00,86,3,13,15,16,0,84
2026-02-02 16:45:00,84,3,19,18,16,0,86
2026-02-02 17:00:00,86,2,17,12,17,0,89
2026-02-02 17:15:00,89,5,13,30,17,0,76
2026-02-02 17:30:00,76,5,15,30,17,0,60
2026-02-02 17:45:00,60,4,19,16,17,0,62
2026-02-02 18:00:00,62,5,20,30,18,0,54
2026-02-02 18:15:00,54,5,18,25,18,0,46
2026-02-02 18:30:00,46,4,16,16,18,0,41
2026-02-02 18:45:00,41,5,14,25,18,0,27
2026-02-02 19:00:00,27,4,16,28,19,0,16
2026-02-02 19:15:00,16,5,16,20,19,0,12
2026-02-02 19:30:00,12,2,16,8,19,0,20
2026-02-02 19:45:00,20,5,22,30,19,0,13
2026-02-02 20:00:00,13,3,10,18,20,0,3
2026-02-02 20:15:00,3,5,13,30,20,0,1
2026-02-02 20:30:00,1,2,11,14,20,0,1
2026-02-02 20:45:00,1,4,11,16,20,0,1
2026-02-02 21:00:00,1,5,11,35,21,0,1
2026-02-02 21:15:00,1,3,15,15,21,0,1
2026-02-02 21:30:00,1,4,6,28,21,0,1
2026-02-02 21:45:00,1,5,4,25,21,0,1
2026-02-02 22:00:00,1,4,7,16,22,0,1
2026-02-02 22:15:00,1,2,7,10,22,0,1
2026-02-02 22:30:00,1,2,2,8,22,0,1
2026-02-02 22:45:00,1,3,14,21,22,0,1
2026-02-02 23:00:00,1,2,2,14,23,0,1
2026-02-02 23:15:00,1,2,14,8,23,0,6
2026-02-02 23:30:00,6,4,10,24,23,0,1
2026-02-02 23:45:00,1,4,21,20,23,0,4
2026-02-03 00:00:00,4,4,1,20,0,1,1
2026-02-03 00:15:00,1,4,8,28,0,1,1
2026-02-03 00:30:00,1,4,11,16,0,1,1
2026-02-03 00:45:00,1,3,3,15,0,1,1
2026-02-03 01:00:00,1,2,15,8,1,1,8
2026-02-03 01:15:00,8,3,7,12,1,1,4
2026-02-03 01:30:00,4,2,8,14,1,1,1
2026-02-03 01:45:00,1,2,5,12,1,1,1
2026-02-03 02:00:00,1,4,4,28,2,1,1
2026-02-03 02:15:00,1,3,10,12,2,1,1
2026-02-03 02:30:00,1,4,8,16,2,1,1
2026-02-03 02:45:00,1,5,9,30,2,1,1
2026-02-03 03:00:00,1,4,7,24,3,1,1
2026-02-03 03:15:00,1,3,13,15,3,1,1
2026-02-03 03:30:00,1,5,5,35,3,1,1
2026-02-03 03:45:00,1,3,6,18,3,1,1
2026-02-03 04:00:00,1,5,2,20,4,1,1
2026-02-03 04:15:00,1,2,8,12,4,1,1
2026-02-03 04:30:00,1,5,4,25,4,1,1
2026-02-03 04:45:00,1,3,9,18,4,1,1
2026-02-03 05:00:00,1,5,7,35,5,1,1
2026-02-03 05:15:00,1,3,0,18,5,1,1
2026-02-03 05:30:00,1,2,5,12,5,1,1
2026-02-03 05:45:00,1,3,9,18,5,1,1
2026-02-03 06:00:00,1,4,8,24,6,1,1
2026-02-03 06:15:00,1,3,5,15,6,1,1
2026-02-03 06:30:00,1,4,5,24,6,1,1
2026-02-03 06:45:00,1,5,2,35,6,1,1
2026-02-03 07:00:00,1,5,12,30,7,1,1
2026-02-03 07:15:00,1,3,7,12,7,1,1
2026-02-03 07:30:00,1,5,11,35,7,1,1
2026-02-03 07:45:00,1,3,9,15,7,1,1
2026-02-03 08:00:00,1,4,7,24,8,1,1
2026-02-03 08:15:00,1,4,3,20,8,1,1
2026-02-03 08:30:00,1,2,10,8,8,1,2
2026-02-03 08:45:00,2,3,11,21,8,1,1
2026-02-03 09:00:00,1,3,20,18,9,1,4
2026-02-03 09:15:00,4,5,14,25,9,1,1
2026-02-03 09:30:00,1,3,27,15,9,1,12
2026-02-03 09:45:00,12,5,16,20,9,1,9
2026-02-03 10:00:00,9,4,20,16,10,1,13
2026-02-03 10:15:00,13,2,22,10,10,1,22
2026-02-03 10:30:00,22,4,18,20,10,1,21
2026-02-03 10:45:00,21,2,16,14,10,1,25
2026-02-03 11:00:00,25,3,20,12,11,1,30
2026-02-03 11:15:00,30,2,25,10,11,1,44
2026-02-03 11:30:00,44,4,22,16,11,1,47
2026-02-03 11:45:00,47,5,17,25,11,1,38
2026-02-03 12:00:00,38,4,14,16,12,1,34
2026-02-03 12:15:00,34,2,26,12,12,1,46
2026-02-03 12:30:00,46,3,16,18,12,1,45
2026-02-03 12:45:00,45,4,26,28,12,1,43
2026-02-03 13:00:00,43,5,19,20,13,1,40
2026-02-03 13:15:00,40,5,12,20,13,1,31
2026-02-03 13:30:00,31,2,17,8,13,1,40
2026-02-03 13:45:00,40,3,10,21,13,1,36
2026-02-03 14:00:00,36,4,18,20,14,1,34
2026-02-03 14:15:00,34,4,11,16,14,1,29
2026-02-03 14:30:00,29,2,23,12,14,1,39
2026-02-03 14:45:00,39,2,16,10,14,1,44
2026-02-03 15:00:00,44,4,19,16,15,1,44
2026-02-03 15:15:00,44,5,18,35,15,1,26
2026-02-03 15:30:00,26,3,11,12,15,1,23
2026-02-03 15:45:00,23,5,16,35,15,1,5
2026-02-03 16:00:00,5,3,12,18,16,1,1
2026-02-03 16:15:00,1,5,13,30,16,1,1
2026-02-03 16:30:00,1,2,14,8,16,1,8
2026-02-03 16:45:00,8,5,14,20,16,1,4
2026-02-03 17:00:00,4,3,8,12,17,1,2
2026-02-03 17:15:00,2,4,10,20,17,1,1
2026-02-03 17:30:00,1,2,10,14,17,1,1
2026-02-03 17:45:00,1,4,17,16,17,1,1
2026-02-03 18:00:00,1,3,20,12,18,1,8
2026-02-03 18:15:00,8,2,12,10,18,1,10
2026-02-03 18:30:00,10,5,17,30,18,1,1
2026-02-03 18:45:00,1,5,17,25,18,1,1
2026-02-03 19:00:00,1,4,9,24,19,1,1
2026-02-03 19:15:00,1,4,19,16,19,1,4
2026-02-03 19:30:00,4,4,17,24,19,1,1
2026-02-03 19:45:00,1,2,16,10,19,1,5
2026-02-03 20:00:00,5,5,15,30,20,1,1
2026-02-03 20:15:00,1,2,9,8,20,1,4
2026-02-03 20:30:00,4,5,13,35,20,1,1
2026-02-03 20:45:00,1,5,19,30,20,1,1
2026-02-03 21:00:00,1,2,8,14,21,1,1
2026-02-03 21:15:00,1,4,10,28,21,1,1
2026-02-03 21:30:00,1,5,11,30,21,1,1
2026-02-03 21:45:00,1,3,12,21,21,1,1
2026-02-03 22:00:00,1,3,13,18,22,1,1
2026-02-03 22:15:00,1,4,8,16,22,1,1
2026-02-03 22:30:00,1,3,2,18,22,1,1
2026-02-03 22:45:00,1,2,14,10,22,1,4
2026-02-03 23:00:00,4,4,8,24,23,1,1
2026-02-03 23:15:00,1,4,5,16,23,1,1
2026-02-03 23:30:00,1,4,8,20,23,1,1
2026-02-03 23:45:00,1,3,10,15,23,1,1
2026-02-04 00:00:00,1,5,12,25,0,2,1
2026-02-04 00:15:00,1,4,10,16,0,2,1
2026-02-04 00:30:00,1,5,14,25,0,2,1
2026-02-04 00:45:00,1,2,7,10,0,2,1
2026-02-04 01:00:00,1,5,3,35,1,2,1
2026-02-04 01:15:00,1,2,9,10,1,2,2
2026-02-04 01:30:00,2,5,11,30,1,2,1
2026-02-04 01:45:00,1,4,7,16,1,2,1
2026-02-04 02:00:00,1,4,4,20,2,2,1
2026-02-04 02:15:00,1,5,12,25,2,2,1
2026-02-04 02:30:00,1,3,8,21,2,2,1
2026-02-04 02:45:00,1,4,9,16,2,2,1
2026-02-04 03:00:00,1,5,8,35,3,2,1
2026-02-04 03:15:00,1,3,11,21,3,2,1
2026-02-04 03:30:00,1,2,11,10,3,2,2
2026-02-04 03:45:00,2,3,14,21,3,2,1
2026-02-04 04:00:00,1,5,0,35,4,2,1
2026-02-04 04:15:00,1,4,7,20,4,2,1
2026-02-04 04:30:00,1,4,7,20,4,2,1
2026-02-04 04:45:00,1,4,8,16,4,2,1
2026-02-04 05:00:00,1,4,13,28,5,2,1
2026-02-04 05:15:00,1,3,11,18,5,2,1
2026-02-04 05:30:00,1,5,3,30,5,2,1
2026-02-04 05:45:00,1,3,11,15,5,2,1
2026-02-04 06:00:00,1,4,13,24,6,2,1
2026-02-04 06:15:00,1,2,7,14,6,2,1
2026-02-04 06:30:00,1,3,12,21,6,2,1
2026-02-04 06:45:00,1,3,6,18,6,2,1
2026-02-04 07:00:00,1,2,1,12,7,2,1
2026-02-04 07:15:00,1,2,6,8,7,2,1
2026-02-04 07:30:00,1,2,13,8,7,2,3
2026-02-04 07:45:00,3,3,14,21,7,2,1
2026-02-04 08:00:00,1,4,5,24,8,2,1
2026-02-04 08:15:00,1,4,5,24,8,2,1
2026-02-04 08:30:00,1,5,10,35,8,2,1
2026-02-04 08:45:00,1,2,13,14,8,2,1
2026-02-04 09:00:00,1,2,17,8,9,2,13
2026-02-04 09:15:00,13,3,18,12,9,2,18
2026-02-04 09:30:00,18,3,17,15,9,2,17
2026-02-04 09:45:00,17,3,20,21,9,2,18
2026-02-04 10:00:00,18,2,13,12,10,2,21
2026-02-04 10:15:00,21,3,18,18,10,2,21
2026-02-04 10:30:00,21,2,17,8,10,2,31
2026-02-04 10:45:00,31,5,10,20,10,2,18
2026-02-04 11:00:00,18,5,26,20,11,2,26
2026-02-04 11:15:00,26,4,16,16,11,2,23
2026-02-04 11:30:00,23,3,19,18,11,2,24
2026-02-04 11:45:00,24,2,21,14,11,2,28
2026-02-04 12:00:00,28,4,17,16,12,2,30
2026-02-04 12:15:00,30,4,26,24,12,2,32
2026-02-04 12:30:00,32,2,21,12,12,2,42
2026-02-04 12:45:00,42,4,21,28,12,2,33
2026-02-04 13:00:00,33,2,25,10,13,2,46
2026-02-04 13:15:00,46,5,16,30,13,2,31
2026-02-04 13:30:00,31,3,18,15,13,2,31
2026-02-04 13:45:00,31,2,13,8,13,2,38
2026-02-04 14:00:00,38,2,21,8,14,2,52
2026-02-04 14:15:00,52,5,11,20,14,2,46
2026-02-04 14:30:00,46,4,22,24,14,2,43
2026-02-04 14:45:00,43,5,13,20,14,2,35
2026-02-04 15:00:00,35,4,16,20,15,2,28
2026-02-04 15:15:00,28,2,19,14,15,2,31
2026-02-04 15:30:00,31,5,16,30,15,2,16
2026-02-04 15:45:00,16,2,28,12,15,2,33
2026-02-04 16:00:00,33,5,14,35,16,2,14
2026-02-04 16:15:00,14,4,14,24,16,2,7
2026-02-04 16:30:00,7,3,15,21,16,2,2
2026-02-04 16:45:00,2,3,17,15,16,2,2
2026-02-04 17:00:00,2,4,15,20,17,2,1
2026-02-04 17:15:00,1,2,15,10,17,2,4
2026-02-04 17:30:00,4,3,15,18,17,2,1
2026-02-04 17:45:00,1,4,12,28,17,2,1
2026-02-04 18:00:00,1,5,17,20,18,2,1
2026-02-04 18:15:00,1,2,16,14,18,2,6
2026-02-04 18:30:00,6,3,6,15,18,2,1
2026-02-04 18:45:00,1,2,16,10,18,2,7
2026-02-04 19:00:00,7,5,13,35,19,2,1
2026-02-04 19:15:00,1,3,15,15,19,2,1
2026-02-04 19:30:00,1,2,14,10,19,2,5
2026-02-04 19:45:00,5,5,19,30,19,2,1
2026-02-04 20:00:00,1,2,7,10,20,2,1
2026-02-04 20:15:00,1,5,8,35,20,2,1
2026-02-04 20:30:00,1,2,6,14,20,2,1
2026-02-04 20:45:00,1,3,11,18,20,2,1
2026-02-04 21:00:00,1,5,7,20,21,2,1
2026-02-04 21:15:00,1,5,0,20,21,2,1
2026-02-04 21:30:00,1,5,6,30,21,2,1
2026-02-04 21:45:00,1,4,15,24,21,2,1
2026-02-04 22:00:00,1,2,8,14,22,2,1
2026-02-04 22:15:00,1,5,3,25,22,2,1
2026-02-04 22:30:00,1,2,11,10,22,2,1
2026-02-04 22:45:00,1,5,7,25,22,2,1
2026-02-04 23:00:00,1,2,11,10,23,2,1
2026-02-04 23:15:00,1,5,8,25,23,2,1
2026-02-04 23:30:00,1,5,11,35,23,2,1
2026-02-04 23:45:00,1,5,7,20,23,2,1
2026-02-05 00:00:00,1,4,7,20,0,3,1
2026-02-05 00:15:00,1,5,5,30,0,3,1
2026-02-05 00:30:00,1,5,11,35,0,3,1
2026-02-05 00:45:00,1,2,6,10,0,3,1
2026-02-05 01:00:00,1,3,15,21,1,3,1
2026-02-05 01:15:00,1,5,12,25,1,3,1
2026-02-05 01:30:00,1,5,10,30,1,3,1
2026-02-05 01:45:00,1,5,7,30,1,3,1
2026-02-05 02:00:00,1,4,1,28,2,3,1
2026-02-05 02:15:00,1,3,7,12,2,3,1
2026-02-05 02:30:00,1,4,7,16,2,3,1
2026-02-05 02:45:00,1,5,4,25,2,3,1
2026-02-05 03:00:00,1,2,12,8,3,3,4
2026-02-05 03:15:00,4,5,6,30,3,3,1
2026-02-05 03:30:00,1,2,5,8,3,3,1
2026-02-05 03:45:00,1,2,2,8,3,3,1
2026-02-05 04:00:00,1,3,7,15,4,3,1
2026-02-05 04:15:00,1,4,13,24,4,3,1
2026-02-05 04:30:00,1,4,12,28,4,3,1
2026-02-05 04:45:00,1,3,8,21,4,3,1
2026-02-05 05:00:00,1,4,10,16,5,3,1
2026-02-05 05:15:00,1,3,12,21,5,3,1
2026-02-05 05:30:00,1,5,11,30,5,3,1
2026-02-05 05:45:00,1,3,7,15,5,3,1
2026-02-05 06:00:00,1,4,14,16,6,3,1
2026-02-05 06:15:00,1,4,8,20,6,3,1
2026-02-05 06:30:00,1,4,10,20,6,3,1
2026-02-05 06:45:00,1,3,9,21,6,3,1
2026-02-05 07:00:00,1,4,10,20,7,3,1
2026-02-05 07:15:00,1,4,2,20,7,3,1
2026-02-05 07:30:00,1,3,3,21,7,3,1
2026-02-05 07:45:00,1,4,13,20,7,3,1
2026-02-05 08:00:00,1,5,7,20,8,3,1
2026-02-05 08:15:00,1,3,7,18,8,3,1
2026-02-05 08:30:00,1,2,13,10,8,3,5
2026-02-05 08:45:00,5,2,14,14,8,3,5
2026-02-05 09:00:00,5,3,21,15,9,3,8
2026-02-05 09:15:00,8,2,22,12,9,3,20
2026-02-05 09:30:00,20,5,20,30,9,3,11
2026-02-05 09:45:00,11,4,19,20,9,3,6
2026-02-05 10:00:00,6,5,24,25,10,3,4
2026-02-05 10:15:00,4,5,19,25,10,3,1
2026-02-05 10:30:00,1,4,28,20,10,3,11
2026-02-05 10:45:00,11,2,24,8,10,3,24
2026-02-05 11:00:00,24,2,24,10,11,3,42
2026-02-05 11:15:00,42,4,18,24,11,3,35
2026-02-05 11:30:00,35,2,16,12,11,3,39
2026-02-05 11:45:00,39,4,22,28,11,3,34
2026-02-05 12:00:00,34,2,14,10,12,3,36
2026-02-05 12:15:00,36,5,18,25,12,3,30
2026-02-05 12:30:00,30,2,17,10,12,3,39
2026-02-05 12:45:00,39,4,20,28,12,3,30
2026-02-05 13:00:00,30,2,21,10,13,3,39
2026-02-05 13:15:00,39,4,17,20,13,3,34
2026-02-05 13:30:00,34,3,20,18,13,3,37
2026-02-05 13:45:00,37,4,26,24,13,3,36
2026-02-05 14:00:00,36,3,20,18,14,3,37
2026-02-05 14:15:00,37,5,27,20,14,3,42
2026-02-05 14:30:00,42,4,15,20,14,3,36
2026-02-05 14:45:00,36,3,22,12,14,3,44
2026-02-05 15:00:00,44,3,19,15,15,3,48
2026-02-05 15:15:00,48,2,17,8,15,3,54
2026-02-05 15:30:00,54,2,16,14,15,3,54
2026-02-05 15:45:00,54,4,13,20,15,3,46
2026-02-05 16:00:00,46,4,11,20,16,3,38
2026-02-05 16:15:00,38,3,17,15,16,3,38
2026-02-05 16:30:00,38,4,23,20,16,3,38
2026-02-05 16:45:00,38,2,15,14,16,3,36
2026-02-05 17:00:00,36,2,16,10,17,3,43
2026-02-05 17:15:00,43,5,9,30,17,3,19
2026-02-05 17:30:00,19,4,20,20,17,3,21
2026-02-05 17:45:00,21,5,13,30,17,3,8
2026-02-05 18:00:00,8,4,17,16,18,3,8
2026-02-05 18:15:00,8,4,12,16,18,3,3
2026-02-05 18:30:00,3,5,18,20,18,3,4
2026-02-05 18:45:00,4,3,22,15,18,3,8
2026-02-05 19:00:00,8,5,15,35,19,3,1
2026-02-05 19:15:00,1,4,20,16,19,3,4
2026-02-05 19:30:00,4,5,19,35,19,3,1
2026-02-05 19:45:00,1,5,13,20,19,3,1
2026-02-05 20:00:00,1,5,9,30,20,3,1
2026-02-05 20:15:00,1,3,11,15,20,3,1
2026-02-05 20:30:00,1,3,5,15,20,3,1
2026-02-05 20:45:00,1,2,6,10,20,3,1
2026-02-05 21:00:00,1,4,8,16,21,3,1
2026-02-05 21:15:00,1,2,0,14,21,3,1
2026-02-05 21:30:00,1,5,2,20,21,3,1
2026-02-05 21:45:00,1,5,8,35,21,3,1
2026-02-05 22:00:00,1,2,10,10,22,3,1
2026-02-05 22:15:00,1,5,8,30,22,3,1
2026-02-05 22:30:00,1,4,13,16,22,3,1
2026-02-05 22:45:00,1,5,14,25,22,3,1
2026-02-05 23:00:00,1,4,11,24,23,3,1
2026-02-05 23:15:00,1,4,14,28,23,3,1
2026-02-05 23:30:00,1,2,6,10,23,3,1
2026-02-05 23:45:00,1,5,14,25,23,3,1
2026-02-06 00:00:00,1,4,9,20,0,4,1
2026-02-06 00:15:00,1,5,14,20,0,4,1
2026-02-06 00:30:00,1,4,4,20,0,4,1
2026-02-06 00:45:00,1,5,2,35,0,4,1
2026-02-06 01:00:00,1,3,5,15,1,4,1
2026-02-06 01:15:00,1,3,8,12,1,4,1
2026-02-06 01:30:00,1,4,8,28,1,4,1
2026-02-06 01:45:00,1,3,8,18,1,4,1
2026-02-06 02:00:00,1,5,8,30,2,4,1
2026-02-06 02:15:00,1,4,1,20,2,4,1
2026-02-06 02:30:00,1,5,8,35,2,4,1
2026-02-06 02:45:00,1,3,12,18,2,4,1
2026-02-06 03:00:00,1,2,3,14,3,4,1
2026-02-06 03:15:00,1,2,7,10,3,4,1
2026-02-06 03:30:00,1,3,10,15,3,4,1
2026-02-06 03:45:00,1,5,3,35,3,4,1
2026-02-06 04:00:00,1,3,7,15,4,4,1
2026-02-06 04:15:00,1,5,10,30,4,4,1
2026-02-06 04:30:00,1,4,5,28,4,4,1
2026-02-06 04:45:00,1,4,14,16,4,4,1
2026-02-06 05:00:00,1,4,3,16,5,4,1
2026-02-06 05:15:00,1,5,7,20,5,4,1
2026-02-06 05:30:00,1,2,10,14,5,4,1
2026-02-06 05:45:00,1,2,11,12,5,4,1
2026-02-06 06:00:00,1,4,5,24,6,4,1
2026-02-06 06:15:00,1,5,11,25,6,4,1
2026-02-06 06:30:00,1,3,8,18,6,4,1
2026-02-06 06:45:00,1,4,13,16,6,4,1
2026-02-06 07:00:00,1,5,4,20,7,4,1
2026-02-06 07:15:00,1,5,3,30,7,4,1
2026-02-06 07:30:00,1,2,8,14,7,4,1
2026-02-06 07:45:00,1,4,10,20,7,4,1
2026-02-06 08:00:00,1,2,9,8,8,4,1
2026-02-06 08:15:00,1,3,7,12,8,4,1
2026-02-06 08:30:00,1,5,0,35,8,4,1
2026-02-06 08:45:00,1,5,11,35,8,4,1
2026-02-06 09:00:00,1,2,22,10,9,4,13
2026-02-06 09:15:00,13,2,21,14,9,4,20
2026-02-06 09:30:00,20,4,16,20,9,4,16
2026-02-06 09:45:00,16,4,24,24,9,4,14
2026-02-06 10:00:00,14,5,14,30,10,4,1
2026-02-06 10:15:00,1,4,19,28,10,4,1
2026-02-06 10:30:00,1,2,21,10,10,4,10
2026-02-06 10:45:00,10,2,21,8,10,4,22
2026-02-06 11:00:00,22,4,20,20,11,4,19
2026-02-06 11:15:00,19,2,20,12,11,4,29
2026-02-06 11:30:00,29,5,24,30,11,4,20
2026-02-06 11:45:00,20,5,14,30,11,4,4
2026-02-06 12:00:00,4,3,12,15,12,4,1
2026-02-06 12:15:00,1,3,23,21,12,4,1
2026-02-06 12:30:00,1,5,20,20,12,4,1
2026-02-06 12:45:00,1,5,21,20,12,4,1
2026-02-06 13:00:00,1,3,13,21,13,4,1
2026-02-06 13:15:00,1,5,15,35,13,4,1
2026-02-06 13:30:00,1,3,17,15,13,4,1
2026-02-06 13:45:00,1,2,14,12,13,4,1
2026-02-06 14:00:00,1,3,13,12,14,4,1
2026-02-06 14:15:00,1,5,18,30,14,4,1
2026-02-06 14:30:00,1,2,22,12,14,4,13
2026-02-06 14:45:00,13,5,22,20,14,4,12
2026-02-06 15:00:00,12,5,15,35,15,4,1
2026-02-06 15:15:00,1,5,16,35,15,4,1
2026-02-06 15:30:00,1,4,14,20,15,4,1
2026-02-06 15:45:00,1,5,20,25,15,4,1
2026-02-06 16:00:00,1,4,14,28,16,4,1
2026-02-06 16:15:00,1,5,24,30,16,4,1
2026-02-06 16:30:00,1,3,20,21,16,4,1
2026-02-06 16:45:00,1,3,16,12,16,4,6
2026-02-06 17:00:00,6,4,15,24,17,4,1
2026-02-06 17:15:00,1,3,10,12,17,4,1
2026-02-06 17:30:00,1,3,22,12,17,4,8
2026-02-06 17:45:00,8,2,16,14,17,4,11
2026-02-06 18:00:00,11,4,15,24,18,4,1
2026-02-06 18:15:00,1,2,12,8,18,4,3
2026-02-06 18:30:00,3,2,14,14,18,4,2
2026-02-06 18:45:00,2,4,22,16,18,4,9
2026-02-06 19:00:00,9,4,13,24,19,4,1
2026-02-06 19:15:00,1,5,17,25,19,4,1
2026-02-06 19:30:00,1,2,13,8,19,4,5
2026-02-06 19:45:00,5,5,19,30,19,4,1
2026-02-06 20:00:00,1,4,4,24,20,4,1
2026-02-06 20:15:00,1,3,13,15,20,4,2
2026-02-06 20:30:00,2,4,13,24,20,4,1
2026-02-06 20:45:00,1,2,14,12,20,4,3
2026-02-06 21:00:00,3,5,11,25,21,4,1
2026-02-06 21:15:00,1,2,11,8,21,4,5
2026-02-06 21:30:00,5,2,4,12,21,4,1
2026-02-06 21:45:00,1,4,8,28,21,4,1
2026-02-06 22:00:00,1,2,2,8,22,4,1
2026-02-06 22:15:00,1,2,0,12,22,4,1
2026-02-06 22:30:00,1,4,11,24,22,4,1
2026-02-06 22:45:00,1,5,5,30,22,4,1
2026-02-06 23:00:00,1,5,9,30,23,4,1
2026-02-06 23:15:00,1,3,3,15,23,4,1
2026-02-06 23:30:00,1,4,6,28,23,4,1
2026-02-06 23:45:00,1,5,2,30,23,4,1
2026-02-07 00:00:00,1,3,0,12,0,5,1
2026-02-07 00:15:00,1,2,14,14,0,5,1
2026-02-07 00:30:00,1,3,2,12,0,5,1
2026-02-07 00:45:00,1,5,3,20,0,5,1
2026-02-07 01:00:00,1,5,7,25,1,5,1
2026-02-07 01:15:00,1,3,3,18,1,5,1
2026-02-07 01:30:00,1,2,8,8,1,5,1
2026-02-07 01:45:00,1,4,5,28,1,5,1
2026-02-07 02:00:00,1,5,6,20,2,5,1
2026-02-07 02:15:00,1,2,8,14,2,5,1
2026-02-07 02:30:00,1,3,12,15,2,5,1
2026-02-07 02:45:00,1,2,10,10,2,5,2
2026-02-07 03:00:00,2,5,1,25,3,5,1
2026-02-07 03:15:00,1,5,8,25,3,5,1
2026-02-07 03:30:00,1,5,1,20,3,5,1
2026-02-07 03:45:00,1,4,0,28,3,5,1
2026-02-07 04:00:00,1,4,11,24,4,5,1
2026-02-07 04:15:00,1,5,12,30,4,5,1
2026-02-07 04:30:00,1,2,0,12,4,5,1
2026-02-07 04:45:00,1,2,2,12,4,5,1
2026-02-07 05:00:00,1,3,3,15,5,5,1
2026-02-07 05:15:00,1,3,2,21,5,5,1
2026-02-07 05:30:00,1,2,2,12,5,5,1
2026-02-07 05:45:00,1,2,3,10,5,5,1
2026-02-07 06:00:00,1,5,9,30,6,5,1
2026-02-07 06:15:00,1,5,8,35,6,5,1
2026-02-07 06:30:00,1,3,12,21,6,5,1
2026-02-07 06:45:00,1,2,8,12,6,5,1
2026-02-07 07:00:00,1,3,6,21,7,5,1
2026-02-07 07:15:00,1,4,5,20,7,5,1
2026-02-07 07:30:00,1,3,9,18,7,5,1
2026-02-07 07:45:00,1,5,5,30,7,5,1
2026-02-07 08:00:00,1,3,0,18,8,5,1
2026-02-07 08:15:00,1,4,7,16,8,5,1
2026-02-07 08:30:00,1,4,6,28,8,5,1
2026-02-07 08:45:00,1,2,6,8,8,5,1
2026-02-07 09:00:00,1,4,19,20,9,5,1
2026-02-07 09:15:00,1,3,19,21,9,5,1
2026-02-07 09:30:00,1,5,15,30,9,5,1
2026-02-07 09:45:00,1,5,15,30,9,5,1
2026-02-07 10:00:00,1,4,19,16,10,5,1
2026-02-07 10:15:00,1,3,21,15,10,5,9
2026-02-07 10:30:00,9,2,12,10,10,5,10
2026-02-07 10:45:00,10,3,16,18,10,5,7
2026-02-07 11:00:00,7,4,16,16,11,5,4
2026-02-07 11:15:00,4,4,17,16,11,5,4
2026-02-07 11:30:00,4,5,21,25,11,5,1
2026-02-07 11:45:00,1,5,16,20,11,5,1
2026-02-07 12:00:00,1,2,19,8,12,5,9
2026-02-07 12:15:00,9,5,23,30,12,5,3
2026-02-07 12:30:00,3,2,20,12,12,5,11
2026-02-07 12:45:00,11,4,23,24,12,5,8
2026-02-07 13:00:00,8,4,13,16,13,5,2
2026-02-07 13:15:00,2,2,10,10,13,5,1
2026-02-07 13:30:00,1,3,14,15,13,5,3
2026-02-07 13:45:00,3,4,16,16,13,5,1
2026-02-07 14:00:00,1,3,6,12,14,5,1
2026-02-07 14:15:00,1,2,16,12,14,5,3
2026-02-07 14:30:00,3,2,17,8,14,5,11
2026-02-07 14:45:00,11,4,23,20,14,5,13
2026-02-07 15:00:00,13,2,12,10,15,5,15
2026-02-07 15:15:00,15,3,12,18,15,5,10
2026-02-07 15:30:00,10,5,25,20,15,5,14
2026-02-07 15:45:00,14,2,8,8,15,5,15
2026-02-07 16:00:00,15,3,16,21,16,5,4
2026-02-07 16:15:00,4,5,10,35,16,5,1
2026-02-07 16:30:00,1,4,11,28,16,5,1
2026-02-07 16:45:00,1,4,13,28,16,5,1
2026-02-07 17:00:00,1,4,16,20,17,5,1
2026-02-07 17:15:00,1,5,6,25,17,5,1
2026-02-07 17:30:00,1,2,12,14,17,5,1
2026-02-07 17:45:00,1,2,11,8,17,5,1
2026-02-07 18:00:00,1,2,12,12,18,5,1
2026-02-07 18:15:00,1,4,15,24,18,5,1
2026-02-07 18:30:00,1,4,7,24,18,5,1
2026-02-07 18:45:00,1,4,9,20,18,5,1
2026-02-07 19:00:00,1,2,13,10,19,5,3
2026-02-07 19:15:00,3,5,14,35,19,5,1
2026-02-07 19:30:00,1,4,7,24,19,5,1
2026-02-07 19:45:00,1,2,16,8,19,5,10
2026-02-07 20:00:00,10,5,3,30,20,5,1
2026-02-07 20:15:00,1,5,13,20,20,5,1
2026-02-07 20:30:00,1,5,0,35,20,5,1
2026-02-07 20:45:00,1,5,6,20,20,5,1
2026-02-07 21:00:00,1,5,0,25,21,5,1
2026-02-07 21:15:00,1,3,8,15,21,5,1
2026-02-07 21:30:00,1,3,2,12,21,5,1
2026-02-07 21:45:00,1,2,11,10,21,5,5
2026-02-07 22:00:00,5,2,7,14,22,5,1
2026-02-07 22:15:00,1,4,0,24,22,5,1
2026-02-07 22:30:00,1,4,6,16,22,5,1
2026-02-07 22:45:00,1,3,4,15,22,5,1
2026-02-07 23:00:00,1,4,0,28,23,5,1
2026-02-07 23:15:00,1,5,15,20,23,5,1
2026-02-07 23:30:00,1,4,11,28,23,5,1
2026-02-07 23:45:00,1,3,10,21,23,5,1
2026-02-08 00:00:00,1,3,3,21,0,6,1
2026-02-08 00:15:00,1,4,2,28,0,6,1
2026-02-08 00:30:00,1,2,2,10,0,6,1
2026-02-08 00:45:00,1,4,7,16,0,6,1
2026-02-08 01:00:00,1,2,10,14,1,6,1
2026-02-08 01:15:00,1,3,3,18,1,6,1
2026-02-08 01:30:00,1,3,4,15,1,6,1
2026-02-08 01:45:00,1,4,4,20,1,6,1
2026-02-08 02:00:00,1,2,0,8,2,6,1
2026-02-08 02:15:00,1,2,4,14,2,6,1
2026-02-08 02:30:00,1,3,8,18,2,6,1
2026-02-08 02:45:00,1,5,2,25,2,6,1
2026-02-08 03:00:00,1,5,8,25,3,6,1
2026-02-08 03:15:00,1,5,5,30,3,6,1
2026-02-08 03:30:00,1,3,6,15,3,6,1
2026-02-08 03:45:00,1,3,4,18,3,6,1
2026-02-08 04:00:00,1,2,9,10,4,6,1
2026-02-08 04:15:00,1,2,7,12,4,6,1
2026-02-08 04:30:00,1,2,2,8,4,6,1
2026-02-08 04:45:00,1,5,10,25,4,6,1
2026-02-08 05:00:00,1,3,7,18,5,6,1
2026-02-08 05:15:00,1,3,8,18,5,6,1
2026-02-08 05:30:00,1,3,3,12,5,6,1
2026-02-08 05:45:00,1,2,1,8,5,6,1
2026-02-08 06:00:00,1,5,6,20,6,6,1
2026-02-08 06:15:00,1,2,14,14,6,6,1
2026-02-08 06:30:00,1,5,13,25,6,6,1
2026-02-08 06:45:00,1,4,4,16,6,6,1
2026-02-08 07:00:00,1,3,6,21,7,6,1
2026-02-08 07:15:00,1,4,9,28,7,6,1
2026-02-08 07:30:00,1,4,6,28,7,6,1
2026-02-08 07:45:00,1,4,9,16,7,6,1
2026-02-08 08:00:00,1,4,10,20,8,6,1
2026-02-08 08:15:00,1,2,9,8,8,6,2
2026-02-08 08:30:00,2,5,10,25,8,6,1
2026-02-08 08:45:00,1,4,8,24,8,6,1
2026-02-08 09:00:00,1,3,20,21,9,6,2
2026-02-08 09:15:00,2,4,17,20,9,6,1
2026-02-08 09:30:00,1,5,25,20,9,6,5
2026-02-08 09:45:00,5,3,12,21,9,6,1
2026-02-08 10:00:00,1,5,16,25,10,6,1
2026-02-08 10:15:00,1,4,14,16,10,6,1
2026-02-08 10:30:00,1,4,21,20,10,6,4
2026-02-08 10:45:00,4,2,15,10,10,6,7
2026-02-08 11:00:00,7,5,17,25,11,6,1
2026-02-08 11:15:00,1,5,9,25,11,6,1
2026-02-08 11:30:00,1,3,16,18,11,6,1
2026-02-08 11:45:00,1,4,14,28,11,6,1
2026-02-08 12:00:00,1,4,18,28,12,6,1
2026-02-08 12:15:00,1,3,20,21,12,6,1
2026-02-08 12:30:00,1,4,12,16,12,6,1
2026-02-08 12:45:00,1,3,14,18,12,6,1
2026-02-08 13:00:00,1,5,16,25,13,6,1
2026-02-08 13:15:00,1,2,21,14,13,6,9
2026-02-08 13:30:00,9,5,14,30,13,6,1
2026-02-08 13:45:00,1,5,15,35,13,6,1
2026-02-08 14:00:00,1,2,11,14,14,6,1
2026-02-08 14:15:00,1,4,14,20,14,6,1
2026-02-08 14:30:00,1,3,22,18,14,6,6
2026-02-08 14:45:00,6,5,6,20,14,6,1
2026-02-08 15:00:00,1,2,17,12,15,6,4
2026-02-08 15:15:00,4,5,8,25,15,6,1
2026-02-08 15:30:00,1,2,14,8,15,6,6
2026-02-08 15:45:00,6,4,13,28,15,6,1
2026-02-08 16:00:00,1,5,13,30,16,6,1
2026-02-08 16:15:00,1,2,21,14,16,6,11
2026-02-08 16:30:00,11,4,15,24,16,6,2
2026-02-08 16:45:00,2,2,26,12,16,6,16
2026-02-08 17:00:00,16,5,15,25,17,6,6
2026-02-08 17:15:00,6,2,11,14,17,6,3
2026-02-08 17:30:00,3,2,8,14,17,6,1
2026-02-08 17:45:00,1,4,4,20,17,6,1
2026-02-08 18:00:00,1,5,10,20,18,6,1
2026-02-08 18:15:00,1,4,11,16,18,6,1
2026-02-08 18:30:00,1,5,18,25,18,6,1
2026-02-08 18:45:00,1,2,16,12,18,6,4
2026-02-08 19:00:00,4,2,13,8,19,6,9
2026-02-08 19:15:00,9,4,16,24,19,6,2
2026-02-08 19:30:00,2,2,8,10,19,6,1
2026-02-08 19:45:00,1,5,19,30,19,6,1
2026-02-08 20:00:00,1,3,0,15,20,6,1
2026-02-08 20:15:00,1,3,4,15,20,6,1
2026-02-08 20:30:00,1,5,2,25,20,6,1
2026-02-08 20:45:00,1,4,8,24,20,6,1
2026-02-08 21:00:00,1,2,4,12,21,6,1
2026-02-08 21:15:00,1,4,12,24,21,6,1
2026-02-08 21:30:00,1,2,13,10,21,6,4
2026-02-08 21:45:00,4,2,7,8,21,6,4
2026-02-08 22:00:00,4,3,0,12,22,6,1
2026-02-08 22:15:00,1,3,0,15,22,6,1
2026-02-08 22:30:00,1,5,1,30,22,6,1
2026-02-08 22:45:00,1,2,2,10,22,6,1
2026-02-08 23:00:00,1,3,0,12,23,6,1
2026-02-08 23:15:00,1,3,7,21,23,6,1
2026-02-08 23:30:00,1,4,9,20,23,6,1
2026-02-08 23:45:00,1,5,0,20,23,6,1
2026-02-09 00:00:00,1,3,10,15,0,0,1
2026-02-09 00:15:00,1,4,8,16,0,0,1
2026-02-09 00:30:00,1,2,9,10,0,0,1
2026-02-09 00:45:00,1,2,12,10,0,0,1
2026-02-09 01:00:00,1,4,7,24,1,0,1
2026-02-09 01:15:00,1,3,4,21,1,0,1
2026-02-09 01:30:00,1,5,6,25,1,0,1
2026-02-09 01:45:00,1,3,8,12,1,0,1
2026-02-09 02:00:00,1,3,7,15,2,0,1
2026-02-09 02:15:00,1,3,13,21,2,0,1
2026-02-09 02:30:00,1,3,13,21,2,0,1
2026-02-09 02:45:00,1,5,14,20,2,0,1
2026-02-09 03:00:00,1,3,9,15,3,0,1
2026-02-09 03:15:00,1,5,11,20,3,0,1
2026-02-09 03:30:00,1,4,7,20,3,0,1
2026-02-09 03:45:00,1,3,2,21,3,0,1
2026-02-09 04:00:00,1,2,13,14,4,0,1
2026-02-09 04:15:00,1,2,10,12,4,0,1
2026-02-09 04:30:00,1,4,7,16,4,0,1
2026-02-09 04:45:00,1,4,5,16,4,0,1
2026-02-09 05:00:00,1,5,14,25,5,0,1
2026-02-09 05:15:00,1,3,10,18,5,0,1
2026-02-09 05:30:00,1,5,1,35,5,0,1
2026-02-09 05:45:00,1,2,10,10,5,0,1
2026-02-09 06:00:00,1,3,8,21,6,0,1
2026-02-09 06:15:00,1,3,9,21,6,0,1
2026-02-09 06:30:00,1,3,7,21,6,0,1
2026-02-09 06:45:00,1,4,14,20,6,0,1
2026-02-09 07:00:00,1,2,10,10,7,0,1
2026-02-09 07:15:00,1,4,5,16,7,0,1
2026-02-09 07:30:00,1,4,10,16,7,0,1
2026-02-09 07:45:00,1,5,11,30,7,0,1
2026-02-09 08:00:00,1,2,10,14,8,0,1
2026-02-09 08:15:00,1,2,6,10,8,0,1
2026-02-09 08:30:00,1,3,9,15,8,0,1
2026-02-09 08:45:00,1,3,8,15,8,0,1
2026-02-09 09:00:00,1,4,20,20,9,0,3
2026-02-09 09:15:00,3,3,22,15,9,0,10
2026-02-09 09:30:00,10,2,22,10,9,0,21
2026-02-09 09:45:00,21,2,25,14,9,0,32
2026-02-09 10:00:00,32,4,22,24,10,0,32
2026-02-09 10:15:00,32,4,19,20,10,0,28
2026-02-09 10:30:00,28,4,26,28,10,0,24
2026-02-09 10:45:00,24,5,24,35,10,0,17
2026-02-09 11:00:00,17,3,19,18,11,0,14
2026-02-09 11:15:00,14,4,15,20,11,0,10
2026-02-09 11:30:00,10,2,19,14,11,0,14
2026-02-09 11:45:00,14,4,18,20,11,0,15
2026-02-09 12:00:00,15,5,17,20,12,0,12
2026-02-09 12:15:00,12,3,21,18,12,0,15
2026-02-09 12:30:00,15,4,19,20,12,0,10
2026-02-09 12:45:00,10,2,18,12,12,0,14
2026-02-09 13:00:00,14,5,14,25,13,0,5
2026-02-09 13:15:00,5,5,17,30,13,0,1
2026-02-09 13:30:00,1,5,20,30,13,0,1
2026-02-09 13:45:00,1,4,18,28,13,0,1
2026-02-09 14:00:00,1,3,21,21,14,0,1
2026-02-09 14:15:00,1,4,11,16,14,0,1
2026-02-09 14:30:00,1,4,14,28,14,0,1
2026-02-09 14:45:00,1,3,15,12,14,0,3
2026-02-09 15:00:00,3,3,22,21,15,0,4
2026-02-09 15:15:00,4,5,19,25,15,0,1
2026-02-09 15:30:00,1,5,17,30,15,0,1
2026-02-09 15:45:00,1,2,16,8,15,0,5
2026-02-09 16:00:00,5,3,22,18,16,0,7
2026-02-09 16:15:00,7,3,16,21,16,0,1
2026-02-09 16:30:00,1,2,20,14,16,0,4
2026-02-09 16:45:00,4,4,22,20,16,0,6
2026-02-09 17:00:00,6,3,17,12,17,0,6
2026-02-09 17:15:00,6,4,17,16,17,0,5
2026-02-09 17:30:00,5,5,17,35,17,0,1
2026-02-09 17:45:00,1,2,12,10,17,0,3
2026-02-09 18:00:00,3,4,19,24,18,0,2
2026-02-09 18:15:00,2,5,9,35,18,0,1
2026-02-09 18:30:00,1,4,15,28,18,0,1
2026-02-09 18:45:00,1,4,12,20,18,0,1
2026-02-09 19:00:00,1,5,15,20,19,0,1
2026-02-09 19:15:00,1,3,13,15,19,0,1
2026-02-09 19:30:00,1,3,13,18,19,0,1
2026-02-09 19:45:00,1,3,14,15,19,0,2
2026-02-09 20:00:00,2,4,2,20,20,0,1
2026-02-09 20:15:00,1,2,8,12,20,0,1
2026-02-09 20:30:00,1,3,15,18,20,0,1
2026-02-09 20:45:00,1,2,15,12,20,0,1
2026-02-09 21:00:00,1,5,5,20,21,0,1
2026-02-09 21:15:00,1,2,7,8,21,0,1
2026-02-09 21:30:00,1,5,1,35,21,0,1
2026-02-09 21:45:00,1,5,4,25,21,0,1
2026-02-09 22:00:00,1,5,6,35,22,0,1
2026-02-09 22:15:00,1,5,14,20,22,0,1
2026-02-09 22:30:00,1,3,7,12,22,0,1
2026-02-09 22:45:00,1,4,9,20,22,0,1
2026-02-09 23:00:00,1,3,12,21,23,0,1
2026-02-09 23:15:00,1,5,14,30,23,0,1
2026-02-09 23:30:00,1,5,16,35,23,0,1
2026-02-09 23:45:00,1,5,17,35,23,0,1
2026-02-10 00:00:00,1,5,4,30,0,1,1
2026-02-10 00:15:00,1,3,11,15,0,1,1
2026-02-10 00:30:00,1,3,13,15,0,1,1
2026-02-10 00:45:00,1,5,11,20,0,1,1
2026-02-10 01:00:00,1,5,7,25,1,1,1
2026-02-10 01:15:00,1,2,0,10,1,1,1
2026-02-10 01:30:00,1,4,1,16,1,1,1
2026-02-10 01:45:00,1,3,9,12,1,1,1
2026-02-10 02:00:00,1,5,6,35,2,1,1
2026-02-10 02:15:00,1,5,8,20,2,1,1
2026-02-10 02:30:00,1,3,6,15,2,1,1
2026-02-10 02:45:00,1,4,5,24,2,1,1
2026-02-10 03:00:00,1,2,9,12,3,1,1
2026-02-10 03:15:00,1,4,0,20,3,1,1
2026-02-10 03:30:00,1,2,2,12,3,1,1
2026-02-10 03:45:00,1,3,7,18,3,1,1
2026-02-10 04:00:00,1,2,7,12,4,1,1
2026-02-10 04:15:00,1,4,10,28,4,1,1
2026-02-10 04:30:00,1,3,6,12,4,1,1
2026-02-10 04:45:00,1,3,5,21,4,1,1
2026-02-10 05:00:00,1,5,6,20,5,1,1
2026-02-10 05:15:00,1,4,9,16,5,1,1
2026-02-10 05:30:00,1,5,5,30,5,1,1
2026-02-10 05:45:00,1,3,7,18,5,1,1
2026-02-10 06:00:00,1,2,7,8,6,1,1
2026-02-10 06:15:00,1,3,6,15,6,1,1
2026-02-10 06:30:00,1,3,5,15,6,1,1
2026-02-10 06:45:00,1,2,5,12,6,1,1
2026-02-10 07:00:00,1,3,10,21,7,1,1
2026-02-10 07:15:00,1,4,7,24,7,1,1
2026-02-10 07:30:00,1,2,8,10,7,1,1
2026-02-10 07:45:00,1,5,5,25,7,1,1
2026-02-10 08:00:00,1,2,6,8,8,1,1
2026-02-10 08:15:00,1,5,11,20,8,1,1
2026-02-10 08:30:00,1,4,14,16,8,1,1
2026-02-10 08:45:00,1,2,5,8,8,1,1
2026-02-10 09:00:00,1,2,19,8,9,1,12
2026-02-10 09:15:00,12,5,16,20,9,1,9
2026-02-10 09:30:00,9,5,26,30,9,1,6
2026-02-10 09:45:00,6,3,24,15,9,1,15
2026-02-10 10:00:00,15,3,20,12,10,1,24
2026-02-10 10:15:00,24,2,19,14,10,1,27
2026-02-10 10:30:00,27,5,18,35,10,1,9
2026-02-10 10:45:00,9,3,22,15,10,1,13
2026-02-10 11:00:00,13,2,20,10,11,1,19
2026-02-10 11:15:00,19,2,20,14,11,1,24
2026-02-10 11:30:00,24,5,20,30,11,1,14
2026-02-10 11:45:00,14,3,20,18,11,1,12
2026-02-10 12:00:00,12,3,20,18,12,1,12
2026-02-10 12:15:00,12,2,22,10,12,1,22
2026-02-10 12:30:00,22,5,27,30,12,1,16
2026-02-10 12:45:00,16,2,20,12,12,1,26
2026-02-10 13:00:00,26,2,18,10,13,1,31
2026-02-10 13:15:00,31,5,16,20,13,1,24
2026-02-10 13:30:00,24,5,16,30,13,1,13
2026-02-10 13:45:00,13,2,18,12,13,1,19
2026-02-10 14:00:00,19,2,20,14,14,1,24
2026-02-10 14:15:00,24,4,18,24,14,1,20
2026-02-10 14:30:00,20,5,13,25,14,1,5
2026-02-10 14:45:00,5,2,19,8,14,1,17
2026-02-10 15:00:00,17,5,15,35,15,1,1
2026-02-10 15:15:00,1,4,23,16,15,1,7
2026-02-10 15:30:00,7,4,21,16,15,1,12
2026-02-10 15:45:00,12,3,18,18,15,1,10
2026-02-10 16:00:00,10,5,19,30,16,1,1
2026-02-10 16:15:00,1,4,26,28,16,1,1
2026-02-10 16:30:00,1,5,19,20,16,1,1
2026-02-10 16:45:00,1,2,22,10,16,1,14
2026-02-10 17:00:00,14,3,16,21,17,1,8
2026-02-10 17:15:00,8,5,18,25,17,1,4
2026-02-10 17:30:00,4,2,18,14,17,1,6
2026-02-10 17:45:00,6,5,15,30,17,1,1
2026-02-10 18:00:00,1,3,13,18,18,1,1
2026-02-10 18:15:00,1,5,15,20,18,1,1
2026-02-10 18:30:00,1,5,21,20,18,1,1
2026-02-10 18:45:00,1,5,16,30,18,1,1
2026-02-10 19:00:00,1,3,12,15,19,1,1
2026-02-10 19:15:00,1,5,7,20,19,1,1
2026-02-10 19:30:00,1,4,10,28,19,1,1
2026-02-10 19:45:00,1,3,13,12,19,1,5
2026-02-10 20:00:00,5,4,7,16,20,1,1
2026-02-10 20:15:00,1,3,6,12,20,1,1
2026-02-10 20:30:00,1,4,8,28,20,1,1
2026-02-10 20:45:00,1,2,7,8,20,1,1
2026-02-10 21:00:00,1,4,3,24,21,1,1
2026-02-10 21:15:00,1,5,11,35,21,1,1
2026-02-10 21:30:00,1,5,12,30,21,1,1
2026-02-10 21:45:00,1,4,3,20,21,1,1
2026-02-10 22:00:00,1,2,10,12,22,1,1
2026-02-10 22:15:00,1,2,10,8,22,1,1
2026-02-10 22:30:00,1,3,5,18,22,1,1
2026-02-10 22:45:00,1,2,6,8,22,1,1
2026-02-10 23:00:00,1,4,9,24,23,1,1
2026-02-10 23:15:00,1,5,12,35,23,1,1
2026-02-10 23:30:00,1,3,8,21,23,1,1
2026-02-10 23:45:00,1,4,8,24,23,1,1
2026-02-11 00:00:00,1,3,8,12,0,2,1
2026-02-11 00:15:00,1,4,8,16,0,2,1
2026-02-11 00:30:00,1,2,10,8,0,2,3
2026-02-11 00:45:00,3,3,8,12,0,2,1
2026-02-11 01:00:00,1,3,5,18,1,2,1
2026-02-11 01:15:00,1,2,10,8,1,2,2
2026-02-11 01:30:00,2,5,4,25,1,2,1
2026-02-11 01:45:00,1,2,14,10,1,2,2
2026-02-11 02:00:00,2,3,14,15,2,2,1
2026-02-11 02:15:00,1,3,10,12,2,2,1
2026-02-11 02:30:00,1,3,6,15,2,2,1
2026-02-11 02:45:00,1,4,10,16,2,2,1
2026-02-11 03:00:00,1,2,6,10,3,2,1
2026-02-11 03:15:00,1,2,15,12,3,2,1
2026-02-11 03:30:00,1,4,11,16,3,2,1
2026-02-11 03:45:00,1,3,7,18,3,2,1
2026-02-11 04:00:00,1,5,0,20,4,2,1
2026-02-11 04:15:00,1,3,13,21,4,2,1
2026-02-11 04:30:00,1,3,3,18,4,2,1
2026-02-11 04:45:00,1,4,13,28,4,2,1
2026-02-11 05:00:00,1,5,11,20,5,2,1
2026-02-11 05:15:00,1,5,6,25,5,2,1
2026-02-11 05:30:00,1,2,5,10,5,2,1
2026-02-11 05:45:00,1,5,11,20,5,2,1
2026-02-11 06:00:00,1,5,10,25,6,2,1
2026-02-11 06:15:00,1,5,10,35,6,2,1
2026-02-11 06:30:00,1,3,11,12,6,2,1
2026-02-11 06:45:00,1,5,5,25,6,2,1
2026-02-11 07:00:00,1,2,6,10,7,2,1
2026-02-11 07:15:00,1,3,11,12,7,2,1
2026-02-11 07:30:00,1,5,10,35,7,2,1
2026-02-11 07:45:00,1,4,1,16,7,2,1
2026-02-11 08:00:00,1,2,6,10,8,2,1
2026-02-11 08:15:00,1,5,9,30,8,2,1
2026-02-11 08:30:00,1,4,3,28,8,2,1
2026-02-11 08:45:00,1,2,12,12,8,2,3
2026-02-11 09:00:00,3,2,15,10,9,2,9
2026-02-11 09:15:00,9,5,14,25,9,2,1
2026-02-11 09:30:00,1,5,16,25,9,2,1
2026-02-11 09:45:00,1,5,21,30,9,2,1
2026-02-11 10:00:00,1,3,26,12,10,2,13
2026-02-11 10:15:00,13,3,25,21,10,2,10
2026-02-11 10:30:00,10,3,15,21,10,2,5
2026-02-11 10:45:00,5,2,22,12,10,2,12
2026-02-11 11:00:00,12,5,16,25,11,2,2
2026-02-11 11:15:00,2,4,25,16,11,2,11
2026-02-11 11:30:00,11,2,19,10,11,2,20
2026-02-11 11:45:00,20,3,13,12,11,2,20
2026-02-11 12:00:00,20,4,19,28,12,2,8
2026-02-11 12:15:00,8,3,19,12,12,2,16
2026-02-11 12:30:00,16,5,20,35,12,2,1
2026-02-11 12:45:00,1,3,24,15,12,2,9
2026-02-11 13:00:00,9,4,10,28,13,2,1
2026-02-11 13:15:00,1,2,13,10,13,2,7
2026-02-11 13:30:00,7,4,23,24,13,2,5
2026-02-11 13:45:00,5,2,21,14,13,2,13
2026-02-11 14:00:00,13,3,21,15,14,2,18
2026-02-11 14:15:00,18,5,19,25,14,2,12
2026-02-11 14:30:00,12,2,22,8,14,2,25
2026-02-11 14:45:00,25,4,16,20,14,2,22
2026-02-11 15:00:00,22,2,17,8,15,2,27
2026-02-11 15:15:00,27,4,17,20,15,2,24
2026-02-11 15:30:00,24,4,28,20,15,2,35
2026-02-11 15:45:00,35,3,14,15,15,2,35
2026-02-11 16:00:00,35,5,17,25,16,2,27
2026-02-11 16:15:00,27,4,19,28,16,2,17
2026-02-11 16:30:00,17,4,17,28,16,2,8
2026-02-11 16:45:00,8,2,16,14,16,2,13
2026-02-11 17:00:00,13,4,20,24,17,2,8
2026-02-11 17:15:00,8,5,14,25,17,2,1
2026-02-11 17:30:00,1,4,19,20,17,2,1
2026-02-11 17:45:00,1,4,17,24,17,2,1
2026-02-11 18:00:00,1,2,13,14,18,2,1
2026-02-11 18:15:00,1,4,10,16,18,2,1
2026-02-11 18:30:00,1,4,12,24,18,2,1
2026-02-11 18:45:00,1,2,20,8,18,2,12
2026-02-11 19:00:00,12,2,16,8,19,2,21
2026-02-11 19:15:00,21,5,12,30,19,2,6
2026-02-11 19:30:00,6,4,12,24,19,2,1
2026-02-11 19:45:00,1,2,17,12,19,2,7
2026-02-11 20:00:00,7,4,16,24,20,2,1
2026-02-11 20:15:00,1,5,6,25,20,2,1
2026-02-11 20:30:00,1,5,17,30,20,2,1
2026-02-11 20:45:00,1,2,6,12,20,2,1
2026-02-11 21:00:00,1,5,6,25,21,2,1
2026-02-11 21:15:00,1,4,14,20,21,2,1
2026-02-11 21:30:00,1,4,13,20,21,2,1
2026-02-11 21:45:00,1,5,8,35,21,2,1
2026-02-11 22:00:00,1,4,5,20,22,2,1
2026-02-11 22:15:00,1,3,5,15,22,2,1
2026-02-11 22:30:00,1,3,9,21,22,2,1
2026-02-11 22:45:00,1,5,1,30,22,2,1
2026-02-11 23:00:00,1,4,8,16,23,2,1
2026-02-11 23:15:00,1,4,5,24,23,2,1
2026-02-11 23:30:00,1,5,5,35,23,2,1
2026-02-11 23:45:00,1,5,10,35,23,2,1
2026-02-12 00:00:00,1,3,12,18,0,3,1
2026-02-12 00:15:00,1,4,10,24,0,3,1
2026-02-12 00:30:00,1,5,10,20,0,3,1
2026-02-12 00:45:00,1,5,12,20,0,3,1
2026-02-12 01:00:00,1,5,10,20,1,3,1
2026-02-12 01:15:00,1,4,2,20,1,3,1
2026-02-12 01:30:00,1,4,10,16,1,3,1
2026-02-12 01:45:00,1,3,3,21,1,3,1
2026-02-12 02:00:00,1,2,9,8,2,3,1
2026-02-12 02:15:00,1,2,12,14,2,3,1
2026-02-12 02:30:00,1,2,8,10,2,3,1
2026-02-12 02:45:00,1,2,9,12,2,3,1
2026-02-12 03:00:00,1,5,9,25,3,3,1
2026-02-12 03:15:00,1,5,16,20,3,3,1
2026-02-12 03:30:00,1,5,3,20,3,3,1
2026-02-12 03:45:00,1,3,14,12,3,3,4
2026-02-12 04:00:00,4,2,9,10,4,3,4
2026-02-12 04:15:00,4,2,8,14,4,3,1
2026-02-12 04:30:00,1,5,5,25,4,3,1
2026-02-12 04:45:00,1,4,14,24,4,3,1
2026-02-12 05:00:00,1,3,3,18,5,3,1
2026-02-12 05:15:00,1,3,4,15,5,3,1
2026-02-12 05:30:00,1,5,4,25,5,3,1
2026-02-12 05:45:00,1,3,21,18,5,3,3
2026-02-12 06:00:00,3,4,10,28,6,3,1
2026-02-12 06:15:00,1,2,4,14,6,3,1
2026-02-12 06:30:00,1,3,12,21,6,3,1
2026-02-12 06:45:00,1,2,6,10,6,3,1
2026-02-12 07:00:00,1,4,11,20,7,3,1
2026-02-12 07:15:00,1,4,10,28,7,3,1
2026-02-12 07:30:00,1,3,11,15,7,3,1
2026-02-12 07:45:00,1,5,7,30,7,3,1
2026-02-12 08:00:00,1,2,8,8,8,3,1
2026-02-12 08:15:00,1,5,7,20,8,3,1
2026-02-12 08:30:00,1,5,10,25,8,3,1
2026-02-12 08:45:00,1,2,9,8,8,3,1
2026-02-12 09:00:00,1,5,19,35,9,3,1
2026-02-12 09:15:00,1,5,27,20,9,3,7
2026-02-12 09:30:00,7,2,21,8,9,3,18
2026-02-12 09:45:00,18,4,25,28,9,3,14
2026-02-12 10:00:00,14,2,21,8,10,3,28
2026-02-12 10:15:00,28,3,19,21,10,3,26
2026-02-12 10:30:00,26,2,16,12,10,3,29
2026-02-12 10:45:00,29,5,23,20,10,3,31
2026-02-12 11:00:00,31,2,19,8,11,3,42
2026-02-12 11:15:00,42,2,16,14,11,3,40
2026-02-12 11:30:00,40,5,20,20,11,3,42
2026-02-12 11:45:00,42,2,27,8,11,3,60
2026-02-12 12:00:00,60,2,15,10,12,3,66
2026-02-12 12:15:00,66,3,16,18,12,3,61
2026-02-12 12:30:00,61,3,18,15,12,3,62
2026-02-12 12:45:00,62,3,22,18,12,3,61
2026-02-12 13:00:00,61,5,25,35,13,3,52
2026-02-12 13:15:00,52,4,19,28,13,3,41
2026-02-12 13:30:00,41,3,15,15,13,3,37
2026-02-12 13:45:00,37,2,26,14,13,3,49
2026-02-12 14:00:00,49,4,17,20,14,3,46
2026-02-12 14:15:00,46,3,17,15,14,3,50
2026-02-12 14:30:00,50,3,16,21,14,3,47
2026-02-12 14:45:00,47,3,18,18,14,3,48
2026-02-12 15:00:00,48,5,12,30,15,3,27
2026-02-12 15:15:00,27,3,13,15,15,3,25
2026-02-12 15:30:00,25,4,15,24,15,3,15
2026-02-12 15:45:00,15,2,23,12,15,3,25
2026-02-12 16:00:00,25,5,14,30,16,3,9
2026-02-12 16:15:00,9,5,14,35,16,3,1
2026-02-12 16:30:00,1,5,16,20,16,3,1
2026-02-12 16:45:00,1,5,21,35,16,3,1
2026-02-12 17:00:00,1,4,17,24,17,3,1
2026-02-12 17:15:00,1,3,11,18,17,3,1
2026-02-12 17:30:00,1,5,19,35,17,3,1
2026-02-12 17:45:00,1,5,13,20,17,3,1
2026-02-12 18:00:00,1,2,14,12,18,3,6
2026-02-12 18:15:00,6,5,10,30,18,3,1
2026-02-12 18:30:00,1,3,20,12,18,3,3
2026-02-12 18:45:00,3,2,18,8,18,3,10
2026-02-12 19:00:00,10,4,16,28,19,3,1
2026-02-12 19:15:00,1,5,18,20,19,3,2
2026-02-12 19:30:00,2,4,12,28,19,3,1
2026-02-12 19:45:00,1,3,17,18,19,3,4
2026-02-12 20:00:00,4,3,11,15,20,3,2
2026-02-12 20:15:00,2,3,12,12,20,3,1
2026-02-12 20:30:00,1,5,9,35,20,3,1
2026-02-12 20:45:00,1,4,0,28,20,3,1
2026-02-12 21:00:00,1,5,14,30,21,3,1
2026-02-12 21:15:00,1,5,4,35,21,3,1
2026-02-12 21:30:00,1,5,10,35,21,3,1
2026-02-12 21:45:00,1,3,4,21,21,3,1
2026-02-12 22:00:00,1,3,9,18,22,3,1
2026-02-12 22:15:00,1,5,8,35,22,3,1
2026-02-12 22:30:00,1,3,9,15,22,3,1
2026-02-12 22:45:00,1,4,6,24,22,3,1
2026-02-12 23:00:00,1,2,7,12,23,3,1
2026-02-12 23:15:00,1,4,9,24,23,3,1
2026-02-12 23:30:00,1,4,13,28,23,3,1
2026-02-12 23:45:00,1,4,13,20,23,3,1
2026-02-13 00:00:00,1,4,11,16,0,4,1
2026-02-13 00:15:00,1,4,6,24,0,4,1
2026-02-13 00:30:00,1,3,11,21,0,4,1
2026-02-13 00:45:00,1,3,9,15,0,4,1
2026-02-13 01:00:00,1,3,9,21,1,4,1
2026-02-13 01:15:00,1,4,2,20,1,4,1
2026-02-13 01:30:00,1,4,6,28,1,4,1
2026-02-13 01:45:00,1,3,10,12,1,4,1
2026-02-13 02:00:00,1,4,6,16,2,4,1
2026-02-13 02:15:00,1,5,7,20,2,4,1
2026-02-13 02:30:00,1,3,11,18,2,4,1
2026-02-13 02:45:00,1,3,10,12,2,4,2
2026-02-13 03:00:00,2,2,7,8,3,4,2
2026-02-13 03:15:00,2,3,14,21,3,4,1
2026-02-13 03:30:00,1,2,8,10,3,4,1
2026-02-13 03:45:00,1,5,5,35,3,4,1
2026-02-13 04:00:00,1,2,6,14,4,4,1
2026-02-13 04:15:00,1,3,0,21,4,4,1
2026-02-13 04:30:00,1,2,18,8,4,4,11
2026-02-13 04:45:00,11,2,9,10,4,4,9
2026-02-13 05:00:00,9,2,8,12,5,4,4
2026-02-13 05:15:00,4,5,6,30,5,4,1
2026-02-13 05:30:00,1,3,15,12,5,4,1
2026-02-13 05:45:00,1,4,5,16,5,4,1
2026-02-13 06:00:00,1,3,13,18,6,4,1
2026-02-13 06:15:00,1,2,3,14,6,4,1
2026-02-13 06:30:00,1,3,10,18,6,4,1
2026-02-13 06:45:00,1,2,8,14,6,4,1
2026-02-13 07:00:00,1,4,14,24,7,4,1
2026-02-13 07:15:00,1,4,6,28,7,4,1
2026-02-13 07:30:00,1,2,15,8,7,4,6
2026-02-13 07:45:00,6,2,1,14,7,4,1
2026-02-13 08:00:00,1,4,8,24,8,4,1
2026-02-13 08:15:00,1,4,11,28,8,4,1
2026-02-13 08:30:00,1,4,0,28,8,4,1
2026-02-13 08:45:00,1,5,0,35,8,4,1
2026-02-13 09:00:00,1,5,16,25,9,4,1
2026-02-13 09:15:00,1,3,21,15,9,4,4
2026-02-13 09:30:00,4,2,25,10,9,4,20
2026-02-13 09:45:00,20,4,26,28,9,4,18
2026-02-13 10:00:00,18,4,18,24,10,4,15
2026-02-13 10:15:00,15,5,18,30,10,4,4
2026-02-13 10:30:00,4,5,18,30,10,4,1
2026-02-13 10:45:00,1,3,26,12,10,4,15
2026-02-13 11:00:00,15,4,14,16,11,4,16
2026-02-13 11:15:00,16,2,24,14,11,4,27
2026-02-13 11:30:00,27,2,25,8,11,4,43
2026-02-13 11:45:00,43,4,24,16,11,4,54
2026-02-13 12:00:00,54,5,23,20,12,4,53
2026-02-13 12:15:00,53,5,25,35,12,4,44
2026-02-13 12:30:00,44,4,17,24,12,4,40
2026-02-13 12:45:00,40,2,15,10,12,4,44
2026-02-13 13:00:00,44,2,23,14,13,4,51
2026-02-13 13:15:00,51,4,16,20,13,4,47
2026-02-13 13:30:00,47,5,15,35,13,4,28
2026-02-13 13:45:00,28,4,8,20,13,4,13
2026-02-13 14:00:00,13,4,14,28,14,4,1
2026-02-13 14:15:00,1,2,18,14,14,4,6
2026-02-13 14:30:00,6,2,13,14,14,4,5
2026-02-13 14:45:00,5,2,13,10,14,4,7
2026-02-13 15:00:00,7,5,21,20,15,4,9
2026-02-13 15:15:00,9,5,15,25,15,4,1
2026-02-13 15:30:00,1,4,19,20,15,4,1
2026-02-13 15:45:00,1,4,11,16,15,4,1
2026-02-13 16:00:00,1,2,15,8,16,4,10
2026-02-13 16:15:00,10,4,24,28,16,4,6
2026-02-13 16:30:00,6,3,18,21,16,4,4
2026-02-13 16:45:00,4,3,18,15,16,4,6
2026-02-13 17:00:00,6,3,14,12,17,4,5
2026-02-13 17:15:00,5,3,26,15,17,4,16
2026-02-13 17:30:00,16,4,17,28,17,4,5
2026-02-13 17:45:00,5,4,14,28,17,4,1
2026-02-13 18:00:00,1,3,13,21,18,4,1
2026-02-13 18:15:00,1,2,8,14,18,4,1
2026-02-13 18:30:00,1,4,10,16,18,4,1
2026-02-13 18:45:00,1,5,18,30,18,4,1
2026-02-13 19:00:00,1,5,8,35,19,4,1
2026-02-13 19:15:00,1,5,16,35,19,4,1
2026-02-13 19:30:00,1,4,20,24,19,4,1
2026-02-13 19:45:00,1,2,11,14,19,4,1
2026-02-13 20:00:00,1,2,8,14,20,4,1
2026-02-13 20:15:00,1,2,15,8,20,4,12
2026-02-13 20:30:00,12,4,13,20,20,4,6
2026-02-13 20:45:00,6,5,14,20,20,4,1
2026-02-13 21:00:00,1,4,11,28,21,4,1
2026-02-13 21:15:00,1,3,3,12,21,4,1
2026-02-13 21:30:00,1,4,11,20,21,4,1
2026-02-13 21:45:00,1,5,9,30,21,4,1
2026-02-13 22:00:00,1,2,15,14,22,4,1
2026-02-13 22:15:00,1,4,6,20,22,4,1
2026-02-13 22:30:00,1,2,3,12,22,4,1
2026-02-13 22:45:00,1,2,13,14,22,4,1
2026-02-13 23:00:00,1,4,16,16,23,4,1
2026-02-13 23:15:00,1,2,4,12,23,4,1
2026-02-13 23:30:00,1,3,9,21,23,4,1
2026-02-13 23:45:00,1,3,7,21,23,4,1
2026-02-14 00:00:00,1,2,0,8,0,5,1
2026-02-14 00:15:00,1,4,6,20,0,5,1
2026-02-14 00:30:00,1,2,3,8,0,5,1
2026-02-14 00:45:00,1,4,9,24,0,5,1
2026-02-14 01:00:00,1,3,7,18,1,5,1
2026-02-14 01:15:00,1,2,1,12,1,5,1
2026-02-14 01:30:00,1,4,5,28,1,5,1
2026-02-14 01:45:00,1,3,5,18,1,5,1
2026-02-14 02:00:00,1,4,12,28,2,5,1
2026-02-14 02:15:00,1,2,1,10,2,5,1
2026-02-14 02:30:00,1,3,5,21,2,5,1
2026-02-14 02:45:00,1,2,1,12,2,5,1
2026-02-14 03:00:00,1,4,4,20,3,5,1
2026-02-14 03:15:00,1,5,3,25,3,5,1
2026-02-14 03:30:00,1,4,5,16,3,5,1
2026-02-14 03:45:00,1,5,0,25,3,5,1
2026-02-14 04:00:00,1,5,4,35,4,5,1
2026-02-14 04:15:00,1,5,7,25,4,5,1
2026-02-14 04:30:00,1,3,8,15,4,5,1
2026-02-14 04:45:00,1,4,12,24,4,5,1
2026-02-14 05:00:00,1,5,8,30,5,5,1
2026-02-14 05:15:00,1,4,5,16,5,5,1
2026-02-14 05:30:00,1,2,7,10,5,5,1
2026-02-14 05:45:00,1,3,12,18,5,5,1
2026-02-14 06:00:00,1,4,9,28,6,5,1
2026-02-14 06:15:00,1,3,8,15,6,5,1
2026-02-14 06:30:00,1,2,6,10,6,5,1
2026-02-14 06:45:00,1,3,6,15,6,5,1
2026-02-14 07:00:00,1,3,3,15,7,5,1
2026-02-14 07:15:00,1,5,10,35,7,5,1
2026-02-14 07:30:00,1,2,4,12,7,5,1
2026-02-14 07:45:00,1,4,2,20,7,5,1
2026-02-14 08:00:00,1,4,3,28,8,5,1
2026-02-14 08:15:00,1,4,7,20,8,5,1
2026-02-14 08:30:00,1,2,14,8,8,5,7
2026-02-14 08:45:00,7,3,0,12,8,5,1
2026-02-14 09:00:00,1,2,23,14,9,5,4
2026-02-14 09:15:00,4,2,10,12,9,5,1
2026-02-14 09:30:00,1,2,23,12,9,5,12
2026-02-14 09:45:00,12,4,19,28,9,5,2
2026-02-14 10:00:00,2,5,18,30,10,5,1
2026-02-14 10:15:00,1,5,18,35,10,5,1
2026-02-14 10:30:00,1,2,18,8,10,5,14
2026-02-14 10:45:00,14,2,14,10,10,5,21
2026-02-14 11:00:00,21,4,19,16,11,5,21
2026-02-14 11:15:00,21,3,17,18,11,5,19
2026-02-14 11:30:00,19,3,15,21,11,5,10
2026-02-14 11:45:00,10,5,26,25,11,5,12
2026-02-14 12:00:00,12,4,12,28,12,5,1
2026-02-14 12:15:00,1,2,23,12,12,5,11
2026-02-14 12:30:00,11,4,18,16,12,5,14
2026-02-14 12:45:00,14,5,18,35,12,5,1
2026-02-14 13:00:00,1,2,12,14,13,5,1
2026-02-14 13:15:00,1,4,19,24,13,5,1
2026-02-14 13:30:00,1,2,16,14,13,5,1
2026-02-14 13:45:00,1,3,11,18,13,5,1
2026-02-14 14:00:00,1,4,19,28,14,5,1
2026-02-14 14:15:00,1,4,8,24,14,5,1
2026-02-14 14:30:00,1,5,13,20,14,5,1
2026-02-14 14:45:00,1,4,18,28,14,5,1
2026-02-14 15:00:00,1,4,15,16,15,5,1
2026-02-14 15:15:00,1,3,17,15,15,5,5
2026-02-14 15:30:00,5,2,12,10,15,5,8
2026-02-14 15:45:00,8,3,20,21,15,5,9
2026-02-14 16:00:00,9,4,10,16,16,5,7
2026-02-14 16:15:00,7,3,11,18,16,5,1
2026-02-14 16:30:00,1,3,14,21,16,5,1
2026-02-14 16:45:00,1,3,8,15,16,5,1
2026-02-14 17:00:00,1,5,10,25,17,5,1
2026-02-14 17:15:00,1,3,6,12,17,5,1
2026-02-14 17:30:00,1,3,11,15,17,5,1
2026-02-14 17:45:00,1,3,15,21,17,5,1
2026-02-14 18:00:00,1,5,16,20,18,5,1
2026-02-14 18:15:00,1,5,7,35,18,5,1
2026-02-14 18:30:00,1,2,11,12,18,5,1
2026-02-14 18:45:00,1,2,5,8,18,5,1
2026-02-14 19:00:00,1,2,9,14,19,5,1
2026-02-14 19:15:00,1,4,8,20,19,5,1
2026-02-14 19:30:00,1,4,13,16,19,5,1
2026-02-14 19:45:00,1,2,15,14,19,5,1
2026-02-14 20:00:00,1,2,8,14,20,5,1
2026-02-14 20:15:00,1,3,5,21,20,5,1
2026-02-14 20:30:00,1,2,1,10,20,5,1
2026-02-14 20:45:00,1,2,3,8,20,5,1
2026-02-14 21:00:00,1,3,12,15,21,5,1
2026-02-14 21:15:00,1,5,5,30,21,5,1
2026-02-14 21:30:00,1,4,2,28,21,5,1
2026-02-14 21:45:00,1,5,4,25,21,5,1
2026-02-14 22:00:00,1,2,8,10,22,5,1
2026-02-14 22:15:00,1,5,14,35,22,5,1
2026-02-14 22:30:00,1,2,11,14,22,5,1
2026-02-14 22:45:00,1,3,5,18,22,5,1
2026-02-14 23:00:00,1,3,5,18,23,5,1
2026-02-14 23:15:00,1,3,1,21,23,5,1
2026-02-14 23:30:00,1,4,5,28,23,5,1
2026-02-14 23:45:00,1,2,9,10,23,5,1
2026-02-15 00:00:00,1,2,4,8,0,6,1
2026-02-15 00:15:00,1,5,1,25,0,6,1
2026-02-15 00:30:00,1,2,9,8,0,6,1
2026-02-15 00:45:00,1,3,3,15,0,6,1
2026-02-15 01:00:00,1,3,5,15,1,6,1
2026-02-15 01:15:00,1,3,6,18,1,6,1
2026-02-15 01:30:00,1,4,1,20,1,6,1
2026-02-15 01:45:00,1,3,9,18,1,6,1
2026-02-15 02:00:00,1,4,1,24,2,6,1
2026-02-15 02:15:00,1,3,10,15,2,6,1
2026-02-15 02:30:00,1,4,10,24,2,6,1
2026-02-15 02:45:00,1,3,4,21,2,6,1
2026-02-15 03:00:00,1,3,10,15,3,6,1
2026-02-15 03:15:00,1,3,7,18,3,6,1
2026-02-15 03:30:00,1,5,3,25,3,6,1
2026-02-15 03:45:00,1,4,9,20,3,6,1
2026-02-15 04:00:00,1,2,12,14,4,6,1
2026-02-15 04:15:00,1,5,6,20,4,6,1
2026-02-15 04:30:00,1,3,0,18,4,6,1
2026-02-15 04:45:00,1,3,3,18,4,6,1
2026-02-15 05:00:00,1,2,0,10,5,6,1
2026-02-15 05:15:00,1,4,0,20,5,6,1
2026-02-15 05:30:00,1,5,8,35,5,6,1
2026-02-15 05:45:00,1,4,4,16,5,6,1
2026-02-15 06:00:00,1,4,7,24,6,6,1
2026-02-15 06:15:00,1,4,11,16,6,6,1
2026-02-15 06:30:00,1,3,3,12,6,6,1
2026-02-15 06:45:00,1,5,6,35,6,6,1
2026-02-15 07:00:00,1,2,0,12,7,6,1
2026-02-15 07:15:00,1,3,9,18,7,6,1
2026-02-15 07:30:00,1,2,11,8,7,6,1
2026-02-15 07:45:00,1,5,6,25,7,6,1
2026-02-15 08:00:00,1,4,10,16,8,6,1
2026-02-15 08:15:00,1,3,1,15,8,6,1
2026-02-15 08:30:00,1,3,9,21,8,6,1
2026-02-15 08:45:00,1,2,4,10,8,6,1
2026-02-15 09:00:00,1,2,21,12,9,6,8
2026-02-15 09:15:00,8,3,16,21,9,6,6
2026-02-15 09:30:00,6,5,17,20,9,6,1
2026-02-15 09:45:00,1,5,18,20,9,6,1
2026-02-15 10:00:00,1,4,20,28,10,6,1
2026-02-15 10:15:00,1,5,14,35,10,6,1
2026-02-15 10:30:00,1,5,19,20,10,6,1
2026-02-15 10:45:00,1,3,19,15,10,6,9
2026-02-15 11:00:00,9,3,11,21,11,6,1
2026-02-15 11:15:00,1,2,21,8,11,6,15
2026-02-15 11:30:00,15,3,12,21,11,6,7
2026-02-15 11:45:00,7,2,17,8,11,6,18
2026-02-15 12:00:00,18,2,22,8,12,6,30
2026-02-15 12:15:00,30,3,18,15,12,6,34
2026-02-15 12:30:00,34,3,15,21,12,6,29
2026-02-15 12:45:00,29,2,18,12,12,6,31
2026-02-15 13:00:00,31,5,14,30,13,6,12
2026-02-15 13:15:00,12,4,19,16,13,6,15
2026-02-15 13:30:00,15,5,16,30,13,6,1
2026-02-15 13:45:00,1,4,19,20,13,6,1
2026-02-15 14:00:00,1,2,14,10,14,6,6
2026-02-15 14:15:00,6,5,11,20,14,6,1
2026-02-15 14:30:00,1,2,13,10,14,6,1
2026-02-15 14:45:00,1,4,15,20,14,6,1
2026-02-15 15:00:00,1,3,18,18,15,6,3
2026-02-15 15:15:00,3,2,12,10,15,6,4
2026-02-15 15:30:00,4,3,11,18,15,6,1
2026-02-15 15:45:00,1,2,15,14,15,6,2
2026-02-15 16:00:00,2,5,11,25,16,6,1
2026-02-15 16:15:00,1,4,19,28,16,6,1
2026-02-15 16:30:00,1,3,21,15,16,6,7
2026-02-15 16:45:00,7,2,18,14,16,6,10
2026-02-15 17:00:00,10,3,19,15,17,6,14
2026-02-15 17:15:00,14,5,4,25,17,6,1
2026-02-15 17:30:00,1,2,14,14,17,6,2
2026-02-15 17:45:00,2,2,15,12,17,6,1
2026-02-15 18:00:00,1,2,7,12,18,6,1
2026-02-15 18:15:00,1,5,8,35,18,6,1
2026-02-15 18:30:00,1,3,8,12,18,6,1
2026-02-15 18:45:00,1,5,10,35,18,6,1
2026-02-15 19:00:00,1,2,10,8,19,6,4
2026-02-15 19:15:00,4,5,10,20,19,6,1
2026-02-15 19:30:00,1,3,9,15,19,6,1
2026-02-15 19:45:00,1,5,9,35,19,6,1
2026-02-15 20:00:00,1,2,3,8,20,6,1
2026-02-15 20:15:00,1,3,5,12,20,6,1
2026-02-15 20:30:00,1,3,9,21,20,6,1
2026-02-15 20:45:00,1,4,6,20,20,6,1
2026-02-15 21:00:00,1,3,12,15,21,6,1
2026-02-15 21:15:00,1,2,3,10,21,6,1
2026-02-15 21:30:00,1,5,4,35,21,6,1
2026-02-15 21:45:00,1,5,9,20,21,6,1
2026-02-15 22:00:00,1,2,7,8,22,6,1
2026-02-15 22:15:00,1,3,7,15,22,6,1
2026-02-15 22:30:00,1,5,6,25,22,6,1
2026-02-15 22:45:00,1,2,9,8,22,6,4
2026-02-15 23:00:00,4,2,3,10,23,6,1
2026-02-15 23:15:00,1,4,0,20,23,6,1
2026-02-15 23:30:00,1,2,10,14,23,6,1
2026-02-15 23:45:00,1,3,3,18,23,6,1
2026-02-16 00:00:00,1,2,6,12,0,0,1
2026-02-16 00:15:00,1,2,8,12,0,0,1
2026-02-16 00:30:00,1,3,3,15,0,0,1
2026-02-16 00:45:00,1,4,9,16,0,0,1
2026-02-16 01:00:00,1,4,12,20,1,0,1
2026-02-16 01:15:00,1,3,1,15,1,0,1
2026-02-16 01:30:00,1,3,9,18,1,0,1
2026-02-16 01:45:00,1,5,11,30,1,0,1
2026-02-16 02:00:00,1,2,14,14,2,0,1
2026-02-16 02:15:00,1,4,12,28,2,0,1
2026-02-16 02:30:00,1,4,4,20,2,0,1
2026-02-16 02:45:00,1,5,10,35,2,0,1
2026-02-16 03:00:00,1,4,8,28,3,0,1
2026-02-16 03:15:00,1,5,12,25,3,0,1
2026-02-16 03:30:00,1,2,5,8,3,0,1
2026-02-16 03:45:00,1,5,11,30,3,0,1
2026-02-16 04:00:00,1,3,10,18,4,0,1
2026-02-16 04:15:00,1,5,15,20,4,0,1
2026-02-16 04:30:00,1,3,5,18,4,0,1
2026-02-16 04:45:00,1,4,3,16,4,0,1
2026-02-16 05:00:00,1,4,7,20,5,0,1
2026-02-16 05:15:00,1,3,8,12,5,0,1
2026-02-16 05:30:00,1,3,2,18,5,0,1
2026-02-16 05:45:00,1,3,7,12,5,0,1
2026-02-16 06:00:00,1,2,15,8,6,0,9
2026-02-16 06:15:00,9,5,13,20,6,0,3
2026-02-16 06:30:00,3,2,10,14,6,0,1
2026-02-16 06:45:00,1,5,5,20,6,0,1
2026-02-16 07:00:00,1,2,8,14,7,0,1
2026-02-16 07:15:00,1,5,7,30,7,0,1
2026-02-16 07:30:00,1,4,10,16,7,0,1
2026-02-16 07:45:00,1,4,11,24,7,0,1
2026-02-16 08:00:00,1,4,11,28,8,0,1
2026-02-16 08:15:00,1,4,7,24,8,0,1
2026-02-16 08:30:00,1,2,12,14,8,0,1
2026-02-16 08:45:00,1,3,3,15,8,0,1
2026-02-16 09:00:00,1,2,17,8,9,0,8
2026-02-16 09:15:00,8,4,19,16,9,0,10
2026-02-16 09:30:00,10,5,14,35,9,0,1
2026-02-16 09:45:00,1,3,15,15,9,0,1
2026-02-16 10:00:00,1,3,22,21,10,0,6
2026-02-16 10:15:00,6,4,13,28,10,0,1
2026-02-16 10:30:00,1,2,17,10,10,0,9
2026-02-16 10:45:00,9,2,21,8,10,0,17
2026-02-16 11:00:00,17,3,21,18,11,0,18
2026-02-16 11:15:00,18,5,14,25,11,0,8
2026-02-16 11:30:00,8,5,23,35,11,0,1
2026-02-16 11:45:00,1,3,20,15,11,0,4
2026-02-16 12:00:00,4,3,17,12,12,0,7
2026-02-16 12:15:00,7,2,19,10,12,0,15
2026-02-16 12:30:00,15,3,20,21,12,0,14
2026-02-16 12:45:00,14,4,14,28,12,0,1
2026-02-16 13:00:00,1,5,20,20,13,0,2
2026-02-16 13:15:00,2,2,16,8,13,0,9
2026-02-16 13:30:00,9,4,18,16,13,0,10
2026-02-16 13:45:00,10,5,16,35,13,0,1
2026-02-16 14:00:00,1,2,16,8,14,0,8
2026-02-16 14:15:00,8,4,15,28,14,0,1
2026-02-16 14:30:00,1,2,11,12,14,0,1
2026-02-16 14:45:00,1,3,16,15,14,0,1
2026-02-16 15:00:00,1,5,21,20,15,0,1
2026-02-16 15:15:00,1,2,16,14,15,0,1
2026-02-16 15:30:00,1,3,19,21,15,0,1
2026-02-16 15:45:00,1,5,29,20,15,0,7
2026-02-16 16:00:00,7,3,23,15,16,0,15
2026-02-16 16:15:00,15,2,21,14,16,0,19
2026-02-16 16:30:00,19,4,14,28,16,0,10
2026-02-16 16:45:00,10,5,20,25,16,0,5
2026-02-16 17:00:00,5,4,15,20,17,0,1
2026-02-16 17:15:00,1,5,14,25,17,0,1
2026-02-16 17:30:00,1,3,13,12,17,0,1
2026-02-16 17:45:00,1,4,16,20,17,0,1
2026-02-16 18:00:00,1,4,15,16,18,0,3
2026-02-16 18:15:00,3,3,16,21,18,0,1
2026-02-16 18:30:00,1,2,21,12,18,0,11
2026-02-16 18:45:00,11,4,14,24,18,0,1
2026-02-16 19:00:00,1,2,5,12,19,0,1
2026-02-16 19:15:00,1,2,10,10,19,0,1
2026-02-16 19:30:00,1,2,15,8,19,0,5
2026-02-16 19:45:00,5,5,14,35,19,0,1
2026-02-16 20:00:00,1,2,8,12,20,0,1
2026-02-16 20:15:00,1,3,16,18,20,0,1
2026-02-16 20:30:00,1,3,11,15,20,0,1
2026-02-16 20:45:00,1,5,10,35,20,0,1
2026-02-16 21:00:00,1,5,10,35,21,0,1
2026-02-16 21:15:00,1,5,10,30,21,0,1
2026-02-16 21:30:00,1,4,14,24,21,0,1
2026-02-16 21:45:00,1,5,9,25,21,0,1
2026-02-16 22:00:00,1,5,9,25,22,0,1
2026-02-16 22:15:00,1,4,11,16,22,0,1
2026-02-16 22:30:00,1,2,7,14,22,0,1
2026-02-16 22:45:00,1,2,8,10,22,0,1
2026-02-16 23:00:00,1,3,11,21,23,0,1
2026-02-16 23:15:00,1,3,6,12,23,0,1
2026-02-16 23:30:00,1,3,2,12,23,0,1
2026-02-16 23:45:00,1,2,10,10,23,0,3
2026-02-17 00:00:00,3,3,10,18,0,1,1
2026-02-17 00:15:00,1,4,15,20,0,1,1
2026-02-17 00:30:00,1,5,0,30,0,1,1
2026-02-17 00:45:00,1,4,10,20,0,1,1
2026-02-17 01:00:00,1,2,7,8,1,1,1
2026-02-17 01:15:00,1,5,7,25,1,1,1
2026-02-17 01:30:00,1,5,3,35,1,1,1
2026-02-17 01:45:00,1,5,3,35,1,1,1
2026-02-17 02:00:00,1,3,11,18,2,1,1
2026-02-17 02:15:00,1,5,9,35,2,1,1
2026-02-17 02:30:00,1,2,7,10,2,1,1
2026-02-17 02:45:00,1,4,15,16,2,1,1
2026-02-17 03:00:00,1,3,8,18,3,1,1
2026-02-17 03:15:00,1,3,11,18,3,1,1
2026-02-17 03:30:00,1,5,3,30,3,1,1
2026-02-17 03:45:00,1,3,8,15,3,1,1
2026-02-17 04:00:00,1,5,11,30,4,1,1
2026-02-17 04:15:00,1,3,16,21,4,1,1
2026-02-17 04:30:00,1,4,3,16,4,1,1
2026-02-17 04:45:00,1,5,8,20,4,1,1
2026-02-17 05:00:00,1,5,18,35,5,1,1
2026-02-17 05:15:00,1,2,3,12,5,1,1
2026-02-17 05:30:00,1,3,10,15,5,1,1
2026-02-17 05:45:00,1,2,7,14,5,1,1
2026-02-17 06:00:00,1,3,3,12,6,1,1
2026-02-17 06:15:00,1,5,9,25,6,1,1
2026-02-17 06:30:00,1,2,2,14,6,1,1
2026-02-17 06:45:00,1,5,4,25,6,1,1
2026-02-17 07:00:00,1,4,13,16,7,1,1
2026-02-17 07:15:00,1,5,16,30,7,1,1
2026-02-17 07:30:00,1,2,14,14,7,1,2
2026-02-17 07:45:00,2,3,6,21,7,1,1
2026-02-17 08:00:00,1,5,8,25,8,1,1
2026-02-17 08:15:00,1,2,9,10,8,1,1
2026-02-17 08:30:00,1,5,0,25,8,1,1
2026-02-17 08:45:00,1,5,5,25,8,1,1
2026-02-17 09:00:00,1,2,19,8,9,1,13
2026-02-17 09:15:00,13,2,18,10,9,1,21
2026-02-17 09:30:00,21,3,17,12,9,1,27
2026-02-17 09:45:00,27,3,17,21,9,1,23
2026-02-17 10:00:00,23,3,27,15,10,1,34
2026-02-17 10:15:00,34,2,14,8,10,1,41
2026-02-17 10:30:00,41,5,11,30,10,1,25
2026-02-17 10:45:00,25,4,25,20,10,1,32
2026-02-17 11:00:00,32,3,17,12,11,1,33
2026-02-17 11:15:00,33,4,19,28,11,1,27
2026-02-17 11:30:00,27,4,21,20,11,1,29
2026-02-17 11:45:00,29,3,28,15,11,1,43
2026-02-17 12:00:00,43,2,26,12,12,1,55
2026-02-17 12:15:00,55,3,25,15,12,1,66
2026-02-17 12:30:00,66,5,21,25,12,1,59
2026-02-17 12:45:00,59,5,15,30,12,1,45
2026-02-17 13:00:00,45,3,17,21,13,1,43
2026-02-17 13:15:00,43,2,16,10,13,1,49
2026-02-17 13:30:00,49,2,13,14,13,1,46
2026-02-17 13:45:00,46,2,16,14,13,1,49
2026-02-17 14:00:00,49,4,19,16,14,1,51
2026-02-17 14:15:00,51,3,14,12,14,1,56
2026-02-17 14:30:00,56,5,11,20,14,1,44
2026-02-17 14:45:00,44,5,11,30,14,1,26
2026-02-17 15:00:00,26,4,13,24,15,1,11
2026-02-17 15:15:00,11,2,15,14,15,1,10
2026-02-17 15:30:00,10,3,24,18,15,1,14
2026-02-17 15:45:00,14,2,21,12,15,1,23
2026-02-17 16:00:00,23,4,17,24,16,1,16
2026-02-17 16:15:00,16,5,23,20,16,1,20
2026-02-17 16:30:00,20,5,18,25,16,1,13
2026-02-17 16:45:00,13,5,20,35,16,1,1
2026-02-17 17:00:00,1,3,18,15,17,1,5
2026-02-17 17:15:00,5,5,6,35,17,1,1
2026-02-17 17:30:00,1,3,10,12,17,1,1
2026-02-17 17:45:00,1,5,15,25,17,1,1
2026-02-17 18:00:00,1,3,15,18,18,1,1
2026-02-17 18:15:00,1,2,13,10,18,1,6
2026-02-17 18:30:00,6,3,13,18,18,1,2
2026-02-17 18:45:00,2,3,21,21,18,1,1
2026-02-17 19:00:00,1,2,12,14,19,1,1
2026-02-17 19:15:00,1,3,12,12,19,1,3
2026-02-17 19:30:00,3,2,14,10,19,1,4
2026-02-17 19:45:00,4,4,17,28,19,1,1
2026-02-17 20:00:00,1,5,7,30,20,1,1
2026-02-17 20:15:00,1,4,4,20,20,1,1
2026-02-17 20:30:00,1,2,5,10,20,1,1
2026-02-17 20:45:00,1,3,7,21,20,1,1
2026-02-17 21:00:00,1,5,10,30,21,1,1
2026-02-17 21:15:00,1,5,9,25,21,1,1
2026-02-17 21:30:00,1,4,3,24,21,1,1
2026-02-17 21:45:00,1,3,7,15,21,1,1
2026-02-17 22:00:00,1,5,12,30,22,1,1
2026-02-17 22:15:00,1,4,14,16,22,1,1
2026-02-17 22:30:00,1,2,0,12,22,1,1
2026-02-17 22:45:00,1,2,14,12,22,1,4
2026-02-17 23:00:00,4,2,4,14,23,1,1
2026-02-17 23:15:00,1,2,9,10,23,1,3
2026-02-17 23:30:00,3,4,11,16,23,1,1
2026-02-17 23:45:00,1,4,2,20,23,1,1
2026-02-18 00:00:00,1,5,6,20,0,2,1
2026-02-18 00:15:00,1,4,14,28,0,2,1
2026-02-18 00:30:00,1,5,5,30,0,2,1
2026-02-18 00:45:00,1,2,6,8,0,2,1
2026-02-18 01:00:00,1,5,10,30,1,2,1
2026-02-18 01:15:00,1,3,13,18,1,2,1
2026-02-18 01:30:00,1,5,13,25,1,2,1
2026-02-18 01:45:00,1,4,7,28,1,2,1
2026-02-18 02:00:00,1,3,11,18,2,2,1
2026-02-18 02:15:00,1,5,8,30,2,2,1
2026-02-18 02:30:00,1,5,5,30,2,2,1
2026-02-18 02:45:00,1,5,2,25,2,2,1
2026-02-18 03:00:00,1,4,7,16,3,2,1
2026-02-18 03:15:00,1,3,5,15,3,2,1
2026-02-18 03:30:00,1,4,13,28,3,2,1
2026-02-18 03:45:00,1,5,1,30,3,2,1
2026-02-18 04:00:00,1,5,9,35,4,2,1
2026-02-18 04:15:00,1,4,7,16,4,2,1
2026-02-18 04:30:00,1,4,8,16,4,2,1
2026-02-18 04:45:00,1,4,7,28,4,2,1
2026-02-18 05:00:00,1,5,13,20,5,2,1
2026-02-18 05:15:00,1,5,2,30,5,2,1
2026-02-18 05:30:00,1,5,2,25,5,2,1
2026-02-18 05:45:00,1,4,17,28,5,2,1
2026-02-18 06:00:00,1,4,9,20,6,2,1
2026-02-18 06:15:00,1,3,9,12,6,2,1
2026-02-18 06:30:00,1,4,11,28,6,2,1
2026-02-18 06:45:00,1,2,17,10,6,2,11
2026-02-18 07:00:00,11,4,16,28,7,2,1
2026-02-18 07:15:00,1,3,3,15,7,2,1
2026-02-18 07:30:00,1,5,15,30,7,2,1
2026-02-18 07:45:00,1,4,14,28,7,2,1
2026-02-18 08:00:00,1,2,8,14,8,2,1
2026-02-18 08:15:00,1,3,17,21,8,2,1
2026-02-18 08:30:00,1,5,5,30,8,2,1
2026-02-18 08:45:00,1,2,4,12,8,2,1
2026-02-18 09:00:00,1,5,20,35,9,2,1
2026-02-18 09:15:00,1,3,26,15,9,2,12
2026-02-18 09:30:00,12,3,21,12,9,2,24
2026-02-18 09:45:00,24,5,21,25,9,2,21
2026-02-18 10:00:00,21,3,17,15,10,2,21
2026-02-18 10:15:00,21,3,19,18,10,2,22
2026-02-18 10:30:00,22,2,23,10,10,2,35
2026-02-18 10:45:00,35,4,28,24,10,2,39
2026-02-18 11:00:00,39,2,25,10,11,2,55
2026-02-18 11:15:00,55,2,20,12,11,2,63
2026-02-18 11:30:00,63,4,20,28,11,2,54
2026-02-18 11:45:00,54,2,23,14,11,2,65
2026-02-18 12:00:00,65,4,19,16,12,2,68
2026-02-18 12:15:00,68,3,26,12,12,2,84
2026-02-18 12:30:00,84,5,27,25,12,2,84
2026-02-18 12:45:00,84,2,29,14,12,2,100
2026-02-18 13:00:00,100,3,18,21,13,2,94
2026-02-18 13:15:00,94,5,11,30,13,2,75
2026-02-18 13:30:00,75,2,10,14,13,2,72
2026-02-18 13:45:00,72,5,16,20,13,2,67
2026-02-18 14:00:00,67,4,23,24,14,2,66
2026-02-18 14:15:00,66,3,17,12,14,2,72
2026-02-18 14:30:00,72,5,24,35,14,2,60
2026-02-18 14:45:00,60,2,15,10,14,2,64
2026-02-18 15:00:00,64,4,14,28,15,2,49
2026-02-18 15:15:00,49,3,23,21,15,2,51
2026-02-18 15:30:00,51,2,22,14,15,2,58
2026-02-18 15:45:00,58,3,21,12,15,2,66
2026-02-18 16:00:00,66,5,19,35,16,2,49
2026-02-18 16:15:00,49,5,14,20,16,2,42
2026-02-18 16:30:00,42,3,20,21,16,2,40
2026-02-18 16:45:00,40,5,29,30,16,2,39
2026-02-18 17:00:00,39,3,12,18,17,2,33
2026-02-18 17:15:00,33,5,10,25,17,2,19
2026-02-18 17:30:00,19,4,18,24,17,2,13
2026-02-18 17:45:00,13,2,19,10,17,2,18
2026-02-18 18:00:00,18,3,9,15,18,2,15
2026-02-18 18:15:00,15,3,14,18,18,2,10
2026-02-18 18:30:00,10,5,15,30,18,2,1
2026-02-18 18:45:00,1,4,13,16,18,2,1
2026-02-18 19:00:00,1,4,17,20,19,2,1
2026-02-18 19:15:00,1,5,22,35,19,2,1
2026-02-18 19:30:00,1,5,12,30,19,2,1
2026-02-18 19:45:00,1,3,20,18,19,2,5
2026-02-18 20:00:00,5,3,6,12,20,2,1
2026-02-18 20:15:00,1,2,15,10,20,2,7
2026-02-18 20:30:00,7,2,7,12,20,2,6
2026-02-18 20:45:00,6,5,8,25,20,2,1
2026-02-18 21:00:00,1,2,5,14,21,2,1
2026-02-18 21:15:00,1,3,1,18,21,2,1
2026-02-18 21:30:00,1,4,14,16,21,2,1
2026-02-18 21:45:00,1,2,18,14,21,2,7
2026-02-18 22:00:00,7,4,11,16,22,2,1
2026-02-18 22:15:00,1,2,9,10,22,2,1
2026-02-18 22:30:00,1,3,9,18,22,2,1
2026-02-18 22:45:00,1,4,9,20,22,2,1
2026-02-18 23:00:00,1,5,9,25,23,2,1
2026-02-18 23:15:00,1,2,9,8,23,2,1
2026-02-18 23:30:00,1,4,10,24,23,2,1
2026-02-18 23:45:00,1,4,16,28,23,2,1
2026-02-19 00:00:00,1,2,12,12,0,3,1
2026-02-19 00:15:00,1,5,6,35,0,3,1
2026-02-19 00:30:00,1,4,9,16,0,3,1
2026-02-19 00:45:00,1,3,9,15,0,3,1
2026-02-19 01:00:00,1,3,10,18,1,3,1
2026-02-19 01:15:00,1,3,10,21,1,3,1
2026-02-19 01:30:00,1,3,0,18,1,3,1
2026-02-19 01:45:00,1,5,8,20,1,3,1
2026-02-19 02:00:00,1,4,4,20,2,3,1
2026-02-19 02:15:00,1,3,0,15,2,3,1
2026-02-19 02:30:00,1,4,14,16,2,3,1
2026-02-19 02:45:00,1,5,9,35,2,3,1
2026-02-19 03:00:00,1,3,5,21,3,3,1
2026-02-19 03:15:00,1,4,9,16,3,3,1
2026-02-19 03:30:00,1,5,10,20,3,3,1
2026-02-19 03:45:00,1,2,8,12,3,3,1
2026-02-19 04:00:00,1,4,7,28,4,3,1
2026-02-19 04:15:00,1,2,11,14,4,3,1
2026-02-19 04:30:00,1,2,8,10,4,3,1
2026-02-19 04:45:00,1,3,9,12,4,3,1
2026-02-19 05:00:00,1,5,9,35,5,3,1
2026-02-19 05:15:00,1,2,9,14,5,3,1
2026-02-19 05:30:00,1,5,7,30,5,3,1
2026-02-19 05:45:00,1,5,17,35,5,3,1
2026-02-19 06:00:00,1,5,13,20,6,3,1
2026-02-19 06:15:00,1,2,10,12,6,3,1
2026-02-19 06:30:00,1,3,11,15,6,3,1
2026-02-19 06:45:00,1,5,13,35,6,3,1
2026-02-19 07:00:00,1,4,4,16,7,3,1
2026-02-19 07:15:00,1,3,9,18,7,3,1
2026-02-19 07:30:00,1,4,6,16,7,3,1
2026-02-19 07:45:00,1,3,4,15,7,3,1
2026-02-19 08:00:00,1,4,14,20,8,3,1
2026-02-19 08:15:00,1,4,5,24,8,3,1
2026-02-19 08:30:00,1,4,11,24,8,3,1
2026-02-19 08:45:00,1,5,9,35,8,3,1
2026-02-19 09:00:00,1,5,20,20,9,3,1
2026-02-19 09:15:00,1,4,21,24,9,3,1
2026-02-19 09:30:00,1,4,23,28,9,3,1
2026-02-19 09:45:00,1,3,22,15,9,3,7
2026-02-19 10:00:00,7,2,17,12,10,3,10
2026-02-19 10:15:00,10,3,20,12,10,3,18
2026-02-19 10:30:00,18,4,25,20,10,3,25
2026-02-19 10:45:00,25,5,23,20,10,3,27
2026-02-19 11:00:00,27,4,17,16,11,3,27
2026-02-19 11:15:00,27,3,26,12,11,3,38
2026-02-19 11:30:00,38,2,18,14,11,3,41
2026-02-19 11:45:00,41,4,22,28,11,3,35
2026-02-19 12:00:00,35,3,20,21,12,3,32
2026-02-19 12:15:00,32,3,22,18,12,3,35
2026-02-19 12:30:00,35,4,17,20,12,3,32
2026-02-19 12:45:00,32,5,18,35,12,3,18
2026-02-19 13:00:00,18,5,15,35,13,3,1
2026-02-19 13:15:00,1,2,20,8,13,3,15
2026-02-19 13:30:00,15,3,17,15,13,3,14
2026-02-19 13:45:00,14,4,20,16,13,3,17
2026-02-19 14:00:00,17,2,16,8,14,3,20
2026-02-19 14:15:00,20,4,19,28,14,3,10
2026-02-19 14:30:00,10,4,18,24,14,3,4
2026-02-19 14:45:00,4,4,13,20,14,3,1
2026-02-19 15:00:00,1,4,23,24,15,3,1
2026-02-19 15:15:00,1,5,22,35,15,3,1
2026-02-19 15:30:00,1,5,11,30,15,3,1
2026-02-19 15:45:00,1,5,10,25,15,3,1
2026-02-19 16:00:00,1,4,19,28,16,3,1
2026-02-19 16:15:00,1,4,12,20,16,3,1
2026-02-19 16:30:00,1,3,19,21,16,3,1
2026-02-19 16:45:00,1,2,19,14,16,3,5
2026-02-19 17:00:00,5,3,10,18,17,3,1
2026-02-19 17:15:00,1,2,25,8,17,3,14
2026-02-19 17:30:00,14,5,8,25,17,3,1
2026-02-19 17:45:00,1,4,20,28,17,3,1
2026-02-19 18:00:00,1,5,17,20,18,3,1
2026-02-19 18:15:00,1,5,18,35,18,3,1
2026-02-19 18:30:00,1,2,6,10,18,3,1
2026-02-19 18:45:00,1,4,16,16,18,3,1
2026-02-19 19:00:00,1,5,11,25,19,3,1
2026-02-19 19:15:00,1,5,16,30,19,3,1
2026-02-19 19:30:00,1,3,11,21,19,3,1
2026-02-19 19:45:00,1,5,18,20,19,3,1
2026-02-19 20:00:00,1,3,3,18,20,3,1
2026-02-19 20:15:00,1,4,1,16,20,3,1
2026-02-19 20:30:00,1,3,14,18,20,3,1
2026-02-19 20:45:00,1,4,10,20,20,3,1
2026-02-19 21:00:00,1,5,11,35,21,3,1
2026-02-19 21:15:00,1,3,16,15,21,3,5
2026-02-19 21:30:00,5,2,4,14,21,3,1
2026-02-19 21:45:00,1,3,9,12,21,3,1
2026-02-19 22:00:00,1,5,12,30,22,3,1
2026-02-19 22:15:00,1,5,11,25,22,3,1
2026-02-19 22:30:00,1,4,10,16,22,3,1
2026-02-19 22:45:00,1,5,7,30,22,3,1
2026-02-19 23:00:00,1,2,2,8,23,3,1
2026-02-19 23:15:00,1,2,6,12,23,3,1
2026-02-19 23:30:00,1,5,10,25,23,3,1
2026-02-19 23:45:00,1,2,5,14,23,3,1
2026-02-20 00:00:00,1,2,14,14,0,4,1
2026-02-20 00:15:00,1,2,9,8,0,4,1
2026-02-20 00:30:00,1,5,10,30,0,4,1
2026-02-20 00:45:00,1,4,12,28,0,4,1
2026-02-20 01:00:00,1,3,5,12,1,4,1
2026-02-20 01:15:00,1,4,10,28,1,4,1
2026-02-20 01:30:00,1,4,9,28,1,4,1
2026-02-20 01:45:00,1,3,9,15,1,4,1
2026-02-20 02:00:00,1,4,11,20,2,4,1
2026-02-20 02:15:00,1,5,10,20,2,4,1
2026-02-20 02:30:00,1,4,8,24,2,4,1
2026-02-20 02:45:00,1,2,5,8,2,4,1
2026-02-20 03:00:00,1,5,10,25,3,4,1
2026-02-20 03:15:00,1,4,4,24,3,4,1
2026-02-20 03:30:00,1,4,14,16,3,4,1
2026-02-20 03:45:00,1,2,11,14,3,4,1
2026-02-20 04:00:00,1,2,16,8,4,4,10
2026-02-20 04:15:00,10,4,12,20,4,4,4
2026-02-20 04:30:00,4,5,15,35,4,4,1
2026-02-20 04:45:00,1,2,13,8,4,4,7
2026-02-20 05:00:00,7,3,4,18,5,4,1
2026-02-20 05:15:00,1,3,9,21,5,4,1
2026-02-20 05:30:00,1,3,6,18,5,4,1
2026-02-20 05:45:00,1,4,15,16,5,4,1
2026-02-20 06:00:00,1,4,17,20,6,4,1
2026-02-20 06:15:00,1,5,9,30,6,4,1
2026-02-20 06:30:00,1,4,6,20,6,4,1
2026-02-20 06:45:00,1,2,6,12,6,4,1
2026-02-20 07:00:00,1,3,11,18,7,4,1
2026-02-20 07:15:00,1,3,6,18,7,4,1
2026-02-20 07:30:00,1,5,6,20,7,4,1
2026-02-20 07:45:00,1,2,6,8,7,4,1
2026-02-20 08:00:00,1,3,6,18,8,4,1
2026-02-20 08:15:00,1,3,5,21,8,4,1
2026-02-20 08:30:00,1,3,9,12,8,4,1
2026-02-20 08:45:00,1,5,6,35,8,4,1
2026-02-20 09:00:00,1,3,21,12,9,4,8
2026-02-20 09:15:00,8,3,27,12,9,4,22
2026-02-20 09:30:00,22,5,18,30,9,4,10
2026-02-20 09:45:00,10,4,21,20,9,4,9
2026-02-20 10:00:00,9,5,14,35,10,4,1
2026-02-20 10:15:00,1,3,24,21,10,4,4
2026-02-20 10:30:00,4,4,26,20,10,4,10
2026-02-20 10:45:00,10,5,21,20,10,4,9
2026-02-20 11:00:00,9,4,24,28,11,4,6
2026-02-20 11:15:00,6,4,16,28,11,4,1
2026-02-20 11:30:00,1,2,21,10,11,4,10
2026-02-20 11:45:00,10,3,21,15,11,4,12
2026-02-20 12:00:00,12,3,22,21,12,4,10
2026-02-20 12:15:00,10,4,24,16,12,4,14
2026-02-20 12:30:00,14,2,23,12,12,4,26
2026-02-20 12:45:00,26,4,26,20,12,4,30
2026-02-20 13:00:00,30,5,19,30,13,4,15
2026-02-20 13:15:00,15,4,16,28,13,4,1
2026-02-20 13:30:00,1,4,9,24,13,4,1
2026-02-20 13:45:00,1,4,19,24,13,4,1
2026-02-20 14:00:00,1,2,16,10,14,4,6
2026-02-20 14:15:00,6,4,12,28,14,4,1
2026-02-20 14:30:00,1,4,18,28,14,4,1
2026-02-20 14:45:00,1,3,21,21,14,4,1
2026-02-20 15:00:00,1,3,23,15,15,4,8
2026-02-20 15:15:00,8,4,18,16,15,4,11
2026-02-20 15:30:00,11,2,18,10,15,4,19
2026-02-20 15:45:00,19,2,16,14,15,4,24
2026-02-20 16:00:00,24,4,19,20,16,4,21
2026-02-20 16:15:00,21,4,20,20,16,4,17
2026-02-20 16:30:00,17,5,18,20,16,4,18
2026-02-20 16:45:00,18,5,17,30,16,4,8
2026-02-20 17:00:00,8,3,14,12,17,4,11
2026-02-20 17:15:00,11,5,15,30,17,4,1
2026-02-20 17:30:00,1,5,8,30,17,4,1
2026-02-20 17:45:00,1,5,18,30,17,4,1
2026-02-20 18:00:00,1,2,18,12,18,4,9
2026-02-20 18:15:00,9,3,13,12,18,4,6
2026-02-20 18:30:00,6,2,22,10,18,4,16
2026-02-20 18:45:00,16,5,16,25,18,4,6
2026-02-20 19:00:00,6,2,11,8,19,4,9
2026-02-20 19:15:00,9,5,8,35,19,4,1
2026-02-20 19:30:00,1,3,17,15,19,4,5
2026-02-20 19:45:00,5,3,15,12,19,4,7
2026-02-20 20:00:00,7,5,4,25,20,4,1
2026-02-20 20:15:00,1,3,4,12,20,4,1
2026-02-20 20:30:00,1,3,7,15,20,4,1
2026-02-20 20:45:00,1,3,12,21,20,4,1
2026-02-20 21:00:00,1,4,9,16,21,4,1
2026-02-20 21:15:00,1,3,11,18,21,4,1
2026-02-20 21:30:00,1,2,6,12,21,4,1
2026-02-20 21:45:00,1,3,7,12,21,4,1
2026-02-20 22:00:00,1,5,15,35,22,4,1
2026-02-20 22:15:00,1,4,12,16,22,4,1
2026-02-20 22:30:00,1,5,8,35,22,4,1
2026-02-20 22:45:00,1,2,2,12,22,4,1
2026-02-20 23:00:00,1,2,7,14,23,4,1
2026-02-20 23:15:00,1,4,9,28,23,4,1
2026-02-20 23:30:00,1,5,17,25,23,4,1
2026-02-20 23:45:00,1,4,6,28,23,4,1
2026-02-21 00:00:00,1,3,5,15,0,5,1
2026-02-21 00:15:00,1,3,7,12,0,5,1
2026-02-21 00:30:00,1,4,4,28,0,5,1
2026-02-21 00:45:00,1,4,0,28,0,5,1
2026-02-21 01:00:00,1,5,8,20,1,5,1
2026-02-21 01:15:00,1,2,8,12,1,5,1
2026-02-21 01:30:00,1,5,4,35,1,5,1
2026-02-21 01:45:00,1,2,0,14,1,5,1
2026-02-21 02:00:00,1,4,2,28,2,5,1
2026-02-21 02:15:00,1,5,8,20,2,5,1
2026-02-21 02:30:00,1,5,5,30,2,5,1
2026-02-21 02:45:00,1,5,8,35,2,5,1
2026-02-21 03:00:00,1,4,15,16,3,5,1
2026-02-21 03:15:00,1,3,11,21,3,5,1
2026-02-21 03:30:00,1,2,0,12,3,5,1
2026-02-21 03:45:00,1,2,5,10,3,5,1
2026-02-21 04:00:00,1,4,2,24,4,5,1
2026-02-21 04:15:00,1,3,7,15,4,5,1
2026-02-21 04:30:00,1,5,4,35,4,5,1
2026-02-21 04:45:00,1,5,10,25,4,5,1
2026-02-21 05:00:00,1,4,6,16,5,5,1
2026-02-21 05:15:00,1,3,4,12,5,5,1
2026-02-21 05:30:00,1,3,2,21,5,5,1
2026-02-21 05:45:00,1,3,6,15,5,5,1
2026-02-21 06:00:00,1,5,13,35,6,5,1
2026-02-21 06:15:00,1,2,3,14,6,5,1
2026-02-21 06:30:00,1,2,7,12,6,5,1
2026-02-21 06:45:00,1,3,8,15,6,5,1
2026-02-21 07:00:00,1,3,14,21,7,5,1
2026-02-21 07:15:00,1,3,4,18,7,5,1
2026-02-21 07:30:00,1,2,7,12,7,5,1
2026-02-21 07:45:00,1,4,14,28,7,5,1
2026-02-21 08:00:00,1,5,9,35,8,5,1
2026-02-21 08:15:00,1,2,7,14,8,5,1
2026-02-21 08:30:00,1,2,6,10,8,5,1
2026-02-21 08:45:00,1,2,9,8,8,5,3
2026-02-21 09:00:00,3,4,18,28,9,5,1
2026-02-21 09:15:00,1,4,17,16,9,5,1
2026-02-21 09:30:00,1,3,17,12,9,5,6
2026-02-21 09:45:00,6,4,19,28,9,5,1
2026-02-21 10:00:00,1,2,23,10,10,5,17
2026-02-21 10:15:00,17,5,18,35,10,5,1
2026-02-21 10:30:00,1,4,20,16,10,5,5
2026-02-21 10:45:00,5,5,18,30,10,5,1
2026-02-21 11:00:00,1,3,23,15,11,5,8
2026-02-21 11:15:00,8,4,18,20,11,5,9
2026-02-21 11:30:00,9,3,19,12,11,5,14
2026-02-21 11:45:00,14,5,21,30,11,5,2
2026-02-21 12:00:00,2,2,23,8,12,5,14
2026-02-21 12:15:00,14,2,15,8,12,5,22
2026-02-21 12:30:00,22,3,20,21,12,5,22
2026-02-21 12:45:00,22,2,15,14,12,5,25
2026-02-21 13:00:00,25,3,15,12,13,5,25
2026-02-21 13:15:00,25,4,12,24,13,5,12
2026-02-21 13:30:00,12,4,9,16,13,5,1
2026-02-21 13:45:00,1,2,20,10,13,5,9
2026-02-21 14:00:00,9,3,11,15,14,5,7
2026-02-21 14:15:00,7,5,17,25,14,5,1
2026-02-21 14:30:00,1,3,15,12,14,5,3
2026-02-21 14:45:00,3,5,14,20,14,5,1
2026-02-21 15:00:00,1,5,18,25,15,5,1
2026-02-21 15:15:00,1,3,16,12,15,5,6
2026-02-21 15:30:00,6,4,23,28,15,5,1
2026-02-21 15:45:00,1,3,13,15,15,5,1
2026-02-21 16:00:00,1,3,20,12,16,5,8
2026-02-21 16:15:00,8,2,6,8,16,5,6
2026-02-21 16:30:00,6,5,15,25,16,5,1
2026-02-21 16:45:00,1,3,16,12,16,5,1
2026-02-21 17:00:00,1,3,14,15,17,5,1
2026-02-21 17:15:00,1,5,11,25,17,5,1
2026-02-21 17:30:00,1,5,8,20,17,5,1
2026-02-21 17:45:00,1,5,17,35,17,5,1
2026-02-21 18:00:00,1,5,9,35,18,5,1
2026-02-21 18:15:00,1,4,19,20,18,5,1
2026-02-21 18:30:00,1,3,6,12,18,5,1
2026-02-21 18:45:00,1,5,14,30,18,5,1
2026-02-21 19:00:00,1,5,13,35,19,5,1
2026-02-21 19:15:00,1,5,13,20,19,5,1
2026-02-21 19:30:00,1,2,8,10,19,5,1
2026-02-21 19:45:00,1,3,9,21,19,5,1
2026-02-21 20:00:00,1,2,7,14,20,5,1
2026-02-21 20:15:00,1,2,7,14,20,5,1
2026-02-21 20:30:00,1,4,11,24,20,5,1
2026-02-21 20:45:00,1,3,8,15,20,5,1
2026-02-21 21:00:00,1,4,2,16,21,5,1
2026-02-21 21:15:00,1,3,1,15,21,5,1
2026-02-21 21:30:00,1,3,4,15,21,5,1
2026-02-21 21:45:00,1,4,7,16,21,5,1
2026-02-21 22:00:00,1,2,5,12,22,5,1
2026-02-21 22:15:00,1,4,4,16,22,5,1
2026-02-21 22:30:00,1,3,5,12,22,5,1
2026-02-21 22:45:00,1,5,13,25,22,5,1
2026-02-21 23:00:00,1,3,1,12,23,5,1
2026-02-21 23:15:00,1,5,4,25,23,5,1
2026-02-21 23:30:00,1,5,4,35,23,5,1
2026-02-21 23:45:00,1,3,8,18,23,5,1
2026-02-22 00:00:00,1,2,4,12,0,6,1
2026-02-22 00:15:00,1,5,2,35,0,6,1
2026-02-22 00:30:00,1,5,10,35,0,6,1
2026-02-22 00:45:00,1,4,1,28,0,6,1
2026-02-22 01:00:00,1,2,10,8,1,6,2
2026-02-22 01:15:00,2,4,3,28,1,6,1
2026-02-22 01:30:00,1,5,11,30,1,6,1
2026-02-22 01:45:00,1,3,0,18,1,6,1
2026-02-22 02:00:00,1,5,2,35,2,6,1
2026-02-22 02:15:00,1,2,0,14,2,6,1
2026-02-22 02:30:00,1,2,5,14,2,6,1
2026-02-22 02:45:00,1,2,7,12,2,6,1
2026-02-22 03:00:00,1,3,14,18,3,6,1
2026-02-22 03:15:00,1,3,0,12,3,6,1
2026-02-22 03:30:00,1,5,2,25,3,6,1
2026-02-22 03:45:00,1,5,8,20,3,6,1
2026-02-22 04:00:00,1,5,15,20,4,6,1
2026-02-22 04:15:00,1,2,8,14,4,6,1
2026-02-22 04:30:00,1,4,3,16,4,6,1
2026-02-22 04:45:00,1,2,2,12,4,6,1
2026-02-22 05:00:00,1,5,11,30,5,6,1
2026-02-22 05:15:00,1,3,0,21,5,6,1
2026-02-22 05:30:00,1,4,5,28,5,6,1
2026-02-22 05:45:00,1,3,8,15,5,6,1
2026-02-22 06:00:00,1,2,5,14,6,6,1
2026-02-22 06:15:00,1,5,5,20,6,6,1
2026-02-22 06:30:00,1,2,10,12,6,6,1
2026-02-22 06:45:00,1,5,2,35,6,6,1
2026-02-22 07:00:00,1,3,13,15,7,6,1
2026-02-22 07:15:00,1,5,8,25,7,6,1
2026-02-22 07:30:00,1,4,2,24,7,6,1
2026-02-22 07:45:00,1,2,6,14,7,6,1
2026-02-22 08:00:00,1,3,8,12,8,6,1
2026-02-22 08:15:00,1,2,5,14,8,6,1
2026-02-22 08:30:00,1,4,9,24,8,6,1
2026-02-22 08:45:00,1,5,1,35,8,6,1
2026-02-22 09:00:00,1,3,19,18,9,6,1
2026-02-22 09:15:00,1,4,15,28,9,6,1
2026-02-22 09:30:00,1,2,18,12,9,6,8
2026-02-22 09:45:00,8,3,15,15,9,6,8
2026-02-22 10:00:00,8,3,8,21,10,6,1
2026-02-22 10:15:00,1,4,21,20,10,6,1
2026-02-22 10:30:00,1,3,21,12,10,6,9
2026-02-22 10:45:00,9,3,25,12,10,6,18
2026-02-22 11:00:00,18,3,20,21,11,6,17
2026-02-22 11:15:00,17,5,15,30,11,6,1
2026-02-22 11:30:00,1,5,20,30,11,6,1
2026-02-22 11:45:00,1,2,18,12,11,6,8
2026-02-22 12:00:00,8,4,22,20,12,6,8
2026-02-22 12:15:00,8,2,17,10,12,6,13
2026-02-22 12:30:00,13,3,18,15,12,6,19
2026-02-22 12:45:00,19,4,20,28,12,6,13
2026-02-22 13:00:00,13,2,9,12,13,6,12
2026-02-22 13:15:00,12,4,7,20,13,6,1
2026-02-22 13:30:00,1,4,20,16,13,6,1
2026-02-22 13:45:00,1,2,18,14,13,6,3
2026-02-22 14:00:00,3,2,14,8,14,6,7
2026-02-22 14:15:00,7,5,11,20,14,6,1
2026-02-22 14:30:00,1,5,7,35,14,6,1
2026-02-22 14:45:00,1,3,16,21,14,6,1
2026-02-22 15:00:00,1,4,10,24,15,6,1
2026-02-22 15:15:00,1,4,12,24,15,6,1
2026-02-22 15:30:00,1,5,9,20,15,6,1
2026-02-22 15:45:00,1,3,13,21,15,6,1
2026-02-22 16:00:00,1,4,10,16,16,6,1
2026-02-22 16:15:00,1,3,17,12,16,6,4
2026-02-22 16:30:00,4,5,19,20,16,6,2
2026-02-22 16:45:00,2,4,21,24,16,6,1
2026-02-22 17:00:00,1,4,15,28,17,6,1
2026-02-22 17:15:00,1,2,13,12,17,6,4
2026-02-22 17:30:00,4,4,19,16,17,6,6
2026-02-22 17:45:00,6,3,8,12,17,6,1
2026-02-22 18:00:00,1,3,6,18,18,6,1
2026-02-22 18:15:00,1,2,8,8,18,6,2
2026-02-22 18:30:00,2,3,15,18,18,6,1
2026-02-22 18:45:00,1,3,11,18,18,6,1
2026-02-22 19:00:00,1,4,14,16,19,6,1
2026-02-22 19:15:00,1,4,14,20,19,6,1
2026-02-22 19:30:00,1,2,21,10,19,6,12
2026-02-22 19:45:00,12,3,15,21,19,6,4
2026-02-22 20:00:00,4,2,13,10,20,6,6
2026-02-22 20:15:00,6,3,8,15,20,6,3
2026-02-22 20:30:00,3,3,3,15,20,6,1
2026-02-22 20:45:00,1,4,9,28,20,6,1
2026-02-22 21:00:00,1,5,7,35,21,6,1
2026-02-22 21:15:00,1,5,3,20,21,6,1
2026-02-22 21:30:00,1,2,5,12,21,6,1
2026-02-22 21:45:00,1,2,2,10,21,6,1
2026-02-22 22:00:00,1,3,12,12,22,6,2
2026-02-22 22:15:00,2,2,10,8,22,6,6
2026-02-22 22:30:00,6,4,0,16,22,6,1
2026-02-22 22:45:00,1,5,1,30,22,6,1
2026-02-22 23:00:00,1,5,8,30,23,6,1
2026-02-22 23:15:00,1,5,0,30,23,6,1
2026-02-22 23:30:00,1,5,2,20,23,6,1
2026-02-22 23:45:00,1,2,1,14,23,6,1
2026-02-23 00:00:00,1,2,15,8,0,0,12
2026-02-23 00:15:00,12,4,4,16,0,0,1
2026-02-23 00:30:00,1,3,14,21,0,0,1
2026-02-23 00:45:00,1,3,5,12,0,0,1
2026-02-23 01:00:00,1,4,5,20,1,0,1
2026-02-23 01:15:00,1,5,2,30,1,0,1
2026-02-23 01:30:00,1,3,12,18,1,0,1
2026-02-23 01:45:00,1,3,9,12,1,0,1
2026-02-23 02:00:00,1,3,11,18,2,0,1
2026-02-23 02:15:00,1,3,11,12,2,0,1
2026-02-23 02:30:00,1,5,16,20,2,0,1
2026-02-23 02:45:00,1,2,1,12,2,0,1
2026-02-23 03:00:00,1,3,14,21,3,0,1
2026-02-23 03:15:00,1,3,7,18,3,0,1
2026-02-23 03:30:00,1,5,3,20,3,0,1
2026-02-23 03:45:00,1,2,7,8,3,0,1
2026-02-23 04:00:00,1,3,5,15,4,0,1
2026-02-23 04:15:00,1,2,13,8,4,0,7
2026-02-23 04:30:00,7,4,4,16,4,0,1
2026-02-23 04:45:00,1,2,15,12,4,0,2
2026-02-23 05:00:00,2,3,13,12,5,0,1
2026-02-23 05:15:00,1,2,12,10,5,0,4
2026-02-23 05:30:00,4,5,6,20,5,0,1
2026-02-23 05:45:00,1,5,3,35,5,0,1
2026-02-23 06:00:00,1,5,10,25,6,0,1
2026-02-23 06:15:00,1,5,8,30,6,0,1
2026-02-23 06:30:00,1,3,3,21,6,0,1
2026-02-23 06:45:00,1,5,6,20,6,0,1
2026-02-23 07:00:00,1,2,14,8,7,0,4
2026-02-23 07:15:00,4,3,10,12,7,0,1
2026-02-23 07:30:00,1,5,12,25,7,0,1
2026-02-23 07:45:00,1,5,12,30,7,0,1
2026-02-23 08:00:00,1,2,8,8,8,0,1
2026-02-23 08:15:00,1,2,10,14,8,0,1
2026-02-23 08:30:00,1,3,5,15,8,0,1
2026-02-23 08:45:00,1,2,16,12,8,0,6
2026-02-23 09:00:00,6,5,18,20,9,0,4
2026-02-23 09:15:00,4,5,17,35,9,0,1
2026-02-23 09:30:00,1,5,22,30,9,0,1
2026-02-23 09:45:00,1,4,27,16,9,0,11
2026-02-23 10:00:00,11,5,18,35,10,0,1
2026-02-23 10:15:00,1,4,27,16,10,0,13
2026-02-23 10:30:00,13,5,22,35,10,0,1
2026-02-23 10:45:00,1,5,19,30,10,0,1
2026-02-23 11:00:00,1,4,14,16,11,0,1
2026-02-23 11:15:00,1,4,19,20,11,0,1
2026-02-23 11:30:00,1,4,21,24,11,0,1
2026-02-23 11:45:00,1,5,18,30,11,0,1
2026-02-23 12:00:00,1,4,19,24,12,0,1
2026-02-23 12:15:00,1,2,25,10,12,0,14
2026-02-23 12:30:00,14,2,14,12,12,0,14
2026-02-23 12:45:00,14,4,21,28,12,0,8
2026-02-23 13:00:00,8,4,18,20,13,0,10
2026-02-23 13:15:00,10,2,13,10,13,0,13
2026-02-23 13:30:00,13,4,23,24,13,0,13
2026-02-23 13:45:00,13,4,14,24,13,0,3
2026-02-23 14:00:00,3,3,17,12,14,0,6
2026-02-23 14:15:00,6,4,15,16,14,0,5
2026-02-23 14:30:00,5,2,17,8,14,0,14
2026-02-23 14:45:00,14,4,9,28,14,0,1
2026-02-23 15:00:00,1,4,19,16,15,0,5
2026-02-23 15:15:00,5,3,20,21,15,0,6
2026-02-23 15:30:00,6,2,18,12,15,0,11
2026-02-23 15:45:00,11,3,18,12,15,0,21
2026-02-23 16:00:00,21,4,10,20,16,0,10
2026-02-23 16:15:00,10,5,17,35,16,0,1
2026-02-23 16:30:00,1,3,14,18,16,0,1
2026-02-23 16:45:00,1,2,22,8,16,0,16
2026-02-23 17:00:00,16,3,11,21,17,0,3
2026-02-23 17:15:00,3,5,19,30,17,0,1
2026-02-23 17:30:00,1,4,11,16,17,0,1
2026-02-23 17:45:00,1,3,12,12,17,0,1
2026-02-23 18:00:00,1,4,12,16,18,0,1
2026-02-23 18:15:00,1,2,15,8,18,0,11
2026-02-23 18:30:00,11,5,18,25,18,0,5
2026-02-23 18:45:00,5,3,11,18,18,0,1
2026-02-23 19:00:00,1,4,15,16,19,0,1
2026-02-23 19:15:00,1,2,10,8,19,0,3
2026-02-23 19:30:00,3,5,11,20,19,0,1
2026-02-23 19:45:00,1,2,10,12,19,0,1
2026-02-23 20:00:00,1,3,14,18,20,0,1
2026-02-23 20:15:00,1,2,15,12,20,0,5
2026-02-23 20:30:00,5,2,9,10,20,0,5
2026-02-23 20:45:00,5,2,9,12,20,0,5
2026-02-23 21:00:00,5,3,12,12,21,0,6
2026-02-23 21:15:00,6,4,4,28,21,0,1
2026-02-23 21:30:00,1,3,3,15,21,0,1
2026-02-23 21:45:00,1,5,10,30,21,0,1
2026-02-23 22:00:00,1,5,13,25,22,0,1
2026-02-23 22:15:00,1,3,8,21,22,0,1
2026-02-23 22:30:00,1,5,5,35,22,0,1
2026-02-23 22:45:00,1,4,4,24,22,0,1
2026-02-23 23:00:00,1,5,2,20,23,0,1
2026-02-23 23:15:00,1,4,12,28,23,0,1
2026-02-23 23:30:00,1,5,14,25,23,0,1
2026-02-23 23:45:00,1,4,7,16,23,0,1
2026-02-24 00:00:00,1,4,6,24,0,1,1
2026-02-24 00:15:00,1,2,3,10,0,1,1
2026-02-24 00:30:00,1,2,9,12,0,1,1
2026-02-24 00:45:00,1,4,6,16,0,1,1
2026-02-24 01:00:00,1,5,8,35,1,1,1
2026-02-24 01:15:00,1,5,10,30,1,1,1
2026-02-24 01:30:00,1,3,13,12,1,1,1
2026-02-24 01:45:00,1,2,7,8,1,1,1
2026-02-24 02:00:00,1,3,13,12,2,1,2
2026-02-24 02:15:00,2,4,12,16,2,1,1
2026-02-24 02:30:00,1,3,2,21,2,1,1
2026-02-24 02:45:00,1,4,1,16,2,1,1
2026-02-24 03:00:00,1,4,10,20,3,1,1
2026-02-24 03:15:00,1,2,3,8,3,1,1
2026-02-24 03:30:00,1,2,7,8,3,1,3
2026-02-24 03:45:00,3,4,9,20,3,1,1
2026-02-24 04:00:00,1,3,12,21,4,1,1
2026-02-24 04:15:00,1,4,10,16,4,1,1
2026-02-24 04:30:00,1,2,6,12,4,1,1
2026-02-24 04:45:00,1,3,10,15,4,1,1
2026-02-24 05:00:00,1,2,8,8,5,1,1
2026-02-24 05:15:00,1,4,12,28,5,1,1
2026-02-24 05:30:00,1,3,7,12,5,1,1
2026-02-24 05:45:00,1,2,3,10,5,1,1
2026-02-24 06:00:00,1,5,8,30,6,1,1
2026-02-24 06:15:00,1,4,8,24,6,1,1
2026-02-24 06:30:00,1,5,6,30,6,1,1
2026-02-24 06:45:00,1,3,7,12,6,1,1
2026-02-24 07:00:00,1,5,1,35,7,1,1
2026-02-24 07:15:00,1,5,4,30,7,1,1
2026-02-24 07:30:00,1,5,13,30,7,1,1
2026-02-24 07:45:00,1,5,8,20,7,1,1
2026-02-24 08:00:00,1,4,13,20,8,1,1
2026-02-24 08:15:00,1,4,13,20,8,1,1
2026-02-24 08:30:00,1,4,0,16,8,1,1
2026-02-24 08:45:00,1,5,15,35,8,1,1
2026-02-24 09:00:00,1,4,23,28,9,1,1
2026-02-24 09:15:00,1,4,17,24,9,1,1
2026-02-24 09:30:00,1,5,24,25,9,1,1
2026-02-24 09:45:00,1,2,16,10,9,1,7
2026-02-24 10:00:00,7,3,22,21,10,1,6
2026-02-24 10:15:00,6,2,25,8,10,1,25
2026-02-24 10:30:00,25,2,19,12,10,1,30
2026-02-24 10:45:00,30,2,18,14,10,1,34
2026-02-24 11:00:00,34,5,18,35,11,1,18
2026-02-24 11:15:00,18,5,25,20,11,1,24
2026-02-24 11:30:00,24,5,19,20,11,1,21
2026-02-24 11:45:00,21,5,23,35,11,1,10
2026-02-24 12:00:00,10,2,16,10,12,1,17
2026-02-24 12:15:00,17,5,17,20,12,1,14
2026-02-24 12:30:00,14,2,25,12,12,1,24
2026-02-24 12:45:00,24,3,24,18,12,1,30
2026-02-24 13:00:00,30,5,11,25,13,1,19
2026-02-24 13:15:00,19,4,17,24,13,1,16
2026-02-24 13:30:00,16,4,12,28,13,1,1
2026-02-24 13:45:00,1,4,14,16,13,1,3
2026-02-24 14:00:00,3,3,17,15,14,1,4
2026-02-24 14:15:00,4,2,19,10,14,1,13
2026-02-24 14:30:00,13,3,21,18,14,1,17
2026-02-24 14:45:00,17,3,26,12,14,1,32
2026-02-24 15:00:00,32,5,19,25,15,1,26
2026-02-24 15:15:00,26,3,17,15,15,1,30
2026-02-24 15:30:00,30,2,17,14,15,1,35
2026-02-24 15:45:00,35,2,13,12,15,1,36
2026-02-24 16:00:00,36,2,13,12,16,1,35
2026-02-24 16:15:00,35,3,20,18,16,1,38
2026-02-24 16:30:00,38,4,19,24,16,1,34
2026-02-24 16:45:00,34,3,17,12,16,1,40
2026-02-24 17:00:00,40,5,15,25,17,1,27
2026-02-24 17:15:00,27,3,14,21,17,1,20
2026-02-24 17:30:00,20,2,19,12,17,1,26
2026-02-24 17:45:00,26,3,17,18,17,1,25
2026-02-24 18:00:00,25,2,19,8,18,1,37
2026-02-24 18:15:00,37,4,18,20,18,1,37
2026-02-24 18:30:00,37,2,12,12,18,1,37
2026-02-24 18:45:00,37,4,17,24,18,1,25
2026-02-24 19:00:00,25,3,15,18,19,1,25
2026-02-24 19:15:00,25,5,19,30,19,1,13
2026-02-24 19:30:00,13,2,18,10,19,1,19
2026-02-24 19:45:00,19,2,13,8,19,1,25
2026-02-24 20:00:00,25,4,8,28,20,1,4
2026-02-24 20:15:00,4,3,14,15,20,1,2
2026-02-24 20:30:00,2,2,9,12,20,1,1
2026-02-24 20:45:00,1,3,8,12,20,1,1
2026-02-24 21:00:00,1,3,11,21,21,1,1
2026-02-24 21:15:00,1,5,8,25,21,1,1
2026-02-24 21:30:00,1,3,8,21,21,1,1
2026-02-24 21:45:00,1,5,13,35,21,1,1
2026-02-24 22:00:00,1,5,11,35,22,1,1
2026-02-24 22:15:00,1,5,1,35,22,1,1
2026-02-24 22:30:00,1,3,6,18,22,1,1
2026-02-24 22:45:00,1,3,11,21,22,1,1
2026-02-24 23:00:00,1,2,1,10,23,1,1
2026-02-24 23:15:00,1,2,11,8,23,1,6
2026-02-24 23:30:00,6,4,12,20,23,1,1
2026-02-24 23:45:00,1,5,11,30,23,1,1
2026-02-25 00:00:00,1,5,13,30,0,2,1
2026-02-25 00:15:00,1,4,11,20,0,2,1
2026-02-25 00:30:00,1,2,3,12,0,2,1
2026-02-25 00:45:00,1,5,11,30,0,2,1
2026-02-25 01:00:00,1,3,8,21,1,2,1
2026-02-25 01:15:00,1,2,11,10,1,2,3
2026-02-25 01:30:00,3,2,9,10,1,2,1
2026-02-25 01:45:00,1,3,9,18,1,2,1
2026-02-25 02:00:00,1,5,1,30,2,2,1
2026-02-25 02:15:00,1,2,10,8,2,2,5
2026-02-25 02:30:00,5,4,8,20,2,2,1
2026-02-25 02:45:00,1,3,8,12,2,2,1
2026-02-25 03:00:00,1,5,7,20,3,2,1
2026-02-25 03:15:00,1,4,7,28,3,2,1
2026-02-25 03:30:00,1,2,13,8,3,2,9
2026-02-25 03:45:00,9,2,12,10,3,2,11
2026-02-25 04:00:00,11,5,11,25,4,2,1
2026-02-25 04:15:00,1,4,11,28,4,2,1
2026-02-25 04:30:00,1,2,9,8,4,2,3
2026-02-25 04:45:00,3,5,10,20,4,2,1
2026-02-25 05:00:00,1,2,8,14,5,2,1
2026-02-25 05:15:00,1,4,6,28,5,2,1
2026-02-25 05:30:00,1,5,6,20,5,2,1
2026-02-25 05:45:00,1,3,6,12,5,2,1
2026-02-25 06:00:00,1,4,5,28,6,2,1
2026-02-25 06:15:00,1,3,7,18,6,2,1
2026-02-25 06:30:00,1,5,6,20,6,2,1
2026-02-25 06:45:00,1,3,16,18,6,2,1
2026-02-25 07:00:00,1,3,11,12,7,2,1
2026-02-25 07:15:00,1,3,9,15,7,2,1
2026-02-25 07:30:00,1,2,7,10,7,2,1
2026-02-25 07:45:00,1,5,1,30,7,2,1
2026-02-25 08:00:00,1,4,12,20,8,2,1
2026-02-25 08:15:00,1,2,0,10,8,2,1
2026-02-25 08:30:00,1,2,8,10,8,2,1
2026-02-25 08:45:00,1,5,14,30,8,2,1
2026-02-25 09:00:00,1,3,14,15,9,2,1
2026-02-25 09:15:00,1,3,26,18,9,2,11
2026-02-25 09:30:00,11,5,25,25,9,2,9
2026-02-25 09:45:00,9,5,20,30,9,2,1
2026-02-25 10:00:00,1,4,19,16,10,2,4
2026-02-25 10:15:00,4,4,26,20,10,2,8
2026-02-25 10:30:00,8,2,21,12,10,2,16
2026-02-25 10:45:00,16,5,20,25,10,2,12
2026-02-25 11:00:00,12,3,23,15,11,2,18
2026-02-25 11:15:00,18,2,28,14,11,2,30
2026-02-25 11:30:00,30,5,23,35,11,2,17
2026-02-25 11:45:00,17,4,23,20,11,2,23
2026-02-25 12:00:00,23,3,22,15,12,2,31
2026-02-25 12:15:00,31,5,20,25,12,2,27
2026-02-25 12:30:00,27,4,25,28,12,2,23
2026-02-25 12:45:00,23,5,22,25,12,2,18
2026-02-25 13:00:00,18,2,13,10,13,2,20
2026-02-25 13:15:00,20,5,18,20,13,2,15
2026-02-25 13:30:00,15,4,11,24,13,2,2
2026-02-25 13:45:00,2,4,14,20,13,2,1
2026-02-25 14:00:00,1,3,23,15,14,2,10
2026-02-25 14:15:00,10,4,17,16,14,2,11
2026-02-25 14:30:00,11,2,22,12,14,2,23
2026-02-25 14:45:00,23,5,17,30,14,2,7
2026-02-25 15:00:00,7,4,17,16,15,2,7
2026-02-25 15:15:00,7,4,22,20,15,2,9
2026-02-25 15:30:00,9,5,15,35,15,2,1
2026-02-25 15:45:00,1,3,16,15,15,2,4
2026-02-25 16:00:00,4,5,16,35,16,2,1
2026-02-25 16:15:00,1,5,14,30,16,2,1
2026-02-25 16:30:00,1,3,21,21,16,2,2
2026-02-25 16:45:00,2,3,16,18,16,2,1
2026-02-25 17:00:00,1,3,17,21,17,2,1
2026-02-25 17:15:00,1,5,10,20,17,2,1
2026-02-25 17:30:00,1,4,15,28,17,2,1
2026-02-25 17:45:00,1,4,10,28,17,2,1
2026-02-25 18:00:00,1,5,17,20,18,2,1
2026-02-25 18:15:00,1,5,10,35,18,2,1
2026-02-25 18:30:00,1,3,10,21,18,2,1
2026-02-25 18:45:00,1,3,8,15,18,2,1
2026-02-25 19:00:00,1,4,15,16,19,2,1
2026-02-25 19:15:00,1,4,15,24,19,2,1
2026-02-25 19:30:00,1,3,14,21,19,2,1
2026-02-25 19:45:00,1,4,13,24,19,2,1
2026-02-25 20:00:00,1,4,8,24,20,2,1
2026-02-25 20:15:00,1,3,0,18,20,2,1
2026-02-25 20:30:00,1,3,15,15,20,2,1
2026-02-25 20:45:00,1,3,5,15,20,2,1
2026-02-25 21:00:00,1,2,11,12,21,2,1
2026-02-25 21:15:00,1,3,7,21,21,2,1
2026-02-25 21:30:00,1,5,2,35,21,2,1
2026-02-25 21:45:00,1,5,5,35,21,2,1
2026-02-25 22:00:00,1,4,2,20,22,2,1
2026-02-25 22:15:00,1,3,5,15,22,2,1
2026-02-25 22:30:00,1,4,9,24,22,2,1
2026-02-25 22:45:00,1,4,12,24,22,2,1
2026-02-25 23:00:00,1,2,6,10,23,2,1
2026-02-25 23:15:00,1,3,9,21,23,2,1
2026-02-25 23:30:00,1,2,10,14,23,2,1
2026-02-25 23:45:00,1,3,10,18,23,2,1
2026-02-26 00:00:00,1,2,11,10,0,3,1
2026-02-26 00:15:00,1,4,3,28,0,3,1
2026-02-26 00:30:00,1,3,11,18,0,3,1
2026-02-26 00:45:00,1,4,6,16,0,3,1
2026-02-26 01:00:00,1,4,16,24,1,3,1
2026-02-26 01:15:00,1,4,5,16,1,3,1
2026-02-26 01:30:00,1,4,7,16,1,3,1
2026-02-26 01:45:00,1,3,17,18,1,3,1
2026-02-26 02:00:00,1,5,11,35,2,3,1
2026-02-26 02:15:00,1,3,6,12,2,3,1
2026-02-26 02:30:00,1,3,10,18,2,3,1
2026-02-26 02:45:00,1,5,3,20,2,3,1
2026-02-26 03:00:00,1,5,6,25,3,3,1
2026-02-26 03:15:00,1,3,14,12,3,3,3
2026-02-26 03:30:00,3,3,10,12,3,3,3
2026-02-26 03:45:00,3,4,13,20,3,3,1
2026-02-26 04:00:00,1,3,2,12,4,3,1
2026-02-26 04:15:00,1,5,10,30,4,3,1
2026-02-26 04:30:00,1,2,15,14,4,3,1
2026-02-26 04:45:00,1,4,8,24,4,3,1
2026-02-26 05:00:00,1,4,3,24,5,3,1
2026-02-26 05:15:00,1,3,14,12,5,3,1
2026-02-26 05:30:00,1,4,5,16,5,3,1
2026-02-26 05:45:00,1,4,3,28,5,3,1
2026-02-26 06:00:00,1,3,4,21,6,3,1
2026-02-26 06:15:00,1,4,15,24,6,3,1
2026-02-26 06:30:00,1,3,4,21,6,3,1
2026-02-26 06:45:00,1,3,9,21,6,3,1
2026-02-26 07:00:00,1,2,17,10,7,3,9
2026-02-26 07:15:00,9,4,13,20,7,3,2
2026-02-26 07:30:00,2,3,7,15,7,3,1
2026-02-26 07:45:00,1,4,12,16,7,3,1
2026-02-26 08:00:00,1,5,7,20,8,3,1
2026-02-26 08:15:00,1,5,12,30,8,3,1
2026-02-26 08:30:00,1,4,10,24,8,3,1
2026-02-26 08:45:00,1,5,6,25,8,3,1
2026-02-26 09:00:00,1,5,21,25,9,3,1
2026-02-26 09:15:00,1,3,14,18,9,3,1
2026-02-26 09:30:00,1,5,27,20,9,3,10
2026-02-26 09:45:00,10,4,23,24,9,3,11
2026-02-26 10:00:00,11,2,22,8,10,3,26
2026-02-26 10:15:00,26,4,20,24,10,3,19
2026-02-26 10:30:00,19,2,24,10,10,3,32
2026-02-26 10:45:00,32,5,24,30,10,3,24
2026-02-26 11:00:00,24,4,17,16,11,3,24
2026-02-26 11:15:00,24,2,25,8,11,3,41
2026-02-26 11:30:00,41,3,18,18,11,3,38
2026-02-26 11:45:00,38,3,20,15,11,3,43
2026-02-26 12:00:00,43,3,19,18,12,3,43
2026-02-26 12:15:00,43,2,17,8,12,3,52
2026-02-26 12:30:00,52,4,24,16,12,3,60
2026-02-26 12:45:00,60,5,21,25,12,3,56
2026-02-26 13:00:00,56,4,15,24,13,3,52
2026-02-26 13:15:00,52,3,22,18,13,3,57
2026-02-26 13:30:00,57,3,20,21,13,3,53
2026-02-26 13:45:00,53,5,25,20,13,3,59
2026-02-26 14:00:00,59,2,17,10,14,3,64
2026-02-26 14:15:00,64,5,19,20,14,3,64
2026-02-26 14:30:00,64,4,15,28,14,3,50
2026-02-26 14:45:00,50,3,19,21,14,3,49
2026-02-26 15:00:00,49,2,13,14,15,3,44
2026-02-26 15:15:00,44,5,17,30,15,3,30
2026-02-26 15:30:00,30,4,22,28,15,3,22
2026-02-26 15:45:00,22,2,24,8,15,3,38
2026-02-26 16:00:00,38,5,21,25,16,3,32
2026-02-26 16:15:00,32,5,22,25,16,3,29
2026-02-26 16:30:00,29,3,19,12,16,3,30
2026-02-26 16:45:00,30,2,21,14,16,3,36
2026-02-26 17:00:00,36,5,16,20,17,3,30
2026-02-26 17:15:00,30,4,20,16,17,3,34
2026-02-26 17:30:00,34,4,9,16,17,3,24
2026-02-26 17:45:00,24,5,26,20,17,3,29
2026-02-26 18:00:00,29,2,12,14,18,3,28
2026-02-26 18:15:00,28,3,15,21,18,3,18
2026-02-26 18:30:00,18,4,12,20,18,3,10
2026-02-26 18:45:00,10,3,17,15,18,3,7
2026-02-26 19:00:00,7,5,17,20,19,3,3
2026-02-26 19:15:00,3,3,17,18,19,3,2
2026-02-26 19:30:00,2,2,2,8,19,3,1
2026-02-26 19:45:00,1,3,6,18,19,3,1
2026-02-26 20:00:00,1,4,6,28,20,3,1
2026-02-26 20:15:00,1,4,7,16,20,3,1
2026-02-26 20:30:00,1,5,11,35,20,3,1
2026-02-26 20:45:00,1,5,4,35,20,3,1
2026-02-26 21:00:00,1,4,7,28,21,3,1
2026-02-26 21:15:00,1,4,3,20,21,3,1
2026-02-26 21:30:00,1,2,15,12,21,3,1
2026-02-26 21:45:00,1,5,13,30,21,3,1
2026-02-26 22:00:00,1,5,7,35,22,3,1
2026-02-26 22:15:00,1,4,11,28,22,3,1
2026-02-26 22:30:00,1,2,7,8,22,3,1
2026-02-26 22:45:00,1,2,2,8,22,3,1
2026-02-26 23:00:00,1,2,7,8,23,3,1
2026-02-26 23:15:00,1,4,7,16,23,3,1
2026-02-26 23:30:00,1,5,5,20,23,3,1
2026-02-26 23:45:00,1,4,9,28,23,3,1
2026-02-27 00:00:00,1,2,6,10,0,4,1
2026-02-27 00:15:00,1,3,10,15,0,4,1
2026-02-27 00:30:00,1,5,16,30,0,4,1
2026-02-27 00:45:00,1,4,16,20,0,4,1
2026-02-27 01:00:00,1,4,9,20,1,4,1
2026-02-27 01:15:00,1,4,10,16,1,4,1
2026-02-27 01:30:00,1,5,13,20,1,4,1
2026-02-27 01:45:00,1,3,11,18,1,4,1
2026-02-27 02:00:00,1,2,1,14,2,4,1
2026-02-27 02:15:00,1,4,11,24,2,4,1
2026-02-27 02:30:00,1,4,9,28,2,4,1
2026-02-27 02:45:00,1,2,6,12,2,4,1
2026-02-27 03:00:00,1,4,9,16,3,4,1
2026-02-27 03:15:00,1,4,5,20,3,4,1
2026-02-27 03:30:00,1,4,9,24,3,4,1
2026-02-27 03:45:00,1,3,10,15,3,4,1
2026-02-27 04:00:00,1,3,10,18,4,4,1
2026-02-27 04:15:00,1,2,11,14,4,4,1
2026-02-27 04:30:00,1,4,7,28,4,4,1
2026-02-27 04:45:00,1,3,4,18,4,4,1
2026-02-27 05:00:00,1,2,7,12,5,4,1
2026-02-27 05:15:00,1,4,7,24,5,4,1
2026-02-27 05:30:00,1,2,9,10,5,4,1
2026-02-27 05:45:00,1,3,15,18,5,4,1
2026-02-27 06:00:00,1,5,5,20,6,4,1
2026-02-27 06:15:00,1,2,11,12,6,4,1
2026-02-27 06:30:00,1,4,9,20,6,4,1
2026-02-27 06:45:00,1,5,11,25,6,4,1
2026-02-27 07:00:00,1,5,15,25,7,4,1
2026-02-27 07:15:00,1,5,7,30,7,4,1
2026-02-27 07:30:00,1,4,7,16,7,4,1
2026-02-27 07:45:00,1,5,15,30,7,4,1
2026-02-27 08:00:00,1,5,16,20,8,4,1
2026-02-27 08:15:00,1,2,12,14,8,4,1
2026-02-27 08:30:00,1,5,12,30,8,4,1
2026-02-27 08:45:00,1,2,14,8,8,4,5
2026-02-27 09:00:00,5,3,14,21,9,4,1
2026-02-27 09:15:00,1,5,23,25,9,4,1
2026-02-27 09:30:00,1,4,24,28,9,4,1
2026-02-27 09:45:00,1,5,17,25,9,4,1
2026-02-27 10:00:00,1,4,25,20,10,4,8
2026-02-27 10:15:00,8,4,10,16,10,4,2
2026-02-27 10:30:00,2,2,19,12,10,4,8
2026-02-27 10:45:00,8,2,18,14,10,4,10
2026-02-27 11:00:00,10,4,14,20,11,4,9
2026-02-27 11:15:00,9,2,22,12,11,4,21
2026-02-27 11:30:00,21,4,20,20,11,4,17
2026-02-27 11:45:00,17,3,21,18,11,4,16
2026-02-27 12:00:00,16,2,25,14,12,4,26
2026-02-27 12:15:00,26,3,22,12,12,4,35
2026-02-27 12:30:00,35,5,27,20,12,4,44
2026-02-27 12:45:00,44,3,20,15,12,4,48
2026-02-27 13:00:00,48,3,19,12,13,4,56
2026-02-27 13:15:00,56,2,12,8,13,4,60
2026-02-27 13:30:00,60,5,19,35,13,4,47
2026-02-27 13:45:00,47,2,20,14,13,4,50
2026-02-27 14:00:00,50,3,18,21,14,4,45
2026-02-27 14:15:00,45,4,22,28,14,4,38
2026-02-27 14:30:00,38,3,17,15,14,4,38
2026-02-27 14:45:00,38,2,20,14,14,4,41
2026-02-27 15:00:00,41,3,20,21,15,4,37
2026-02-27 15:15:00,37,5,9,25,15,4,20
2026-02-27 15:30:00,20,3,17,21,15,4,16
2026-02-27 15:45:00,16,5,14,20,15,4,9
2026-02-27 16:00:00,9,3,14,21,16,4,1
2026-02-27 16:15:00,1,2,18,14,16,4,2
2026-02-27 16:30:00,2,4,6,16,16,4,1
2026-02-27 16:45:00,1,5,15,35,16,4,1
2026-02-27 17:00:00,1,4,17,24,17,4,1
2026-02-27 17:15:00,1,3,13,18,17,4,1
2026-02-27 17:30:00,1,4,14,16,17,4,1
2026-02-27 17:45:00,1,4,19,16,17,4,6
2026-02-27 18:00:00,6,5,7,35,18,4,1
2026-02-27 18:15:00,1,5,18,25,18,4,1
2026-02-27 18:30:00,1,2,16,12,18,4,6
2026-02-27 18:45:00,6,2,16,10,18,4,12
2026-02-27 19:00:00,12,5,15,20,19,4,5
2026-02-27 19:15:00,5,5,9,25,19,4,1
2026-02-27 19:30:00,1,3,9,15,19,4,1
2026-02-27 19:45:00,1,5,10,30,19,4,1
2026-02-27 20:00:00,1,2,5,10,20,4,1
2026-02-27 20:15:00,1,5,12,25,20,4,1
2026-02-27 20:30:00,1,4,9,20,20,4,1
2026-02-27 20:45:00,1,3,0,18,20,4,1
2026-02-27 21:00:00,1,4,9,20,21,4,1
2026-02-27 21:15:00,1,5,9,25,21,4,1
2026-02-27 21:30:00,1,5,6,30,21,4,1
2026-02-27 21:45:00,1,3,5,21,21,4,1
2026-02-27 22:00:00,1,4,6,24,22,4,1
2026-02-27 22:15:00,1,4,11,24,22,4,1
2026-02-27 22:30:00,1,5,7,35,22,4,1
2026-02-27 22:45:00,1,4,8,20,22,4,1
2026-02-27 23:00:00,1,5,12,20,23,4,1
2026-02-27 23:15:00,1,5,9,30,23,4,1
2026-02-27 23:30:00,1,3,7,21,23,4,1
2026-02-27 23:45:00,1,3,13,15,23,4,1
2026-02-28 00:00:00,1,3,10,12,0,5,1
2026-02-28 00:15:00,1,2,8,8,0,5,1
2026-02-28 00:30:00,1,4,14,20,0,5,1
2026-02-28 00:45:00,1,2,7,12,0,5,1
2026-02-28 01:00:00,1,5,3,30,1,5,1
2026-02-28 01:15:00,1,4,6,24,1,5,1
2026-02-28 01:30:00,1,2,6,8,1,5,1
2026-02-28 01:45:00,1,2,7,12,1,5,1
2026-02-28 02:00:00,1,4,0,24,2,5,1
2026-02-28 02:15:00,1,2,0,8,2,5,1
2026-02-28 02:30:00,1,4,6,20,2,5,1
2026-02-28 02:45:00,1,2,2,12,2,5,1
2026-02-28 03:00:00,1,4,10,24,3,5,1
2026-02-28 03:15:00,1,3,5,18,3,5,1
2026-02-28 03:30:00,1,3,3,21,3,5,1
2026-02-28 03:45:00,1,4,5,28,3,5,1
2026-02-28 04:00:00,1,3,2,18,4,5,1
2026-02-28 04:15:00,1,4,7,20,4,5,1
2026-02-28 04:30:00,1,2,10,12,4,5,1
2026-02-28 04:45:00,1,2,2,10,4,5,1
2026-02-28 05:00:00,1,3,5,12,5,5,1
2026-02-28 05:15:00,1,2,0,14,5,5,1
2026-02-28 05:30:00,1,4,7,28,5,5,1
2026-02-28 05:45:00,1,4,7,24,5,5,1
2026-02-28 06:00:00,1,4,1,20,6,5,1
2026-02-28 06:15:00,1,2,4,8,6,5,1
2026-02-28 06:30:00,1,4,12,16,6,5,1
2026-02-28 06:45:00,1,2,8,14,6,5,1
2026-02-28 07:00:00,1,2,9,12,7,5,1
2026-02-28 07:15:00,1,4,9,28,7,5,1
2026-02-28 07:30:00,1,3,9,15,7,5,1
2026-02-28 07:45:00,1,5,7,35,7,5,1
2026-02-28 08:00:00,1,5,11,20,8,5,1
2026-02-28 08:15:00,1,5,5,25,8,5,1
2026-02-28 08:30:00,1,2,8,8,8,5,1
2026-02-28 08:45:00,1,2,2,8,8,5,1
2026-02-28 09:00:00,1,5,19,30,9,5,1
2026-02-28 09:15:00,1,3,32,18,9,5,15
2026-02-28 09:30:00,15,2,20,10,9,5,25
2026-02-28 09:45:00,25,2,18,14,9,5,28
2026-02-28 10:00:00,28,4,23,28,10,5,24
2026-02-28 10:15:00,24,4,18,16,10,5,28
2026-02-28 10:30:00,28,5,20,25,10,5,23
2026-02-28 10:45:00,23,5,16,20,10,5,18
2026-02-28 11:00:00,18,4,17,24,11,5,12
2026-02-28 11:15:00,12,2,13,10,11,5,12
2026-02-28 11:30:00,12,5,23,20,11,5,14
2026-02-28 11:45:00,14,5,18,20,11,5,13
2026-02-28 12:00:00,13,2,17,8,12,5,20
2026-02-28 12:15:00,20,3,15,21,12,5,10
2026-02-28 12:30:00,10,2,14,12,12,5,13
2026-02-28 12:45:00,13,4,17,24,12,5,10
2026-02-28 13:00:00,10,3,11,15,13,5,7
2026-02-28 13:15:00,7,2,10,12,13,5,2
2026-02-28 13:30:00,2,5,9,20,13,5,1
2026-02-28 13:45:00,1,3,10,18,13,5,1
2026-02-28 14:00:00,1,5,5,20,14,5,1
2026-02-28 14:15:00,1,5,15,25,14,5,1
2026-02-28 14:30:00,1,4,11,16,14,5,1
2026-02-28 14:45:00,1,4,16,28,14,5,1
2026-02-28 15:00:00,1,3,17,15,15,5,1
2026-02-28 15:15:00,1,3,13,12,15,5,1
2026-02-28 15:30:00,1,2,11,12,15,5,1
2026-02-28 15:45:00,1,4,16,16,15,5,3
2026-02-28 16:00:00,3,5,12,35,16,5,1
2026-02-28 16:15:00,1,4,12,28,16,5,1
2026-02-28 16:30:00,1,3,18,15,16,5,5
2026-02-28 16:45:00,5,5,8,20,16,5,1
2026-02-28 17:00:00,1,3,18,18,17,5,1
2026-02-28 17:15:00,1,4,11,28,17,5,1
2026-02-28 17:30:00,1,4,11,20,17,5,1
2026-02-28 17:45:00,1,4,17,16,17,5,1
2026-02-28 18:00:00,1,2,12,12,18,5,4
2026-02-28 18:15:00,4,5,6,20,18,5,1
2026-02-28 18:30:00,1,5,9,35,18,5,1
2026-02-28 18:45:00,1,5,15,35,18,5,1
2026-02-28 19:00:00,1,4,16,20,19,5,1
2026-02-28 19:15:00,1,2,14,14,19,5,1
2026-02-28 19:30:00,1,3,7,21,19,5,1
2026-02-28 19:45:00,1,3,13,18,19,5,1
2026-02-28 20:00:00,1,3,13,21,20,5,1
2026-02-28 20:15:00,1,4,0,24,20,5,1
2026-02-28 20:30:00,1,5,5,20,20,5,1
2026-02-28 20:45:00,1,2,14,12,20,5,5
2026-02-28 21:00:00,5,4,4,28,21,5,1
2026-02-28 21:15:00,1,4,1,16,21,5,1
2026-02-28 21:30:00,1,2,3,8,21,5,1
2026-02-28 21:45:00,1,2,5,8,21,5,1
2026-02-28 22:00:00,1,5,3,35,22,5,1
2026-02-28 22:15:00,1,5,5,30,22,5,1
2026-02-28 22:30:00,1,3,10,18,22,5,1
2026-02-28 22:45:00,1,3,5,12,22,5,1
2026-02-28 23:00:00,1,2,8,14,23,5,1
2026-02-28 23:15:00,1,2,5,12,23,5,1
2026-02-28 23:30:00,1,5,2,25,23,5,1
2026-02-28 23:45:00,1,4,6,16,23,5,1
2026-03-01 00:00:00,1,3,0,12,0,6,1
2026-03-01 00:15:00,1,4,5,20,0,6,1
2026-03-01 00:30:00,1,4,2,20,0,6,1
2026-03-01 00:45:00,1,5,8,20,0,6,1
2026-03-01 01:00:00,1,2,0,10,1,6,1
2026-03-01 01:15:00,1,2,8,8,1,6,1
2026-03-01 01:30:00,1,5,6,30,1,6,1
2026-03-01 01:45:00,1,4,1,20,1,6,1
2026-03-01 02:00:00,1,2,2,12,2,6,1
2026-03-01 02:15:00,1,4,4,24,2,6,1
2026-03-01 02:30:00,1,2,4,12,2,6,1
2026-03-01 02:45:00,1,4,9,24,2,6,1
2026-03-01 03:00:00,1,5,3,35,3,6,1
2026-03-01 03:15:00,1,4,11,20,3,6,1
2026-03-01 03:30:00,1,3,8,15,3,6,1
2026-03-01 03:45:00,1,5,8,35,3,6,1
2026-03-01 04:00:00,1,5,7,20,4,6,1
2026-03-01 04:15:00,1,4,9,20,4,6,1
2026-03-01 04:30:00,1,2,3,14,4,6,1
2026-03-01 04:45:00,1,2,8,12,4,6,1
2026-03-01 05:00:00,1,3,0,12,5,6,1
2026-03-01 05:15:00,1,5,10,25,5,6,1
2026-03-01 05:30:00,1,5,3,35,5,6,1
2026-03-01 05:45:00,1,4,3,28,5,6,1
2026-03-01 06:00:00,1,5,7,25,6,6,1
2026-03-01 06:15:00,1,4,6,24,6,6,1
2026-03-01 06:30:00,1,3,0,12,6,6,1
2026-03-01 06:45:00,1,5,2,35,6,6,1
2026-03-01 07:00:00,1,2,3,12,7,6,1
2026-03-01 07:15:00,1,4,9,28,7,6,1
2026-03-01 07:30:00,1,2,7,10,7,6,1
2026-03-01 07:45:00,1,5,3,35,7,6,1
2026-03-01 08:00:00,1,3,4,21,8,6,1
2026-03-01 08:15:00,1,4,7,24,8,6,1
2026-03-01 08:30:00,1,4,9,16,8,6,1
2026-03-01 08:45:00,1,5,7,30,8,6,1
2026-03-01 09:00:00,1,2,16,14,9,6,4
2026-03-01 09:15:00,4,2,18,12,9,6,9
2026-03-01 09:30:00,9,4,13,16,9,6,4
2026-03-01 09:45:00,4,2,16,12,9,6,9
2026-03-01 10:00:00,9,4,20,16,10,6,14
2026-03-01 10:15:00,14,5,18,35,10,6,1
2026-03-01 10:30:00,1,4,21,16,10,6,5
2026-03-01 10:45:00,5,2,15,10,10,6,9
2026-03-01 11:00:00,9,4,24,24,11,6,11
2026-03-01 11:15:00,11,2,22,14,11,6,20
2026-03-01 11:30:00,20,2,15,12,11,6,25
2026-03-01 11:45:00,25,2,18,10,11,6,31
2026-03-01 12:00:00,31,5,15,30,12,6,15
2026-03-01 12:15:00,15,2,10,10,12,6,17
2026-03-01 12:30:00,17,3,18,21,12,6,15
2026-03-01 12:45:00,15,3,12,12,12,6,13
2026-03-01 13:00:00,13,3,20,15,13,6,17
2026-03-01 13:15:00,17,4,10,28,13,6,1
2026-03-01 13:30:00,1,3,16,15,13,6,1
2026-03-01 13:45:00,1,4,14,24,13,6,1
2026-03-01 14:00:00,1,5,14,25,14,6,1
2026-03-01 14:15:00,1,5,7,20,14,6,1
2026-03-01 14:30:00,1,2,19,10,14,6,10
2026-03-01 14:45:00,10,5,16,30,14,6,1
2026-03-01 15:00:00,1,2,11,12,15,6,1
2026-03-01 15:15:00,1,5,15,30,15,6,1
2026-03-01 15:30:00,1,3,17,21,15,6,1
2026-03-01 15:45:00,1,5,11,35,15,6,1
2026-03-01 16:00:00,1,2,16,8,16,6,11
2026-03-01 16:15:00,11,5,16,35,16,6,1
2026-03-01 16:30:00,1,2,8,10,16,6,1
2026-03-01 16:45:00,1,4,21,24,16,6,1
2026-03-01 17:00:00,1,2,14,14,17,6,1
2026-03-01 17:15:00,1,4,21,28,17,6,1
2026-03-01 17:30:00,1,5,10,25,17,6,1
2026-03-01 17:45:00,1,3,13,21,17,6,1
2026-03-01 18:00:00,1,4,12,16,18,6,1
2026-03-01 18:15:00,1,3,8,18,18,6,1
2026-03-01 18:30:00,1,3,18,21,18,6,1
2026-03-01 18:45:00,1,5,10,30,18,6,1
2026-03-01 19:00:00,1,5,9,25,19,6,1
2026-03-01 19:15:00,1,2,7,8,19,6,1
2026-03-01 19:30:00,1,5,15,25,19,6,1
2026-03-01 19:45:00,1,5,12,30,19,6,1
2026-03-01 20:00:00,1,2,11,12,20,6,2
2026-03-01 20:15:00,2,5,0,25,20,6,1
2026-03-01 20:30:00,1,2,1,8,20,6,1
2026-03-01 20:45:00,1,5,4,25,20,6,1
2026-03-01 21:00:00,1,2,1,10,21,6,1
2026-03-01 21:15:00,1,3,5,21,21,6,1
2026-03-01 21:30:00,1,5,11,30,21,6,1
2026-03-01 21:45:00,1,3,0,21,21,6,1
2026-03-01 22:00:00,1,5,5,25,22,6,1
2026-03-01 22:15:00,1,5,1,25,22,6,1
2026-03-01 22:30:00,1,5,3,25,22,6,1
2026-03-01 22:45:00,1,3,12,18,22,6,1
2026-03-01 23:00:00,1,2,4,10,23,6,1
2026-03-01 23:15:00,1,5,3,20,23,6,1
2026-03-01 23:30:00,1,5,5,35,23,6,1
2026-03-01 23:45:00,1,3,9,12,23,6,1
2026-03-02 00:00:00,1,2,6,8,0,0,1
2026-03-02 00:15:00,1,5,13,20,0,0,1
2026-03-02 00:30:00,1,2,11,12,0,0,1
2026-03-02 00:45:00,1,4,1,20,0,0,1
2026-03-02 01:00:00,1,4,10,20,1,0,1
2026-03-02 01:15:00,1,2,2,14,1,0,1
2026-03-02 01:30:00,1,3,3,12,1,0,1
2026-03-02 01:45:00,1,5,6,35,1,0,1
2026-03-02 02:00:00,1,3,6,12,2,0,1
2026-03-02 02:15:00,1,3,9,15,2,0,1
2026-03-02 02:30:00,1,3,5,21,2,0,1
2026-03-02 02:45:00,1,4,0,28,2,0,1
2026-03-02 03:00:00,1,3,15,15,3,0,1
2026-03-02 03:15:00,1,3,9,18,3,0,1
2026-03-02 03:30:00,1,4,14,28,3,0,1
2026-03-02 03:45:00,1,5,4,35,3,0,1
2026-03-02 04:00:00,1,3,5,18,4,0,1
2026-03-02 04:15:00,1,4,11,16,4,0,1
2026-03-02 04:30:00,1,2,11,12,4,0,2
2026-03-02 04:45:00,2,2,12,12,4,0,3
2026-03-02 05:00:00,3,5,4,30,5,0,1
2026-03-02 05:15:00,1,2,7,8,5,0,1
2026-03-02 05:30:00,1,4,9,24,5,0,1
2026-03-02 05:45:00,1,3,8,12,5,0,1
2026-03-02 06:00:00,1,3,8,21,6,0,1
2026-03-02 06:15:00,1,2,9,10,6,0,1
2026-03-02 06:30:00,1,5,15,20,6,0,1
2026-03-02 06:45:00,1,3,9,12,6,0,1
2026-03-02 07:00:00,1,3,9,18,7,0,1
2026-03-02 07:15:00,1,2,3,8,7,0,1
2026-03-02 07:30:00,1,3,4,21,7,0,1
2026-03-02 07:45:00,1,5,9,25,7,0,1
2026-03-02 08:00:00,1,5,7,35,8,0,1
2026-03-02 08:15:00,1,4,12,20,8,0,1
2026-03-02 08:30:00,1,5,7,20,8,0,1
2026-03-02 08:45:00,1,5,12,20,8,0,1
2026-03-02 09:00:00,1,2,16,10,9,0,4
2026-03-02 09:15:00,4,3,20,18,9,0,5
2026-03-02 09:30:00,5,3,20,21,9,0,3
2026-03-02 09:45:00,3,3,24,12,9,0,18
2026-03-02 10:00:00,18,2,16,12,10,0,20
2026-03-02 10:15:00,20,4,19,20,10,0,19
2026-03-02 10:30:00,19,2,18,8,10,0,27
2026-03-02 10:45:00,27,5,15,20,10,0,22
2026-03-02 11:00:00,22,5,20,20,11,0,24
2026-03-02 11:15:00,24,4,18,20,11,0,21
2026-03-02 11:30:00,21,4,14,28,11,0,8
2026-03-02 11:45:00,8,2,19,12,11,0,12
2026-03-02 12:00:00,12,2,19,14,12,0,16
2026-03-02 12:15:00,16,3,18,18,12,0,11
2026-03-02 12:30:00,11,2,21,14,12,0,14
2026-03-02 12:45:00,14,5,24,35,12,0,1
2026-03-02 13:00:00,1,3,19,21,13,0,1
2026-03-02 13:15:00,1,3,12,15,13,0,1
2026-03-02 13:30:00,1,5,18,30,13,0,1
2026-03-02 13:45:00,1,5,14,25,13,0,1
2026-03-02 14:00:00,1,4,16,20,14,0,1
2026-03-02 14:15:00,1,2,18,8,14,0,12
2026-03-02 14:30:00,12,2,20,14,14,0,12
2026-03-02 14:45:00,12,2,16,12,14,0,16
2026-03-02 15:00:00,16,3,17,12,15,0,23
2026-03-02 15:15:00,23,4,19,16,15,0,25
2026-03-02 15:30:00,25,4,14,20,15,0,20
2026-03-02 15:45:00,20,3,20,21,15,0,19
2026-03-02 16:00:00,19,5,7,35,16,0,1
2026-03-02 16:15:00,1,2,8,12,16,0,1
2026-03-02 16:30:00,1,3,14,12,16,0,1
2026-03-02 16:45:00,1,4,23,24,16,0,1
2026-03-02 17:00:00,1,3,11,12,17,0,1
2026-03-02 17:15:00,1,4,18,16,17,0,2
2026-03-02 17:30:00,2,5,19,25,17,0,1
2026-03-02 17:45:00,1,2,16,12,17,0,2
2026-03-02 18:00:00,2,3,16,21,18,0,1
2026-03-02 18:15:00,1,5,14,30,18,0,1
2026-03-02 18:30:00,1,5,9,30,18,0,1
2026-03-02 18:45:00,1,3,16,18,18,0,1
2026-03-02 19:00:00,1,5,11,20,19,0,1
2026-03-02 19:15:00,1,2,22,14,19,0,8
2026-03-02 19:30:00,8,2,17,8,19,0,15
2026-03-02 19:45:00,15,5,15,30,19,0,1
2026-03-02 20:00:00,1,2,10,12,20,0,1
2026-03-02 20:15:00,1,4,11,24,20,0,1
2026-03-02 20:30:00,1,3,12,18,20,0,1
2026-03-02 20:45:00,1,4,14,16,20,0,1
2026-03-02 21:00:00,1,4,12,24,21,0,1
2026-03-02 21:15:00,1,2,10,8,21,0,1
2026-03-02 21:30:00,1,5,10,20,21,0,1
2026-03-02 21:45:00,1,5,8,25,21,0,1
2026-03-02 22:00:00,1,3,10,21,22,0,1
2026-03-02 22:15:00,1,5,7,35,22,0,1
2026-03-02 22:30:00,1,4,9,20,22,0,1
2026-03-02 22:45:00,1,4,11,28,22,0,1
2026-03-02 23:00:00,1,4,9,24,23,0,1
2026-03-02 23:15:00,1,4,5,20,23,0,1
2026-03-02 23:30:00,1,3,4,15,23,0,1
2026-03-02 23:45:00,1,4,7,16,23,0,1
2026-03-03 00:00:00,1,5,6,35,0,1,1
2026-03-03 00:15:00,1,2,6,14,0,1,1
2026-03-03 00:30:00,1,5,8,30,0,1,1
2026-03-03 00:45:00,1,3,13,21,0,1,1
2026-03-03 01:00:00,1,5,7,35,1,1,1
2026-03-03 01:15:00,1,5,17,25,1,1,1
2026-03-03 01:30:00,1,3,9,18,1,1,1
2026-03-03 01:45:00,1,2,10,12,1,1,1
2026-03-03 02:00:00,1,3,13,18,2,1,1
2026-03-03 02:15:00,1,3,13,21,2,1,1
2026-03-03 02:30:00,1,5,8,35,2,1,1
2026-03-03 02:45:00,1,5,5,30,2,1,1
2026-03-03 03:00:00,1,5,5,35,3,1,1
2026-03-03 03:15:00,1,2,8,14,3,1,1
2026-03-03 03:30:00,1,2,7,12,3,1,1
2026-03-03 03:45:00,1,3,11,15,3,1,1
2026-03-03 04:00:00,1,4,11,28,4,1,1
2026-03-03 04:15:00,1,4,10,16,4,1,1
2026-03-03 04:30:00,1,5,18,20,4,1,1
2026-03-03 04:45:00,1,3,10,12,4,1,2
2026-03-03 05:00:00,2,5,9,20,5,1,1
2026-03-03 05:15:00,1,3,11,21,5,1,1
2026-03-03 05:30:00,1,5,7,25,5,1,1
2026-03-03 05:45:00,1,2,12,10,5,1,1
2026-03-03 06:00:00,1,3,14,21,6,1,1
2026-03-03 06:15:00,1,2,7,12,6,1,1
2026-03-03 06:30:00,1,4,9,16,6,1,1
2026-03-03 06:45:00,1,4,11,20,6,1,1
2026-03-03 07:00:00,1,3,5,15,7,1,1
2026-03-03 07:15:00,1,2,6,12,7,1,1
2026-03-03 07:30:00,1,5,11,25,7,1,1
2026-03-03 07:45:00,1,5,8,30,7,1,1
2026-03-03 08:00:00,1,3,8,18,8,1,1
2026-03-03 08:15:00,1,3,12,15,8,1,1
2026-03-03 08:30:00,1,4,8,20,8,1,1
2026-03-03 08:45:00,1,2,11,12,8,1,1
2026-03-03 09:00:00,1,3,22,15,9,1,7
2026-03-03 09:15:00,7,4,17,16,9,1,7
2026-03-03 09:30:00,7,2,17,8,9,1,14
2026-03-03 09:45:00,14,4,19,16,9,1,17
2026-03-03 10:00:00,17,3,21,12,10,1,28
2026-03-03 10:15:00,28,2,28,10,10,1,45
2026-03-03 10:30:00,45,2,16,14,10,1,46
2026-03-03 10:45:00,46,5,19,30,10,1,31
2026-03-03 11:00:00,31,5,20,35,11,1,19
2026-03-03 11:15:00,19,5,23,30,11,1,12
2026-03-03 11:30:00,12,3,16,21,11,1,10
2026-03-03 11:45:00,10,3,24,21,11,1,10
2026-03-03 12:00:00,10,2,26,8,12,1,26
2026-03-03 12:15:00,26,5,23,20,12,1,28
2026-03-03 12:30:00,28,4,26,16,12,1,34
2026-03-03 12:45:00,34,3,16,21,12,1,31
2026-03-03 13:00:00,31,5,14,20,13,1,23
2026-03-03 13:15:00,23,4,20,28,13,1,13
2026-03-03 13:30:00,13,2,20,12,13,1,24
2026-03-03 13:45:00,24,4,15,24,13,1,17
2026-03-03 14:00:00,17,5,12,30,14,1,1
2026-03-03 14:15:00,1,5,27,35,14,1,1
2026-03-03 14:30:00,1,4,18,16,14,1,4
2026-03-03 14:45:00,4,3,15,12,14,1,3
2026-03-03 15:00:00,3,5,14,20,15,1,1
2026-03-03 15:15:00,1,2,25,8,15,1,20
2026-03-03 15:30:00,20,2,21,10,15,1,27
2026-03-03 15:45:00,27,3,17,12,15,1,31
2026-03-03 16:00:00,31,2,20,8,16,1,40
2026-03-03 16:15:00,40,2,21,12,16,1,48
2026-03-03 16:30:00,48,3,19,18,16,1,48
2026-03-03 16:45:00,48,2,17,8,16,1,59
2026-03-03 17:00:00,59,2,10,10,17,1,60
2026-03-03 17:15:00,60,4,18,24,17,1,53
2026-03-03 17:30:00,53,5,23,20,17,1,55
2026-03-03 17:45:00,55,3,14,18,17,1,49
2026-03-03 18:00:00,49,5,16,25,18,1,44
2026-03-03 18:15:00,44,2,18,14,18,1,48
2026-03-03 18:30:00,48,2,12,14,18,1,46
2026-03-03 18:45:00,46,4,14,16,18,1,41
2026-03-03 19:00:00,41,4,18,20,19,1,36
2026-03-03 19:15:00,36,4,15,20,19,1,27
2026-03-03 19:30:00,27,2,16,10,19,1,33
2026-03-03 19:45:00,33,4,12,24,19,1,22
2026-03-03 20:00:00,22,5,16,30,20,1,6
2026-03-03 20:15:00,6,3,4,15,20,1,1
2026-03-03 20:30:00,1,3,9,15,20,1,1
2026-03-03 20:45:00,1,5,5,30,20,1,1
2026-03-03 21:00:00,1,4,10,28,21,1,1
2026-03-03 21:15:00,1,5,4,30,21,1,1
2026-03-03 21:30:00,1,5,16,20,21,1,1
2026-03-03 21:45:00,1,4,9,16,21,1,1
2026-03-03 22:00:00,1,3,2,21,22,1,1
2026-03-03 22:15:00,1,3,10,12,22,1,1
2026-03-03 22:30:00,1,2,9,14,22,1,1
2026-03-03 22:45:00,1,3,6,21,22,1,1
2026-03-03 23:00:00,1,4,9,16,23,1,1
2026-03-03 23:15:00,1,5,4,30,23,1,1
2026-03-03 23:30:00,1,3,7,12,23,1,1
2026-03-03 23:45:00,1,5,8,20,23,1,1
2026-03-04 00:00:00,1,5,19,30,0,2,1
2026-03-04 00:15:00,1,5,10,30,0,2,1
2026-03-04 00:30:00,1,3,7,12,0,2,1
2026-03-04 00:45:00,1,3,13,12,0,2,2
2026-03-04 01:00:00,2,4,8,16,1,2,1
2026-03-04 01:15:00,1,5,5,35,1,2,1
2026-03-04 01:30:00,1,5,15,20,1,2,1
2026-03-04 01:45:00,1,3,10,18,1,2,1
2026-03-04 02:00:00,1,3,13,21,2,2,1
2026-03-04 02:15:00,1,5,4,20,2,2,1
2026-03-04 02:30:00,1,2,4,8,2,2,1
2026-03-04 02:45:00,1,4,5,28,2,2,1
2026-03-04 03:00:00,1,3,12,15,3,2,1
2026-03-04 03:15:00,1,4,11,20,3,2,1
2026-03-04 03:30:00,1,2,5,10,3,2,1
2026-03-04 03:45:00,1,4,8,16,3,2,1
2026-03-04 04:00:00,1,3,7,21,4,2,1
2026-03-04 04:15:00,1,4,2,16,4,2,1
2026-03-04 04:30:00,1,2,3,10,4,2,1
2026-03-04 04:45:00,1,3,11,18,4,2,1
2026-03-04 05:00:00,1,5,15,20,5,2,1
2026-03-04 05:15:00,1,3,8,21,5,2,1
2026-03-04 05:30:00,1,2,13,14,5,2,3
2026-03-04 05:45:00,3,3,9,15,5,2,1
2026-03-04 06:00:00,1,3,6,18,6,2,1
2026-03-04 06:15:00,1,2,12,12,6,2,4
2026-03-04 06:30:00,4,2,11,14,6,2,1
2026-03-04 06:45:00,1,2,5,10,6,2,1
2026-03-04 07:00:00,1,4,8,16,7,2,1
2026-03-04 07:15:00,1,3,11,21,7,2,1
2026-03-04 07:30:00,1,5,5,30,7,2,1
2026-03-04 07:45:00,1,3,9,21,7,2,1
2026-03-04 08:00:00,1,4,11,16,8,2,1
2026-03-04 08:15:00,1,2,7,10,8,2,1
2026-03-04 08:30:00,1,3,13,18,8,2,1
2026-03-04 08:45:00,1,5,15,25,8,2,1
2026-03-04 09:00:00,1,2,18,10,9,2,8
2026-03-04 09:15:00,8,3,17,15,9,2,9
2026-03-04 09:30:00,9,5,22,20,9,2,10
2026-03-04 09:45:00,10,4,22,28,9,2,4
2026-03-04 10:00:00,4,4,24,28,10,2,1
2026-03-04 10:15:00,1,2,18,8,10,2,9
2026-03-04 10:30:00,9,3,29,12,10,2,26
2026-03-04 10:45:00,26,2,15,10,10,2,31
2026-03-04 11:00:00,31,2,29,8,11,2,54
2026-03-04 11:15:00,54,4,25,28,11,2,51
2026-03-04 11:30:00,51,3,21,21,11,2,53
2026-03-04 11:45:00,53,2,22,14,11,2,61
2026-03-04 12:00:00,61,5,18,20,12,2,58
2026-03-04 12:15:00,58,4,18,20,12,2,55
2026-03-04 12:30:00,55,3,13,21,12,2,48
2026-03-04 12:45:00,48,2,19,10,12,2,53
2026-03-04 13:00:00,53,2,24,10,13,2,67
2026-03-04 13:15:00,67,4,19,28,13,2,54
2026-03-04 13:30:00,54,2,26,8,13,2,73
2026-03-04 13:45:00,73,5,21,25,13,2,71
2026-03-04 14:00:00,71,4,20,28,14,2,61
2026-03-04 14:15:00,61,2,24,10,14,2,79
2026-03-04 14:30:00,79,3,11,12,14,2,78
2026-03-04 14:45:00,78,5,19,35,14,2,62
2026-03-04 15:00:00,62,3,19,12,15,2,70
2026-03-04 15:15:00,70,5,16,20,15,2,66
2026-03-04 15:30:00,66,5,19,20,15,2,66
2026-03-04 15:45:00,66,5,20,20,15,2,65
2026-03-04 16:00:00,65,5,21,25,16,2,62
2026-03-04 16:15:00,62,5,23,20,16,2,65
2026-03-04 16:30:00,65,3,27,12,16,2,79
2026-03-04 16:45:00,79,3,15,12,16,2,83
2026-03-04 17:00:00,83,4,6,28,17,2,63
2026-03-04 17:15:00,63,3,14,21,17,2,58
2026-03-04 17:30:00,58,4,10,24,17,2,42
2026-03-04 17:45:00,42,5,12,25,17,2,30
2026-03-04 18:00:00,30,2,11,8,18,2,32
2026-03-04 18:15:00,32,3,12,18,18,2,33
2026-03-04 18:30:00,33,2,13,10,18,2,37
2026-03-04 18:45:00,37,2,12,12,18,2,37
2026-03-04 19:00:00,37,2,16,8,19,2,43
2026-03-04 19:15:00,43,4,18,16,19,2,46
2026-03-04 19:30:00,46,2,16,10,19,2,54
2026-03-04 19:45:00,54,3,20,21,19,2,51
2026-03-04 20:00:00,51,3,10,18,20,2,43
2026-03-04 20:15:00,43,3,0,15,20,2,28
2026-03-04 20:30:00,28,2,3,10,20,2,20
2026-03-04 20:45:00,20,2,11,14,20,2,17
2026-03-04 21:00:00,17,2,6,12,21,2,11
2026-03-04 21:15:00,11,3,10,18,21,2,1
2026-03-04 21:30:00,1,4,12,16,21,2,1
2026-03-04 21:45:00,1,5,7,20,21,2,1
2026-03-04 22:00:00,1,4,6,28,22,2,1
2026-03-04 22:15:00,1,3,13,12,22,2,4
2026-03-04 22:30:00,4,2,7,10,22,2,1
2026-03-04 22:45:00,1,4,3,24,22,2,1
2026-03-04 23:00:00,1,4,8,20,23,2,1
2026-03-04 23:15:00,1,4,9,20,23,2,1
2026-03-04 23:30:00,1,3,4,12,23,2,1
2026-03-04 23:45:00,1,4,9,24,23,2,1
2026-03-05 00:00:00,1,5,14,25,0,3,1
2026-03-05 00:15:00,1,5,13,30,0,3,1
2026-03-05 00:30:00,1,3,12,18,0,3,1
2026-03-05 00:45:00,1,5,11,35,0,3,1
2026-03-05 01:00:00,1,4,2,20,1,3,1
2026-03-05 01:15:00,1,4,6,16,1,3,1
2026-03-05 01:30:00,1,5,7,25,1,3,1
2026-03-05 01:45:00,1,5,7,35,1,3,1
2026-03-05 02:00:00,1,5,10,30,2,3,1
2026-03-05 02:15:00,1,4,8,20,2,3,1
2026-03-05 02:30:00,1,4,7,24,2,3,1
2026-03-05 02:45:00,1,4,6,16,2,3,1
2026-03-05 03:00:00,1,2,5,8,3,3,1
2026-03-05 03:15:00,1,3,4,21,3,3,1
2026-03-05 03:30:00,1,5,14,25,3,3,1
2026-03-05 03:45:00,1,2,10,14,3,3,1
2026-03-05 04:00:00,1,5,13,35,4,3,1
2026-03-05 04:15:00,1,2,10,8,4,3,4
2026-03-05 04:30:00,4,5,14,20,4,3,1
2026-03-05 04:45:00,1,4,15,16,4,3,1
2026-03-05 05:00:00,1,4,6,28,5,3,1
2026-03-05 05:15:00,1,2,5,10,5,3,1
2026-03-05 05:30:00,1,2,9,8,5,3,4
2026-03-05 05:45:00,4,4,10,16,5,3,1
2026-03-05 06:00:00,1,3,12,21,6,3,1
2026-03-05 06:15:00,1,5,12,30,6,3,1
2026-03-05 06:30:00,1,3,7,12,6,3,1
2026-03-05 06:45:00,1,4,3,28,6,3,1
2026-03-05 07:00:00,1,3,9,15,7,3,1
2026-03-05 07:15:00,1,2,13,14,7,3,2
2026-03-05 07:30:00,2,5,7,35,7,3,1
2026-03-05 07:45:00,1,3,6,21,7,3,1
2026-03-05 08:00:00,1,3,10,15,8,3,1
2026-03-05 08:15:00,1,2,4,8,8,3,1
2026-03-05 08:30:00,1,4,18,24,8,3,1
2026-03-05 08:45:00,1,4,0,16,8,3,1
2026-03-05 09:00:00,1,5,20,30,9,3,1
2026-03-05 09:15:00,1,3,21,15,9,3,6
2026-03-05 09:30:00,6,4,18,16,9,3,5
2026-03-05 09:45:00,5,2,21,14,9,3,12
2026-03-05 10:00:00,12,5,21,35,10,3,1
2026-03-05 10:15:00,1,3,16,12,10,3,4
2026-03-05 10:30:00,4,2,24,10,10,3,18
2026-03-05 10:45:00,18,5,26,35,10,3,7
2026-03-05 11:00:00,7,2,19,14,11,3,13
2026-03-05 11:15:00,13,4,22,16,11,3,19
2026-03-05 11:30:00,19,4,18,24,11,3,14
2026-03-05 11:45:00,14,2,9,14,11,3,8
2026-03-05 12:00:00,8,2,13,14,12,3,8
2026-03-05 12:15:00,8,2,18,8,12,3,20
2026-03-05 12:30:00,20,2,23,14,12,3,29
2026-03-05 12:45:00,29,3,20,12,12,3,37
2026-03-05 13:00:00,37,2,10,12,13,3,39
2026-03-05 13:15:00,39,2,13,10,13,3,43
2026-03-05 13:30:00,43,3,22,12,13,3,48
2026-03-05 13:45:00,48,5,14,20,13,3,41
2026-03-05 14:00:00,41,4,18,16,14,3,41
2026-03-05 14:15:00,41,2,15,8,14,3,45
2026-03-05 14:30:00,45,2,19,8,14,3,57
2026-03-05 14:45:00,57,3,19,12,14,3,63
2026-03-05 15:00:00,63,4,9,28,15,3,44
2026-03-05 15:15:00,44,3,16,21,15,3,41
2026-03-05 15:30:00,41,2,16,8,15,3,52
2026-03-05 15:45:00,52,3,19,21,15,3,50
2026-03-05 16:00:00,50,5,20,25,16,3,44
2026-03-05 16:15:00,44,5,26,30,16,3,42
2026-03-05 16:30:00,42,3,15,12,16,3,48
2026-03-05 16:45:00,48,2,16,14,16,3,48
2026-03-05 17:00:00,48,3,15,15,17,3,49
2026-03-05 17:15:00,49,2,15,12,17,3,52
2026-03-05 17:30:00,52,5,9,35,17,3,29
2026-03-05 17:45:00,29,4,11,20,17,3,19
2026-03-05 18:00:00,19,5,14,35,18,3,1
2026-03-05 18:15:00,1,5,11,35,18,3,1
2026-03-05 18:30:00,1,4,12,28,18,3,1
2026-03-05 18:45:00,1,2,16,14,18,3,1
2026-03-05 19:00:00,1,2,11,10,19,3,3
2026-03-05 19:15:00,3,4,10,20,19,3,1
2026-03-05 19:30:00,1,5,11,30,19,3,1
2026-03-05 19:45:00,1,2,4,14,19,3,1
2026-03-05 20:00:00,1,5,1,20,20,3,1
2026-03-05 20:15:00,1,4,8,28,20,3,1
2026-03-05 20:30:00,1,3,9,12,20,3,1
2026-03-05 20:45:00,1,5,9,35,20,3,1
2026-03-05 21:00:00,1,4,10,24,21,3,1
2026-03-05 21:15:00,1,2,9,8,21,3,5
2026-03-05 21:30:00,5,3,13,12,21,3,9
2026-03-05 21:45:00,9,3,9,15,21,3,4
2026-03-05 22:00:00,4,2,4,8,22,3,1
2026-03-05 22:15:00,1,2,10,14,22,3,1
2026-03-05 22:30:00,1,2,5,12,22,3,1
2026-03-05 22:45:00,1,2,9,10,22,3,1
2026-03-05 23:00:00,1,5,18,30,23,3,1
2026-03-05 23:15:00,1,5,4,35,23,3,1
2026-03-05 23:30:00,1,4,14,16,23,3,1
2026-03-05 23:45:00,1,2,10,8,23,3,4
2026-03-06 00:00:00,4,3,3,18,0,4,1
2026-03-06 00:15:00,1,5,16,35,0,4,1
2026-03-06 00:30:00,1,4,4,28,0,4,1
2026-03-06 00:45:00,1,2,10,12,0,4,1
2026-03-06 01:00:00,1,5,6,25,1,4,1
2026-03-06 01:15:00,1,2,9,10,1,4,1
2026-03-06 01:30:00,1,5,10,30,1,4,1
2026-03-06 01:45:00,1,4,9,24,1,4,1
2026-03-06 02:00:00,1,4,1,16,2,4,1
2026-03-06 02:15:00,1,4,13,16,2,4,1
2026-03-06 02:30:00,1,2,5,10,2,4,1
2026-03-06 02:45:00,1,4,11,20,2,4,1
2026-03-06 03:00:00,1,3,9,21,3,4,1
2026-03-06 03:15:00,1,2,11,12,3,4,3
2026-03-06 03:30:00,3,3,12,21,3,4,1
2026-03-06 03:45:00,1,2,13,10,3,4,6
2026-03-06 04:00:00,6,4,8,20,4,4,1
2026-03-06 04:15:00,1,4,13,20,4,4,1
2026-03-06 04:30:00,1,2,14,10,4,4,4
2026-03-06 04:45:00,4,4,4,16,4,4,1
2026-03-06 05:00:00,1,3,12,12,5,4,1
2026-03-06 05:15:00,1,4,7,28,5,4,1
2026-03-06 05:30:00,1,4,15,16,5,4,2
2026-03-06 05:45:00,2,2,4,12,5,4,1
2026-03-06 06:00:00,1,4,4,24,6,4,1
2026-03-06 06:15:00,1,3,4,21,6,4,1
2026-03-06 06:30:00,1,5,13,30,6,4,1
2026-03-06 06:45:00,1,2,14,10,6,4,3
2026-03-06 07:00:00,3,3,14,12,7,4,4
2026-03-06 07:15:00,4,5,17,35,7,4,1
2026-03-06 07:30:00,1,4,14,24,7,4,1
2026-03-06 07:45:00,1,5,11,30,7,4,1
2026-03-06 08:00:00,1,5,13,35,8,4,1
2026-03-06 08:15:00,1,2,11,14,8,4,1
2026-03-06 08:30:00,1,3,6,15,8,4,1
2026-03-06 08:45:00,1,3,6,15,8,4,1
2026-03-06 09:00:00,1,2,31,8,9,4,27
2026-03-06 09:15:00,27,2,27,8,9,4,47
2026-03-06 09:30:00,47,4,21,16,9,4,52
2026-03-06 09:45:00,52,5,19,35,9,4,33
2026-03-06 10:00:00,33,4,24,28,10,4,31
2026-03-06 10:15:00,31,5,27,25,10,4,31
2026-03-06 10:30:00,31,3,19,12,10,4,37
2026-03-06 10:45:00,37,4,20,24,10,4,29
2026-03-06 11:00:00,29,2,15,10,11,4,34
2026-03-06 11:15:00,34,2,20,10,11,4,45
2026-03-06 11:30:00,45,4,12,28,11,4,27
2026-03-06 11:45:00,27,4,25,16,11,4,37
2026-03-06 12:00:00,37,4,22,28,12,4,31
2026-03-06 12:15:00,31,3,19,15,12,4,33
2026-03-06 12:30:00,33,4,19,16,12,4,37
2026-03-06 12:45:00,37,2,25,10,12,4,51
2026-03-06 13:00:00,51,3,19,12,13,4,59
2026-03-06 13:15:00,59,4,13,16,13,4,54
2026-03-06 13:30:00,54,2,21,10,13,4,64
2026-03-06 13:45:00,64,3,7,21,13,4,50
2026-03-06 14:00:00,50,4,11,28,14,4,31
2026-03-06 14:15:00,31,2,24,12,14,4,46
2026-03-06 14:30:00,46,5,14,25,14,4,37
2026-03-06 14:45:00,37,4,16,24,14,4,29
2026-03-06 15:00:00,29,4,17,24,15,4,20
2026-03-06 15:15:00,20,2,26,10,15,4,36
2026-03-06 15:30:00,36,5,20,35,15,4,20
2026-03-06 15:45:00,20,3,18,12,15,4,25
2026-03-06 16:00:00,25,5,17,20,16,4,22
2026-03-06 16:15:00,22,5,18,20,16,4,21
2026-03-06 16:30:00,21,4,10,20,16,4,8
2026-03-06 16:45:00,8,3,13,18,16,4,1
2026-03-06 17:00:00,1,4,17,28,17,4,1
2026-03-06 17:15:00,1,4,11,24,17,4,1
2026-03-06 17:30:00,1,2,14,10,17,4,5
2026-03-06 17:45:00,5,5,20,35,17,4,1
2026-03-06 18:00:00,1,2,20,8,18,4,14
2026-03-06 18:15:00,14,4,21,16,18,4,17
2026-03-06 18:30:00,17,3,22,15,18,4,23
2026-03-06 18:45:00,23,5,14,25,18,4,9
2026-03-06 19:00:00,9,5,13,30,19,4,1
2026-03-06 19:15:00,1,2,7,12,19,4,1
2026-03-06 19:30:00,1,3,17,21,19,4,1
2026-03-06 19:45:00,1,4,6,20,19,4,1
2026-03-06 20:00:00,1,5,7,35,20,4,1
2026-03-06 20:15:00,1,3,12,12,20,4,1
2026-03-06 20:30:00,1,2,6,12,20,4,1
2026-03-06 20:45:00,1,2,5,8,20,4,1
2026-03-06 21:00:00,1,2,7,8,21,4,1
2026-03-06 21:15:00,1,2,7,14,21,4,1
2026-03-06 21:30:00,1,4,6,28,21,4,1
2026-03-06 21:45:00,1,3,11,18,21,4,1
2026-03-06 22:00:00,1,2,1,14,22,4,1
2026-03-06 22:15:00,1,2,11,8,22,4,4
2026-03-06 22:30:00,4,5,12,35,22,4,1
2026-03-06 22:45:00,1,4,3,16,22,4,1
2026-03-06 23:00:00,1,2,7,10,23,4,1
2026-03-06 23:15:00,1,4,8,24,23,4,1
2026-03-06 23:30:00,1,5,10,20,23,4,1
2026-03-06 23:45:00,1,4,10,20,23,4,1
2026-03-07 00:00:00,1,3,6,12,0,5,1
2026-03-07 00:15:00,1,4,6,20,0,5,1
2026-03-07 00:30:00,1,5,12,20,0,5,1
2026-03-07 00:45:00,1,3,2,12,0,5,1
2026-03-07 01:00:00,1,3,7,12,1,5,1
2026-03-07 01:15:00,1,5,14,20,1,5,1
2026-03-07 01:30:00,1,2,1,8,1,5,1
2026-03-07 01:45:00,1,2,14,14,1,5,2
2026-03-07 02:00:00,2,3,6,12,2,5,1
2026-03-07 02:15:00,1,4,11,20,2,5,1
2026-03-07 02:30:00,1,5,5,20,2,5,1
2026-03-07 02:45:00,1,3,7,21,2,5,1
2026-03-07 03:00:00,1,5,4,35,3,5,1
2026-03-07 03:15:00,1,2,5,12,3,5,1
2026-03-07 03:30:00,1,3,9,12,3,5,1
2026-03-07 03:45:00,1,4,4,20,3,5,1
2026-03-07 04:00:00,1,5,13,25,4,5,1
2026-03-07 04:15:00,1,3,9,12,4,5,1
2026-03-07 04:30:00,1,2,6,8,4,5,1
2026-03-07 04:45:00,1,2,2,8,4,5,1
2026-03-07 05:00:00,1,2,4,12,5,5,1
2026-03-07 05:15:00,1,4,5,16,5,5,1
2026-03-07 05:30:00,1,2,8,14,5,5,1
2026-03-07 05:45:00,1,5,14,30,5,5,1
2026-03-07 06:00:00,1,2,4,10,6,5,1
2026-03-07 06:15:00,1,3,4,12,6,5,1
2026-03-07 06:30:00,1,2,14,12,6,5,1
2026-03-07 06:45:00,1,5,0,20,6,5,1
2026-03-07 07:00:00,1,3,4,15,7,5,1
2026-03-07 07:15:00,1,3,9,12,7,5,1
2026-03-07 07:30:00,1,2,6,10,7,5,1
2026-03-07 07:45:00,1,4,15,16,7,5,1
2026-03-07 08:00:00,1,2,6,10,8,5,1
2026-03-07 08:15:00,1,4,5,20,8,5,1
2026-03-07 08:30:00,1,5,7,35,8,5,1
2026-03-07 08:45:00,1,2,8,12,8,5,1
2026-03-07 09:00:00,1,2,8,12,9,5,1
2026-03-07 09:15:00,1,4,20,16,9,5,2
2026-03-07 09:30:00,2,3,18,21,9,5,1
2026-03-07 09:45:00,1,4,17,16,9,5,1
2026-03-07 10:00:00,1,3,18,18,10,5,1
2026-03-07 10:15:00,1,4,18,16,10,5,1
2026-03-07 10:30:00,1,4,13,16,10,5,1
2026-03-07 10:45:00,1,2,14,12,10,5,3
2026-03-07 11:00:00,3,3,18,18,11,5,4
2026-03-07 11:15:00,4,2,21,14,11,5,14
2026-03-07 11:30:00,14,3,15,12,11,5,17
2026-03-07 11:45:00,17,3,18,18,11,5,15
2026-03-07 12:00:00,15,3,10,15,12,5,9
2026-03-07 12:15:00,9,4,16,28,12,5,1
2026-03-07 12:30:00,1,3,20,12,12,5,8
2026-03-07 12:45:00,8,2,12,8,12,5,11
2026-03-07 13:00:00,11,4,14,16,13,5,9
2026-03-07 13:15:00,9,4,11,28,13,5,1
2026-03-07 13:30:00,1,3,19,18,13,5,1
2026-03-07 13:45:00,1,5,8,30,13,5,1
2026-03-07 14:00:00,1,5,15,20,14,5,1
2026-03-07 14:15:00,1,5,16,35,14,5,1
2026-03-07 14:30:00,1,2,19,8,14,5,9
2026-03-07 14:45:00,9,2,17,12,14,5,14
2026-03-07 15:00:00,14,5,12,25,15,5,2
2026-03-07 15:15:00,2,2,22,8,15,5,14
2026-03-07 15:30:00,14,3,11,21,15,5,7
2026-03-07 15:45:00,7,2,15,10,15,5,11
2026-03-07 16:00:00,11,3,15,18,16,5,8
2026-03-07 16:15:00,8,3,16,12,16,5,13
2026-03-07 16:30:00,13,4,16,24,16,5,6
2026-03-07 16:45:00,6,2,17,12,16,5,11
2026-03-07 17:00:00,11,3,11,18,17,5,4
2026-03-07 17:15:00,4,2,10,14,17,5,1
2026-03-07 17:30:00,1,2,17,12,17,5,2
2026-03-07 17:45:00,2,4,9,20,17,5,1
2026-03-07 18:00:00,1,2,3,8,18,5,1
2026-03-07 18:15:00,1,5,11,35,18,5,1
2026-03-07 18:30:00,1,4,16,28,18,5,1
2026-03-07 18:45:00,1,2,11,10,18,5,5
2026-03-07 19:00:00,5,4,9,16,19,5,1
2026-03-07 19:15:00,1,5,12,20,19,5,1
2026-03-07 19:30:00,1,3,16,18,19,5,1
2026-03-07 19:45:00,1,3,14,15,19,5,1
2026-03-07 20:00:00,1,5,11,35,20,5,1
2026-03-07 20:15:00,1,4,8,20,20,5,1
2026-03-07 20:30:00,1,4,4,20,20,5,1
2026-03-07 20:45:00,1,2,7,8,20,5,1
2026-03-07 21:00:00,1,4,5,28,21,5,1
2026-03-07 21:15:00,1,4,0,20,21,5,1
2026-03-07 21:30:00,1,3,6,18,21,5,1
2026-03-07 21:45:00,1,3,2,21,21,5,1
2026-03-07 22:00:00,1,3,6,12,22,5,1
2026-03-07 22:15:00,1,2,7,8,22,5,3
2026-03-07 22:30:00,3,5,5,30,22,5,1
2026-03-07 22:45:00,1,4,6,16,22,5,1
2026-03-07 23:00:00,1,3,2,12,23,5,1
2026-03-07 23:15:00,1,5,4,30,23,5,1
2026-03-07 23:30:00,1,5,11,35,23,5,1
2026-03-07 23:45:00,1,3,7,21,23,5,1
2026-03-08 00:00:00,1,3,2,21,0,6,1
2026-03-08 00:15:00,1,4,5,20,0,6,1
2026-03-08 00:30:00,1,4,0,28,0,6,1
2026-03-08 00:45:00,1,2,8,14,0,6,1
2026-03-08 01:00:00,1,2,9,12,1,6,1
2026-03-08 01:15:00,1,4,6,20,1,6,1
2026-03-08 01:30:00,1,3,0,18,1,6,1
2026-03-08 01:45:00,1,5,7,35,1,6,1
2026-03-08 02:00:00,1,5,8,25,2,6,1
2026-03-08 02:15:00,1,2,14,14,2,6,1
2026-03-08 02:30:00,1,4,4,20,2,6,1
2026-03-08 02:45:00,1,4,5,20,2,6,1
2026-03-08 03:00:00,1,2,3,10,3,6,1
2026-03-08 03:15:00,1,4,5,24,3,6,1
2026-03-08 03:30:00,1,3,2,12,3,6,1
2026-03-08 03:45:00,1,5,12,35,3,6,1
2026-03-08 04:00:00,1,3,4,12,4,6,1
2026-03-08 04:15:00,1,2,3,14,4,6,1
2026-03-08 04:30:00,1,5,6,30,4,6,1
2026-03-08 04:45:00,1,5,9,25,4,6,1
2026-03-08 05:00:00,1,4,7,16,5,6,1
2026-03-08 05:15:00,1,4,6,16,5,6,1
2026-03-08 05:30:00,1,3,8,21,5,6,1
2026-03-08 05:45:00,1,2,0,10,5,6,1
2026-03-08 06:00:00,1,5,10,20,6,6,1
2026-03-08 06:15:00,1,4,7,28,6,6,1
2026-03-08 06:30:00,1,5,9,35,6,6,1
2026-03-08 06:45:00,1,2,4,10,6,6,1
2026-03-08 07:00:00,1,5,7,20,7,6,1
2026-03-08 07:15:00,1,2,5,10,7,6,1
2026-03-08 07:30:00,1,4,6,16,7,6,1
2026-03-08 07:45:00,1,5,10,30,7,6,1
2026-03-08 08:00:00,1,3,3,21,8,6,1
2026-03-08 08:15:00,1,5,9,25,8,6,1
2026-03-08 08:30:00,1,3,2,12,8,6,1
2026-03-08 08:45:00,1,3,11,18,8,6,1
2026-03-08 09:00:00,1,3,9,21,9,6,1
2026-03-08 09:15:00,1,3,16,12,9,6,7
2026-03-08 09:30:00,7,4,15,24,9,6,1
2026-03-08 09:45:00,1,4,17,28,9,6,1
2026-03-08 10:00:00,1,2,13,12,10,6,2
2026-03-08 10:15:00,2,2,19,10,10,6,12
2026-03-08 10:30:00,12,4,22,20,10,6,17
2026-03-08 10:45:00,17,2,21,14,10,6,23
2026-03-08 11:00:00,23,4,11,24,11,6,8
2026-03-08 11:15:00,8,2,22,12,11,6,19
2026-03-08 11:30:00,19,3,19,12,11,6,26
2026-03-08 11:45:00,26,5,17,30,11,6,13
2026-03-08 12:00:00,13,5,9,35,12,6,1
2026-03-08 12:15:00,1,5,21,35,12,6,1
2026-03-08 12:30:00,1,5,6,30,12,6,1
2026-03-08 12:45:00,1,3,13,21,12,6,1
2026-03-08 13:00:00,1,3,12,15,13,6,1
2026-03-08 13:15:00,1,5,18,25,13,6,1
2026-03-08 13:30:00,1,4,16,20,13,6,1
2026-03-08 13:45:00,1,5,12,25,13,6,1
2026-03-08 14:00:00,1,5,14,30,14,6,1
2026-03-08 14:15:00,1,2,15,8,14,6,10
2026-03-08 14:30:00,10,5,15,35,14,6,1
2026-03-08 14:45:00,1,5,10,30,14,6,1
2026-03-08 15:00:00,1,4,10,24,15,6,1
2026-03-08 15:15:00,1,2,5,14,15,6,1
2026-03-08 15:30:00,1,2,10,12,15,6,1
2026-03-08 15:45:00,1,4,18,16,15,6,6
2026-03-08 16:00:00,6,3,19,12,16,6,13
2026-03-08 16:15:00,13,3,18,18,16,6,14
2026-03-08 16:30:00,14,3,21,12,16,6,20
2026-03-08 16:45:00,20,2,17,8,16,6,26
2026-03-08 17:00:00,26,3,16,18,17,6,24
2026-03-08 17:15:00,24,5,14,25,17,6,12
2026-03-08 17:30:00,12,2,17,14,17,6,10
2026-03-08 17:45:00,10,4,5,20,17,6,1
2026-03-08 18:00:00,1,5,7,30,18,6,1
2026-03-08 18:15:00,1,3,8,12,18,6,1
2026-03-08 18:30:00,1,3,7,18,18,6,1
2026-03-08 18:45:00,1,5,18,25,18,6,1
2026-03-08 19:00:00,1,2,11,10,19,6,2
2026-03-08 19:15:00,2,5,18,30,19,6,1
2026-03-08 19:30:00,1,4,15,16,19,6,2
2026-03-08 19:45:00,2,3,16,21,19,6,1
2026-03-08 20:00:00,1,4,10,28,20,6,1
2026-03-08 20:15:00,1,4,8,16,20,6,1
2026-03-08 20:30:00,1,5,9,25,20,6,1
2026-03-08 20:45:00,1,4,7,16,20,6,1
2026-03-08 21:00:00,1,5,2,30,21,6,1
2026-03-08 21:15:00,1,4,2,20,21,6,1
2026-03-08 21:30:00,1,5,8,35,21,6,1
2026-03-08 21:45:00,1,3,6,12,21,6,1
2026-03-08 22:00:00,1,5,0,25,22,6,1
2026-03-08 22:15:00,1,3,12,12,22,6,1
2026-03-08 22:30:00,1,5,12,20,22,6,1
2026-03-08 22:45:00,1,5,1,35,22,6,1
2026-03-08 23:00:00,1,3,5,12,23,6,1
2026-03-08 23:15:00,1,3,14,21,23,6,1
2026-03-08 23:30:00,1,4,9,20,23,6,1
2026-03-08 23:45:00,1,5,4,25,23,6,1
2026-03-09 00:00:00,1,5,12,35,0,0,1
2026-03-09 00:15:00,1,2,3,14,0,0,1
2026-03-09 00:30:00,1,2,4,12,0,0,1
2026-03-09 00:45:00,1,4,7,28,0,0,1
2026-03-09 01:00:00,1,5,3,35,1,0,1
2026-03-09 01:15:00,1,2,3,14,1,0,1
2026-03-09 01:30:00,1,2,8,12,1,0,1
2026-03-09 01:45:00,1,2,9,14,1,0,1
2026-03-09 02:00:00,1,3,10,21,2,0,1
2026-03-09 02:15:00,1,5,12,20,2,0,1
2026-03-09 02:30:00,1,3,9,12,2,0,1
2026-03-09 02:45:00,1,5,12,30,2,0,1
2026-03-09 03:00:00,1,3,12,12,3,0,2
2026-03-09 03:15:00,2,4,6,20,3,0,1
2026-03-09 03:30:00,1,3,13,21,3,0,1
2026-03-09 03:45:00,1,2,7,8,3,0,1
2026-03-09 04:00:00,1,4,5,24,4,0,1
2026-03-09 04:15:00,1,3,6,18,4,0,1
2026-03-09 04:30:00,1,2,7,14,4,0,1
2026-03-09 04:45:00,1,2,8,12,4,0,1
2026-03-09 05:00:00,1,2,9,14,5,0,1
2026-03-09 05:15:00,1,3,6,18,5,0,1
2026-03-09 05:30:00,1,5,7,30,5,0,1
2026-03-09 05:45:00,1,3,14,18,5,0,1
2026-03-09 06:00:00,1,3,5,15,6,0,1
2026-03-09 06:15:00,1,5,12,30,6,0,1
2026-03-09 06:30:00,1,4,6,24,6,0,1
2026-03-09 06:45:00,1,2,6,8,6,0,1
2026-03-09 07:00:00,1,4,10,16,7,0,1
2026-03-09 07:15:00,1,2,11,12,7,0,1
2026-03-09 07:30:00,1,2,1,8,7,0,1
2026-03-09 07:45:00,1,2,0,10,7,0,1
2026-03-09 08:00:00,1,5,5,25,8,0,1
2026-03-09 08:15:00,1,3,5,21,8,0,1
2026-03-09 08:30:00,1,5,9,35,8,0,1
2026-03-09 08:45:00,1,4,9,16,8,0,1
2026-03-09 09:00:00,1,3,25,12,9,0,11
2026-03-09 09:15:00,11,5,21,35,9,0,1
2026-03-09 09:30:00,1,2,16,14,9,0,6
2026-03-09 09:45:00,6,3,20,12,9,0,17
2026-03-09 10:00:00,17,5,31,20,10,0,28
2026-03-09 10:15:00,28,4,27,28,10,0,29
2026-03-09 10:30:00,29,5,20,30,10,0,20
2026-03-09 10:45:00,20,3,20,15,10,0,23
2026-03-09 11:00:00,23,2,21,8,11,0,38
2026-03-09 11:15:00,38,4,20,20,11,0,37
2026-03-09 11:30:00,37,2,27,10,11,0,52
2026-03-09 11:45:00,52,5,28,20,11,0,59
2026-03-09 12:00:00,59,5,18,25,12,0,52
2026-03-09 12:15:00,52,2,25,8,12,0,69
2026-03-09 12:30:00,69,5,17,20,12,0,68
2026-03-09 12:45:00,68,4,22,24,12,0,65
2026-03-09 13:00:00,65,2,26,10,13,0,82
2026-03-09 13:15:00,82,3,22,15,13,0,90
2026-03-09 13:30:00,90,4,15,28,13,0,75
2026-03-09 13:45:00,75,5,15,35,13,0,54
2026-03-09 14:00:00,54,5,21,30,14,0,45
2026-03-09 14:15:00,45,2,15,14,14,0,45
2026-03-09 14:30:00,45,4,18,28,14,0,35
2026-03-09 14:45:00,35,4,16,20,14,0,33
2026-03-09 15:00:00,33,5,15,25,15,0,20
2026-03-09 15:15:00,20,4,12,28,15,0,4
2026-03-09 15:30:00,4,4,18,28,15,0,1
2026-03-09 15:45:00,1,5,24,20,15,0,1
2026-03-09 16:00:00,1,5,21,30,16,0,1
2026-03-09 16:15:00,1,2,9,10,16,0,1
2026-03-09 16:30:00,1,5,17,20,16,0,1
2026-03-09 16:45:00,1,5,21,30,16,0,1
2026-03-09 17:00:00,1,3,18,21,17,0,1
2026-03-09 17:15:00,1,3,20,21,17,0,1
2026-03-09 17:30:00,1,2,18,12,17,0,8
2026-03-09 17:45:00,8,4,19,16,17,0,8
2026-03-09 18:00:00,8,5,13,35,18,0,1
2026-03-09 18:15:00,1,3,10,12,18,0,1
2026-03-09 18:30:00,1,2,15,8,18,0,6
2026-03-09 18:45:00,6,4,21,24,18,0,2
2026-03-09 19:00:00,2,2,11,8,19,0,3
2026-03-09 19:15:00,3,2,12,10,19,0,2
2026-03-09 19:30:00,2,3,12,12,19,0,2
2026-03-09 19:45:00,2,3,17,15,19,0,3
2026-03-09 20:00:00,3,3,12,12,20,0,4
2026-03-09 20:15:00,4,4,8,24,20,0,1
2026-03-09 20:30:00,1,5,7,35,20,0,1
2026-03-09 20:45:00,1,3,8,18,20,0,1
2026-03-09 21:00:00,1,5,8,20,21,0,1
2026-03-09 21:15:00,1,5,5,25,21,0,1
2026-03-09 21:30:00,1,2,8,14,21,0,1
2026-03-09 21:45:00,1,4,8,20,21,0,1
2026-03-09 22:00:00,1,2,3,12,22,0,1
2026-03-09 22:15:00,1,2,13,14,22,0,1
2026-03-09 22:30:00,1,4,16,16,22,0,1
2026-03-09 22:45:00,1,2,11,8,22,0,6
2026-03-09 23:00:00,6,5,11,30,23,0,1
2026-03-09 23:15:00,1,2,12,8,23,0,4
2026-03-09 23:30:00,4,2,8,10,23,0,3
2026-03-09 23:45:00,3,3,7,12,23,0,1
2026-03-10 00:00:00,1,3,10,12,0,1,1
2026-03-10 00:15:00,1,3,8,18,0,1,1
2026-03-10 00:30:00,1,5,6,25,0,1,1
2026-03-10 00:45:00,1,3,9,18,0,1,1
2026-03-10 01:00:00,1,5,6,25,1,1,1
2026-03-10 01:15:00,1,5,7,35,1,1,1
2026-03-10 01:30:00,1,2,11,10,1,1,1
2026-03-10 01:45:00,1,2,2,12,1,1,1
2026-03-10 02:00:00,1,3,9,15,2,1,1
2026-03-10 02:15:00,1,4,11,20,2,1,1
2026-03-10 02:30:00,1,2,7,8,2,1,1
2026-03-10 02:45:00,1,3,17,15,2,1,2
2026-03-10 03:00:00,2,3,5,21,3,1,1
2026-03-10 03:15:00,1,4,5,28,3,1,1
2026-03-10 03:30:00,1,4,5,28,3,1,1
2026-03-10 03:45:00,1,2,8,12,3,1,1
2026-03-10 04:00:00,1,4,9,24,4,1,1
2026-03-10 04:15:00,1,5,8,25,4,1,1
2026-03-10 04:30:00,1,3,13,21,4,1,1
2026-03-10 04:45:00,1,4,12,20,4,1,1
2026-03-10 05:00:00,1,2,10,14,5,1,1
2026-03-10 05:15:00,1,5,10,30,5,1,1
2026-03-10 05:30:00,1,2,4,14,5,1,1
2026-03-10 05:45:00,1,5,13,25,5,1,1
2026-03-10 06:00:00,1,3,13,15,6,1,1
2026-03-10 06:15:00,1,4,6,28,6,1,1
2026-03-10 06:30:00,1,4,9,24,6,1,1
2026-03-10 06:45:00,1,5,7,20,6,1,1
2026-03-10 07:00:00,1,3,12,15,7,1,1
2026-03-10 07:15:00,1,2,1,12,7,1,1
2026-03-10 07:30:00,1,2,10,8,7,1,5
2026-03-10 07:45:00,5,2,7,12,7,1,1
2026-03-10 08:00:00,1,2,11,10,8,1,1
2026-03-10 08:15:00,1,4,5,20,8,1,1
2026-03-10 08:30:00,1,5,5,35,8,1,1
2026-03-10 08:45:00,1,3,12,21,8,1,1
2026-03-10 09:00:00,1,4,14,28,9,1,1
2026-03-10 09:15:00,1,3,24,15,9,1,8
2026-03-10 09:30:00,8,2,18,12,9,1,15
2026-03-10 09:45:00,15,5,19,25,9,1,3
2026-03-10 10:00:00,3,3,23,12,10,1,8
2026-03-10 10:15:00,8,4,21,28,10,1,3
2026-03-10 10:30:00,3,4,25,16,10,1,13
2026-03-10 10:45:00,13,2,17,10,10,1,20
2026-03-10 11:00:00,20,5,27,30,11,1,18
2026-03-10 11:15:00,18,4,20,24,11,1,15
2026-03-10 11:30:00,15,4,18,20,11,1,12
2026-03-10 11:45:00,12,4,23,24,11,1,12
2026-03-10 12:00:00,12,2,21,8,12,1,23
2026-03-10 12:15:00,23,3,21,15,12,1,28
2026-03-10 12:30:00,28,2,28,14,12,1,40
2026-03-10 12:45:00,40,4,19,28,12,1,30
2026-03-10 13:00:00,30,4,18,24,13,1,26
2026-03-10 13:15:00,26,5,22,20,13,1,27
2026-03-10 13:30:00,27,3,14,15,13,1,28
2026-03-10 13:45:00,28,3,15,15,13,1,29
2026-03-10 14:00:00,29,4,15,28,14,1,17
2026-03-10 14:15:00,17,5,15,30,14,1,1
2026-03-10 14:30:00,1,5,14,30,14,1,1
2026-03-10 14:45:00,1,5,16,30,14,1,1
2026-03-10 15:00:00,1,2,18,8,15,1,13
2026-03-10 15:15:00,13,3,16,12,15,1,18
2026-03-10 15:30:00,18,4,23,20,15,1,20
2026-03-10 15:45:00,20,5,24,20,15,1,27
2026-03-10 16:00:00,27,4,13,16,16,1,22
2026-03-10 16:15:00,22,5,23,30,16,1,13
2026-03-10 16:30:00,13,5,20,20,16,1,14
2026-03-10 16:45:00,14,5,19,30,16,1,2
2026-03-10 17:00:00,2,3,16,12,17,1,9
2026-03-10 17:15:00,9,4,20,28,17,1,1
2026-03-10 17:30:00,1,5,18,20,17,1,1
2026-03-10 17:45:00,1,2,17,10,17,1,11
2026-03-10 18:00:00,11,2,14,12,18,1,12
2026-03-10 18:15:00,12,2,12,8,18,1,15
2026-03-10 18:30:00,15,3,9,18,18,1,6
2026-03-10 18:45:00,6,5,14,30,18,1,1
2026-03-10 19:00:00,1,2,14,14,19,1,1
2026-03-10 19:15:00,1,2,7,12,19,1,1
2026-03-10 19:30:00,1,2,15,14,19,1,1
2026-03-10 19:45:00,1,4,11,24,19,1,1
2026-03-10 20:00:00,1,2,10,12,20,1,1
2026-03-10 20:15:00,1,3,16,15,20,1,1
2026-03-10 20:30:00,1,4,8,20,20,1,1
2026-03-10 20:45:00,1,5,5,20,20,1,1
2026-03-10 21:00:00,1,4,11,16,21,1,1
2026-03-10 21:15:00,1,4,6,20,21,1,1
2026-03-10 21:30:00,1,4,12,20,21,1,1
2026-03-10 21:45:00,1,4,9,20,21,1,1
2026-03-10 22:00:00,1,2,4,14,22,1,1
2026-03-10 22:15:00,1,3,10,18,22,1,1
2026-03-10 22:30:00,1,5,6,20,22,1,1
2026-03-10 22:45:00,1,3,5,12,22,1,1
2026-03-10 23:00:00,1,5,7,25,23,1,1
2026-03-10 23:15:00,1,2,8,12,23,1,1
2026-03-10 23:30:00,1,2,7,14,23,1,1
2026-03-10 23:45:00,1,3,4,21,23,1,1
2026-03-11 00:00:00,1,4,19,16,0,2,4
2026-03-11 00:15:00,4,2,8,14,0,2,1
2026-03-11 00:30:00,1,3,1,15,0,2,1
2026-03-11 00:45:00,1,4,11,28,0,2,1
2026-03-11 01:00:00,1,4,6,28,1,2,1
2026-03-11 01:15:00,1,5,14,25,1,2,1
2026-03-11 01:30:00,1,2,12,12,1,2,1
2026-03-11 01:45:00,1,2,0,12,1,2,1
2026-03-11 02:00:00,1,3,11,15,2,2,1
2026-03-11 02:15:00,1,4,8,24,2,2,1
2026-03-11 02:30:00,1,2,17,8,2,2,8
2026-03-11 02:45:00,8,4,8,16,2,2,1
2026-03-11 03:00:00,1,4,8,28,3,2,1
2026-03-11 03:15:00,1,2,2,14,3,2,1
2026-03-11 03:30:00,1,4,8,16,3,2,1
2026-03-11 03:45:00,1,3,10,21,3,2,1
2026-03-11 04:00:00,1,3,7,18,4,2,1
2026-03-11 04:15:00,1,3,11,18,4,2,1
2026-03-11 04:30:00,1,4,18,16,4,2,1
2026-03-11 04:45:00,1,2,6,12,4,2,1
2026-03-11 05:00:00,1,5,9,30,5,2,1
2026-03-11 05:15:00,1,2,9,12,5,2,1
2026-03-11 05:30:00,1,4,2,20,5,2,1
2026-03-11 05:45:00,1,3,8,15,5,2,1
2026-03-11 06:00:00,1,2,0,14,6,2,1
2026-03-11 06:15:00,1,4,13,20,6,2,1
2026-03-11 06:30:00,1,2,2,12,6,2,1
2026-03-11 06:45:00,1,3,6,12,6,2,1
2026-03-11 07:00:00,1,2,4,14,7,2,1
2026-03-11 07:15:00,1,3,15,12,7,2,3
2026-03-11 07:30:00,3,5,8,25,7,2,1
2026-03-11 07:45:00,1,2,10,10,7,2,1
2026-03-11 08:00:00,1,3,9,15,8,2,1
2026-03-11 08:15:00,1,4,16,24,8,2,1
2026-03-11 08:30:00,1,3,6,15,8,2,1
2026-03-11 08:45:00,1,5,10,30,8,2,1
2026-03-11 09:00:00,1,2,23,12,9,2,11
2026-03-11 09:15:00,11,2,13,14,9,2,12
2026-03-11 09:30:00,12,4,16,24,9,2,1
2026-03-11 09:45:00,1,3,16,12,9,2,1
2026-03-11 10:00:00,1,2,23,8,10,2,17
2026-03-11 10:15:00,17,2,19,10,10,2,28
2026-03-11 10:30:00,28,4,13,24,10,2,17
2026-03-11 10:45:00,17,4,18,16,10,2,18
2026-03-11 11:00:00,18,5,21,25,11,2,15
2026-03-11 11:15:00,15,2,17,8,11,2,24
2026-03-11 11:30:00,24,5,20,30,11,2,13
2026-03-11 11:45:00,13,4,17,20,11,2,8
2026-03-11 12:00:00,8,2,19,14,12,2,15
2026-03-11 12:15:00,15,3,16,15,12,2,14
2026-03-11 12:30:00,14,2,14,10,12,2,20
2026-03-11 12:45:00,20,3,24,18,12,2,23
2026-03-11 13:00:00,23,5,26,20,13,2,25
2026-03-11 13:15:00,25,4,20,24,13,2,20
2026-03-11 13:30:00,20,2,15,14,13,2,24
2026-03-11 13:45:00,24,4,12,24,13,2,12
2026-03-11 14:00:00,12,3,24,12,14,2,22
2026-03-11 14:15:00,22,2,15,12,14,2,26
2026-03-11 14:30:00,26,2,20,14,14,2,34
2026-03-11 14:45:00,34,3,11,21,14,2,22
2026-03-11 15:00:00,22,2,22,8,15,2,34
2026-03-11 15:15:00,34,4,16,20,15,2,28
2026-03-11 15:30:00,28,3,19,15,15,2,27
2026-03-11 15:45:00,27,4,15,28,15,2,15
2026-03-11 16:00:00,15,3,12,21,16,2,3
2026-03-11 16:15:00,3,2,16,12,16,2,9
2026-03-11 16:30:00,9,4,19,24,16,2,4
2026-03-11 16:45:00,4,5,20,30,16,2,1
2026-03-11 17:00:00,1,3,12,18,17,2,1
2026-03-11 17:15:00,1,2,14,12,17,2,2
2026-03-11 17:30:00,2,4,19,28,17,2,1
2026-03-11 17:45:00,1,3,18,21,17,2,1
2026-03-11 18:00:00,1,5,16,30,18,2,1
2026-03-11 18:15:00,1,2,10,14,18,2,1
2026-03-11 18:30:00,1,3,13,15,18,2,1
2026-03-11 18:45:00,1,3,14,12,18,2,1
2026-03-11 19:00:00,1,4,12,24,19,2,1
2026-03-11 19:15:00,1,4,18,20,19,2,1
2026-03-11 19:30:00,1,2,12,14,19,2,1
2026-03-11 19:45:00,1,4,11,20,19,2,1
2026-03-11 20:00:00,1,4,13,16,20,2,1
2026-03-11 20:15:00,1,5,15,30,20,2,1
2026-03-11 20:30:00,1,3,14,15,20,2,1
2026-03-11 20:45:00,1,4,14,28,20,2,1
2026-03-11 21:00:00,1,5,12,20,21,2,1
2026-03-11 21:15:00,1,5,7,35,21,2,1
2026-03-11 21:30:00,1,3,2,18,21,2,1
2026-03-11 21:45:00,1,3,16,18,21,2,1
2026-03-11 22:00:00,1,5,7,35,22,2,1
2026-03-11 22:15:00,1,4,12,16,22,2,1
2026-03-11 22:30:00,1,2,10,14,22,2,1
2026-03-11 22:45:00,1,4,8,20,22,2,1
2026-03-11 23:00:00,1,4,16,16,23,2,6
2026-03-11 23:15:00,6,2,4,10,23,2,1
2026-03-11 23:30:00,1,2,17,10,23,2,11
2026-03-11 23:45:00,11,2,13,8,23,2,17
2026-03-12 00:00:00,17,3,12,15,0,3,13
2026-03-12 00:15:00,13,4,3,16,0,3,1
2026-03-12 00:30:00,1,2,7,14,0,3,1
2026-03-12 00:45:00,1,5,11,30,0,3,1
2026-03-12 01:00:00,1,2,5,14,1,3,1
2026-03-12 01:15:00,1,5,8,35,1,3,1
2026-03-12 01:30:00,1,2,14,8,1,3,7
2026-03-12 01:45:00,7,3,8,15,1,3,2
2026-03-12 02:00:00,2,4,13,20,2,3,2
2026-03-12 02:15:00,2,2,11,10,2,3,1
2026-03-12 02:30:00,1,2,3,12,2,3,1
2026-03-12 02:45:00,1,2,10,8,2,3,2
2026-03-12 03:00:00,2,3,4,15,3,3,1
2026-03-12 03:15:00,1,3,1,12,3,3,1
2026-03-12 03:30:00,1,3,12,21,3,3,1
2026-03-12 03:45:00,1,5,9,20,3,3,1
2026-03-12 04:00:00,1,2,8,10,4,3,1
2026-03-12 04:15:00,1,3,4,21,4,3,1
2026-03-12 04:30:00,1,3,11,21,4,3,1
2026-03-12 04:45:00,1,2,4,12,4,3,1
2026-03-12 05:00:00,1,4,1,16,5,3,1
2026-03-12 05:15:00,1,3,14,21,5,3,1
2026-03-12 05:30:00,1,4,8,24,5,3,1
2026-03-12 05:45:00,1,2,1,14,5,3,1
2026-03-12 06:00:00,1,5,14,25,6,3,1
2026-03-12 06:15:00,1,5,12,35,6,3,1
2026-03-12 06:30:00,1,2,11,12,6,3,1
2026-03-12 06:45:00,1,3,7,21,6,3,1
2026-03-12 07:00:00,1,5,10,30,7,3,1
2026-03-12 07:15:00,1,2,11,14,7,3,1
2026-03-12 07:30:00,1,3,8,21,7,3,1
2026-03-12 07:45:00,1,5,6,30,7,3,1
2026-03-12 08:00:00,1,3,11,15,8,3,1
2026-03-12 08:15:00,1,2,0,8,8,3,1
2026-03-12 08:30:00,1,3,9,15,8,3,1
2026-03-12 08:45:00,1,2,6,12,8,3,1
2026-03-12 09:00:00,1,2,18,10,9,3,9
2026-03-12 09:15:00,9,2,21,12,9,3,19
2026-03-12 09:30:00,19,2,19,8,9,3,30
2026-03-12 09:45:00,30,2,24,12,9,3,44
2026-03-12 10:00:00,44,3,21,15,10,3,49
2026-03-12 10:15:00,49,5,22,20,10,3,50
2026-03-12 10:30:00,50,4,18,24,10,3,43
2026-03-12 10:45:00,43,3,24,15,10,3,50
2026-03-12 11:00:00,50,2,20,8,11,3,61
2026-03-12 11:15:00,61,3,17,12,11,3,68
2026-03-12 11:30:00,68,5,20,30,11,3,55
2026-03-12 11:45:00,55,2,27,14,11,3,67
2026-03-12 12:00:00,67,4,24,16,12,3,75
2026-03-12 12:15:00,75,5,23,20,12,3,75
2026-03-12 12:30:00,75,4,21,16,12,3,78
2026-03-12 12:45:00,78,3,24,21,12,3,82
2026-03-12 13:00:00,82,3,14,12,13,3,85
2026-03-12 13:15:00,85,5,15,20,13,3,78
2026-03-12 13:30:00,78,2,18,12,13,3,85
2026-03-12 13:45:00,85,5,23,20,13,3,90
2026-03-12 14:00:00,90,4,19,20,14,3,86
2026-03-12 14:15:00,86,3,18,15,14,3,88
2026-03-12 14:30:00,88,4,19,24,14,3,82
2026-03-12 14:45:00,82,4,15,24,14,3,73
2026-03-12 15:00:00,73,2,25,14,15,3,86
2026-03-12 15:15:00,86,3,23,15,15,3,97
2026-03-12 15:30:00,97,4,11,24,15,3,83
2026-03-12 15:45:00,83,3,24,18,15,3,87
2026-03-12 16:00:00,87,3,12,12,16,3,87
2026-03-12 16:15:00,87,2,23,12,16,3,99
2026-03-12 16:30:00,99,5,14,20,16,3,93
2026-03-12 16:45:00,93,3,18,21,16,3,89
2026-03-12 17:00:00,89,5,15,30,17,3,74
2026-03-12 17:15:00,74,2,16,8,17,3,86
2026-03-12 17:30:00,86,3,12,18,17,3,75
2026-03-12 17:45:00,75,5,15,30,17,3,61
2026-03-12 18:00:00,61,5,15,30,18,3,48
2026-03-12 18:15:00,48,2,11,14,18,3,49
2026-03-12 18:30:00,49,5,15,20,18,3,43
2026-03-12 18:45:00,43,2,18,10,18,3,54
2026-03-12 19:00:00,54,4,11,16,19,3,48
2026-03-12 19:15:00,48,4,22,20,19,3,48
2026-03-12 19:30:00,48,3,13,21,19,3,40
2026-03-12 19:45:00,40,3,14,21,19,3,36
2026-03-12 20:00:00,36,4,9,28,20,3,15
2026-03-12 20:15:00,15,2,17,10,20,3,25
2026-03-12 20:30:00,25,2,5,12,20,3,19
2026-03-12 20:45:00,19,4,16,20,20,3,17
2026-03-12 21:00:00,17,4,12,28,21,3,1
2026-03-12 21:15:00,1,5,10,25,21,3,1
2026-03-12 21:30:00,1,3,7,21,21,3,1
2026-03-12 21:45:00,1,2,7,8,21,3,1
2026-03-12 22:00:00,1,5,5,30,22,3,1
2026-03-12 22:15:00,1,2,6,10,22,3,1
2026-03-12 22:30:00,1,5,3,30,22,3,1
2026-03-12 22:45:00,1,3,18,15,22,3,8
2026-03-12 23:00:00,8,5,14,30,23,3,1
2026-03-12 23:15:00,1,5,8,25,23,3,1
2026-03-12 23:30:00,1,2,10,8,23,3,5
2026-03-12 23:45:00,5,5,9,35,23,3,1
2026-03-13 00:00:00,1,5,16,20,0,4,1
2026-03-13 00:15:00,1,4,10,16,0,4,1
2026-03-13 00:30:00,1,2,7,10,0,4,1
2026-03-13 00:45:00,1,3,8,12,0,4,1
2026-03-13 01:00:00,1,4,15,24,1,4,1
2026-03-13 01:15:00,1,5,6,20,1,4,1
2026-03-13 01:30:00,1,5,9,35,1,4,1
2026-03-13 01:45:00,1,2,8,12,1,4,1
2026-03-13 02:00:00,1,5,11,30,2,4,1
2026-03-13 02:15:00,1,3,14,15,2,4,1
2026-03-13 02:30:00,1,5,9,20,2,4,1
2026-03-13 02:45:00,1,5,10,35,2,4,1
2026-03-13 03:00:00,1,4,13,20,3,4,1
2026-03-13 03:15:00,1,5,12,35,3,4,1
2026-03-13 03:30:00,1,2,3,8,3,4,1
2026-03-13 03:45:00,1,5,15,35,3,4,1
2026-03-13 04:00:00,1,4,8,20,4,4,1
2026-03-13 04:15:00,1,5,5,25,4,4,1
2026-03-13 04:30:00,1,3,5,15,4,4,1
2026-03-13 04:45:00,1,3,11,12,4,4,4
2026-03-13 05:00:00,4,3,7,12,5,4,1
2026-03-13 05:15:00,1,5,10,30,5,4,1
2026-03-13 05:30:00,1,5,4,35,5,4,1
2026-03-13 05:45:00,1,4,11,24,5,4,1
2026-03-13 06:00:00,1,2,15,14,6,4,4
2026-03-13 06:15:00,4,2,17,12,6,4,7
2026-03-13 06:30:00,7,5,6,25,6,4,1
2026-03-13 06:45:00,1,4,16,24,6,4,1
2026-03-13 07:00:00,1,3,12,21,7,4,1
2026-03-13 07:15:00,1,5,7,20,7,4,1
2026-03-13 07:30:00,1,3,5,21,7,4,1
2026-03-13 07:45:00,1,5,13,30,7,4,1
2026-03-13 08:00:00,1,5,7,35,8,4,1
2026-03-13 08:15:00,1,2,13,8,8,4,6
2026-03-13 08:30:00,6,5,9,20,8,4,1
2026-03-13 08:45:00,1,2,4,12,8,4,1
2026-03-13 09:00:00,1,2,29,12,9,4,13
2026-03-13 09:15:00,13,3,23,18,9,4,20
2026-03-13 09:30:00,20,4,23,20,9,4,24
2026-03-13 09:45:00,24,2,19,14,9,4,27
2026-03-13 10:00:00,27,4,20,24,10,4,20
2026-03-13 10:15:00,20,4,20,28,10,4,11
2026-03-13 10:30:00,11,3,15,21,10,4,3
2026-03-13 10:45:00,3,3,24,18,10,4,7
2026-03-13 11:00:00,7,2,18,8,11,4,18
2026-03-13 11:15:00,18,4,23,24,11,4,17
2026-03-13 11:30:00,17,4,24,28,11,4,14
2026-03-13 11:45:00,14,2,18,10,11,4,20
2026-03-13 12:00:00,20,4,17,28,12,4,10
2026-03-13 12:15:00,10,4,16,20,12,4,5
2026-03-13 12:30:00,5,4,18,24,12,4,1
2026-03-13 12:45:00,1,4,18,28,12,4,1
2026-03-13 13:00:00,1,3,19,15,13,4,3
2026-03-13 13:15:00,3,5,21,35,13,4,1
2026-03-13 13:30:00,1,2,16,8,13,4,6
2026-03-13 13:45:00,6,5,18,35,13,4,1
2026-03-13 14:00:00,1,4,21,20,14,4,4
2026-03-13 14:15:00,4,3,8,21,14,4,1
2026-03-13 14:30:00,1,4,14,16,14,4,1
2026-03-13 14:45:00,1,5,13,25,14,4,1
2026-03-13 15:00:00,1,2,16,8,15,4,9
2026-03-13 15:15:00,9,2,24,14,15,4,18
2026-03-13 15:30:00,18,3,7,15,15,4,10
2026-03-13 15:45:00,10,5,14,25,15,4,1
2026-03-13 16:00:00,1,2,19,14,16,4,5
2026-03-13 16:15:00,5,2,18,10,16,4,13
2026-03-13 16:30:00,13,2,20,8,16,4,23
2026-03-13 16:45:00,23,5,18,20,16,4,21
2026-03-13 17:00:00,21,4,16,24,17,4,12
2026-03-13 17:15:00,12,5,16,35,17,4,1
2026-03-13 17:30:00,1,5,20,25,17,4,1
2026-03-13 17:45:00,1,2,14,12,17,4,1
2026-03-13 18:00:00,1,4,17,28,18,4,1
2026-03-13 18:15:00,1,3,19,12,18,4,6
2026-03-13 18:30:00,6,2,15,12,18,4,9
2026-03-13 18:45:00,9,4,14,20,18,4,4
2026-03-13 19:00:00,4,5,23,35,19,4,1
2026-03-13 19:15:00,1,4,13,16,19,4,1
2026-03-13 19:30:00,1,2,17,14,19,4,2
2026-03-13 19:45:00,2,3,10,15,19,4,1
2026-03-13 20:00:00,1,2,15,10,20,4,4
2026-03-13 20:15:00,4,4,11,28,20,4,1
2026-03-13 20:30:00,1,2,6,10,20,4,1
2026-03-13 20:45:00,1,5,13,35,20,4,1
2026-03-13 21:00:00,1,5,13,30,21,4,1
2026-03-13 21:15:00,1,4,12,28,21,4,1
2026-03-13 21:30:00,1,5,8,30,21,4,1
2026-03-13 21:45:00,1,5,17,30,21,4,1
2026-03-13 22:00:00,1,2,12,8,22,4,4
2026-03-13 22:15:00,4,2,9,12,22,4,1
2026-03-13 22:30:00,1,4,12,28,22,4,1
2026-03-13 22:45:00,1,2,4,12,22,4,1
2026-03-13 23:00:00,1,4,13,24,23,4,1
2026-03-13 23:15:00,1,5,12,30,23,4,1
2026-03-13 23:30:00,1,4,11,28,23,4,1
2026-03-13 23:45:00,1,2,8,12,23,4,1
2026-03-14 00:00:00,1,4,4,28,0,5,1
2026-03-14 00:15:00,1,3,0,15,0,5,1
2026-03-14 00:30:00,1,3,8,21,0,5,1
2026-03-14 00:45:00,1,2,7,12,0,5,1
2026-03-14 01:00:00,1,3,10,12,1,5,2
2026-03-14 01:15:00,2,4,5,16,1,5,1
2026-03-14 01:30:00,1,5,8,35,1,5,1
2026-03-14 01:45:00,1,4,5,20,1,5,1
2026-03-14 02:00:00,1,3,8,18,2,5,1
2026-03-14 02:15:00,1,4,4,16,2,5,1
2026-03-14 02:30:00,1,3,5,21,2,5,1
2026-03-14 02:45:00,1,3,3,21,2,5,1
2026-03-14 03:00:00,1,3,10,18,3,5,1
2026-03-14 03:15:00,1,5,7,35,3,5,1
2026-03-14 03:30:00,1,2,3,10,3,5,1
2026-03-14 03:45:00,1,3,10,12,3,5,3
2026-03-14 04:00:00,3,4,5,20,4,5,1
2026-03-14 04:15:00,1,5,6,25,4,5,1
2026-03-14 04:30:00,1,2,8,8,4,5,1
2026-03-14 04:45:00,1,3,6,15,4,5,1
2026-03-14 05:00:00,1,5,9,25,5,5,1
2026-03-14 05:15:00,1,4,8,24,5,5,1
2026-03-14 05:30:00,1,2,3,10,5,5,1
2026-03-14 05:45:00,1,3,10,18,5,5,1
2026-03-14 06:00:00,1,3,4,12,6,5,1
2026-03-14 06:15:00,1,5,4,35,6,5,1
2026-03-14 06:30:00,1,4,8,16,6,5,1
2026-03-14 06:45:00,1,5,0,35,6,5,1
2026-03-14 07:00:00,1,5,2,30,7,5,1
2026-03-14 07:15:00,1,3,10,15,7,5,1
2026-03-14 07:30:00,1,2,7,14,7,5,1
2026-03-14 07:45:00,1,3,12,21,7,5,1
2026-03-14 08:00:00,1,4,10,16,8,5,1
2026-03-14 08:15:00,1,2,6,14,8,5,1
2026-03-14 08:30:00,1,3,5,21,8,5,1
2026-03-14 08:45:00,1,5,6,30,8,5,1
2026-03-14 09:00:00,1,3,10,12,9,5,1
2026-03-14 09:15:00,1,3,20,15,9,5,5
2026-03-14 09:30:00,5,5,21,30,9,5,1
2026-03-14 09:45:00,1,3,18,21,9,5,1
2026-03-14 10:00:00,1,2,13,10,10,5,3
2026-03-14 10:15:00,3,4,18,24,10,5,1
2026-03-14 10:30:00,1,2,18,8,10,5,11
2026-03-14 10:45:00,11,4,15,28,10,5,1
2026-03-14 11:00:00,1,2,21,8,11,5,17
2026-03-14 11:15:00,17,5,20,35,11,5,4
2026-03-14 11:30:00,4,4,11,28,11,5,1
2026-03-14 11:45:00,1,3,20,12,11,5,7
2026-03-14 12:00:00,7,2,16,12,12,5,10
2026-03-14 12:15:00,10,5,17,35,12,5,1
2026-03-14 12:30:00,1,3,15,15,12,5,1
2026-03-14 12:45:00,1,2,17,12,12,5,6
2026-03-14 13:00:00,6,4,10,24,13,5,1
2026-03-14 13:15:00,1,5,19,25,13,5,1
2026-03-14 13:30:00,1,2,16,10,13,5,10
2026-03-14 13:45:00,10,3,21,12,13,5,20
2026-03-14 14:00:00,20,5,13,25,14,5,4
2026-03-14 14:15:00,4,5,12,30,14,5,1
2026-03-14 14:30:00,1,3,11,21,14,5,1
2026-03-14 14:45:00,1,2,22,8,14,5,14
2026-03-14 15:00:00,14,3,18,15,15,5,17
2026-03-14 15:15:00,17,2,15,14,15,5,20
2026-03-14 15:30:00,20,5,18,30,15,5,7
2026-03-14 15:45:00,7,4,8,24,15,5,1
2026-03-14 16:00:00,1,3,8,18,16,5,1
2026-03-14 16:15:00,1,2,8,12,16,5,1
2026-03-14 16:30:00,1,3,7,12,16,5,1
2026-03-14 16:45:00,1,5,12,20,16,5,1
2026-03-14 17:00:00,1,2,12,12,17,5,1
2026-03-14 17:15:00,1,2,16,14,17,5,3
2026-03-14 17:30:00,3,5,8,25,17,5,1
2026-03-14 17:45:00,1,5,13,25,17,5,1
2026-03-14 18:00:00,1,2,8,14,18,5,1
2026-03-14 18:15:00,1,2,15,14,18,5,1
2026-03-14 18:30:00,1,3,23,21,18,5,4
2026-03-14 18:45:00,4,4,14,28,18,5,1
2026-03-14 19:00:00,1,2,21,14,19,5,7
2026-03-14 19:15:00,7,4,22,20,19,5,10
2026-03-14 19:30:00,10,3,8,15,19,5,1
2026-03-14 19:45:00,1,3,10,18,19,5,1
2026-03-14 20:00:00,1,4,5,16,20,5,1
2026-03-14 20:15:00,1,2,4,14,20,5,1
2026-03-14 20:30:00,1,2,4,8,20,5,1
2026-03-14 20:45:00,1,3,12,12,20,5,2
2026-03-14 21:00:00,2,2,7,14,21,5,1
2026-03-14 21:15:00,1,3,11,12,21,5,1
2026-03-14 21:30:00,1,3,8,15,21,5,1
2026-03-14 21:45:00,1,4,5,20,21,5,1
2026-03-14 22:00:00,1,2,2,8,22,5,1
2026-03-14 22:15:00,1,2,6,14,22,5,1
2026-03-14 22:30:00,1,5,9,25,22,5,1
2026-03-14 22:45:00,1,3,7,21,22,5,1
2026-03-14 23:00:00,1,2,6,14,23,5,1
2026-03-14 23:15:00,1,5,17,20,23,5,1
2026-03-14 23:30:00,1,2,12,8,23,5,5
2026-03-14 23:45:00,5,3,0,15,23,5,1
2026-03-15 00:00:00,1,3,8,18,0,6,1
2026-03-15 00:15:00,1,4,6,24,0,6,1
2026-03-15 00:30:00,1,4,7,16,0,6,1
2026-03-15 00:45:00,1,3,5,21,0,6,1
2026-03-15 01:00:00,1,4,12,16,1,6,1
2026-03-15 01:15:00,1,4,2,16,1,6,1
2026-03-15 01:30:00,1,2,12,12,1,6,1
2026-03-15 01:45:00,1,3,3,12,1,6,1
2026-03-15 02:00:00,1,4,6,28,2,6,1
2026-03-15 02:15:00,1,4,16,16,2,6,1
2026-03-15 02:30:00,1,5,6,20,2,6,1
2026-03-15 02:45:00,1,2,8,8,2,6,2
2026-03-15 03:00:00,2,5,0,25,3,6,1
2026-03-15 03:15:00,1,2,10,14,3,6,1
2026-03-15 03:30:00,1,3,7,15,3,6,1
2026-03-15 03:45:00,1,5,6,35,3,6,1
2026-03-15 04:00:00,1,2,3,14,4,6,1
2026-03-15 04:15:00,1,3,2,21,4,6,1
2026-03-15 04:30:00,1,2,6,14,4,6,1
2026-03-15 04:45:00,1,3,9,18,4,6,1
2026-03-15 05:00:00,1,3,6,15,5,6,1
2026-03-15 05:15:00,1,5,8,20,5,6,1
2026-03-15 05:30:00,1,2,3,14,5,6,1
2026-03-15 05:45:00,1,4,7,24,5,6,1
2026-03-15 06:00:00,1,4,8,24,6,6,1
2026-03-15 06:15:00,1,4,0,20,6,6,1
2026-03-15 06:30:00,1,4,9,16,6,6,1
2026-03-15 06:45:00,1,3,8,15,6,6,1
2026-03-15 07:00:00,1,5,5,35,7,6,1
2026-03-15 07:15:00,1,4,8,16,7,6,1
2026-03-15 07:30:00,1,2,0,8,7,6,1
2026-03-15 07:45:00,1,4,6,28,7,6,1
2026-03-15 08:00:00,1,5,5,25,8,6,1
2026-03-15 08:15:00,1,5,7,20,8,6,1
2026-03-15 08:30:00,1,2,9,10,8,6,1
2026-03-15 08:45:00,1,2,0,10,8,6,1
2026-03-15 09:00:00,1,2,16,8,9,6,11
2026-03-15 09:15:00,11,5,12,30,9,6,1
2026-03-15 09:30:00,1,2,22,12,9,6,12
2026-03-15 09:45:00,12,3,20,18,9,6,14
2026-03-15 10:00:00,14,2,20,10,10,6,28
2026-03-15 10:15:00,28,4,16,28,10,6,17
2026-03-15 10:30:00,17,5,12,35,10,6,1
2026-03-15 10:45:00,1,2,18,14,10,6,6
2026-03-15 11:00:00,6,4,16,28,11,6,1
2026-03-15 11:15:00,1,5,21,30,11,6,1
2026-03-15 11:30:00,1,2,16,14,11,6,7
2026-03-15 11:45:00,7,4,15,20,11,6,2
2026-03-15 12:00:00,2,3,8,12,12,6,1
2026-03-15 12:15:00,1,5,18,25,12,6,1
2026-03-15 12:30:00,1,3,17,15,12,6,4
2026-03-15 12:45:00,4,4,17,20,12,6,1
2026-03-15 13:00:00,1,4,22,28,13,6,1
2026-03-15 13:15:00,1,3,14,21,13,6,1
2026-03-15 13:30:00,1,3,18,21,13,6,1
2026-03-15 13:45:00,1,3,20,18,13,6,6
2026-03-15 14:00:00,6,3,22,18,14,6,14
2026-03-15 14:15:00,14,2,15,8,14,6,22
2026-03-15 14:30:00,22,4,11,16,14,6,18
2026-03-15 14:45:00,18,3,11,12,14,6,20
2026-03-15 15:00:00,20,5,11,20,15,6,10
2026-03-15 15:15:00,10,2,17,10,15,6,18
2026-03-15 15:30:00,18,4,10,16,15,6,10
2026-03-15 15:45:00,10,4,21,20,15,6,8
2026-03-15 16:00:00,8,3,22,18,16,6,11
2026-03-15 16:15:00,11,5,20,30,16,6,1
2026-03-15 16:30:00,1,3,17,15,16,6,1
2026-03-15 16:45:00,1,2,11,12,16,6,2
2026-03-15 17:00:00,2,2,9,10,17,6,1
2026-03-15 17:15:00,1,5,10,20,17,6,1
2026-03-15 17:30:00,1,2,14,8,17,6,8
2026-03-15 17:45:00,8,3,22,12,17,6,16
2026-03-15 18:00:00,16,4,10,20,18,6,6
2026-03-15 18:15:00,6,2,17,8,18,6,12
2026-03-15 18:30:00,12,5,14,30,18,6,1
2026-03-15 18:45:00,1,5,13,20,18,6,1
2026-03-15 19:00:00,1,2,11,10,19,6,1
2026-03-15 19:15:00,1,5,11,35,19,6,1
2026-03-15 19:30:00,1,2,13,10,19,6,4
2026-03-15 19:45:00,4,3,14,18,19,6,1
2026-03-15 20:00:00,1,2,3,12,20,6,1
2026-03-15 20:15:00,1,4,8,20,20,6,1
2026-03-15 20:30:00,1,5,11,35,20,6,1
2026-03-15 20:45:00,1,4,12,28,20,6,1
2026-03-15 21:00:00,1,3,4,15,21,6,1
2026-03-15 21:15:00,1,2,3,14,21,6,1
2026-03-15 21:30:00,1,3,3,21,21,6,1
2026-03-15 21:45:00,1,2,5,12,21,6,1
2026-03-15 22:00:00,1,5,6,20,22,6,1
2026-03-15 22:15:00,1,5,8,20,22,6,1
2026-03-15 22:30:00,1,3,8,18,22,6,1
2026-03-15 22:45:00,1,5,6,30,22,6,1
2026-03-15 23:00:00,1,4,7,24,23,6,1
2026-03-15 23:15:00,1,5,0,25,23,6,1
2026-03-15 23:30:00,1,4,8,20,23,6,1
2026-03-15 23:45:00,1,3,2,15,23,6,1
2026-03-16 00:00:00,1,3,1,12,0,0,1
2026-03-16 00:15:00,1,2,11,14,0,0,1
2026-03-16 00:30:00,1,5,6,25,0,0,1
2026-03-16 00:45:00,1,2,11,14,0,0,1
2026-03-16 01:00:00,1,2,6,14,1,0,1
2026-03-16 01:15:00,1,3,6,21,1,0,1
2026-03-16 01:30:00,1,4,3,28,1,0,1
2026-03-16 01:45:00,1,4,11,24,1,0,1
2026-03-16 02:00:00,1,2,12,8,2,0,5
2026-03-16 02:15:00,5,5,12,25,2,0,1
2026-03-16 02:30:00,1,4,10,16,2,0,1
2026-03-16 02:45:00,1,2,8,8,2,0,1
2026-03-16 03:00:00,1,4,9,16,3,0,1
2026-03-16 03:15:00,1,5,7,30,3,0,1
2026-03-16 03:30:00,1,2,15,12,3,0,5
2026-03-16 03:45:00,5,4,6,28,3,0,1
2026-03-16 04:00:00,1,2,0,12,4,0,1
2026-03-16 04:15:00,1,4,12,24,4,0,1
2026-03-16 04:30:00,1,4,14,24,4,0,1
2026-03-16 04:45:00,1,4,7,24,4,0,1
2026-03-16 05:00:00,1,4,4,20,5,0,1
2026-03-16 05:15:00,1,3,13,21,5,0,1
2026-03-16 05:30:00,1,4,12,24,5,0,1
2026-03-16 05:45:00,1,3,1,18,5,0,1
2026-03-16 06:00:00,1,4,17,24,6,0,1
2026-03-16 06:15:00,1,4,11,24,6,0,1
2026-03-16 06:30:00,1,4,12,16,6,0,1
2026-03-16 06:45:00,1,5,7,25,6,0,1
2026-03-16 07:00:00,1,4,10,24,7,0,1
2026-03-16 07:15:00,1,5,7,20,7,0,1
2026-03-16 07:30:00,1,2,1,12,7,0,1
2026-03-16 07:45:00,1,3,16,21,7,0,1
2026-03-16 08:00:00,1,3,6,21,8,0,1
2026-03-16 08:15:00,1,4,8,24,8,0,1
2026-03-16 08:30:00,1,5,5,25,8,0,1
2026-03-16 08:45:00,1,5,9,25,8,0,1
2026-03-16 09:00:00,1,5,21,35,9,0,1
2026-03-16 09:15:00,1,3,16,21,9,0,1
2026-03-16 09:30:00,1,3,28,15,9,0,12
2026-03-16 09:45:00,12,4,26,16,9,0,21
2026-03-16 10:00:00,21,2,15,14,10,0,22
2026-03-16 10:15:00,22,2,21,14,10,0,30
2026-03-16 10:30:00,30,3,25,21,10,0,30
2026-03-16 10:45:00,30,2,20,8,10,0,41
2026-03-16 11:00:00,41,4,17,16,11,0,43
2026-03-16 11:15:00,43,2,17,10,11,0,47
2026-03-16 11:30:00,47,2,12,10,11,0,48
2026-03-16 11:45:00,48,2,22,10,11,0,59
2026-03-16 12:00:00,59,5,23,30,12,0,53
2026-03-16 12:15:00,53,4,17,24,12,0,49
2026-03-16 12:30:00,49,2,22,8,12,0,61
2026-03-16 12:45:00,61,5,19,20,12,0,57
2026-03-16 13:00:00,57,3,20,15,13,0,62
2026-03-16 13:15:00,62,2,24,8,13,0,78
2026-03-16 13:30:00,78,2,18,10,13,0,83
2026-03-16 13:45:00,83,5,15,35,13,0,59
2026-03-16 14:00:00,59,5,17,25,14,0,50
2026-03-16 14:15:00,50,4,13,20,14,0,44
2026-03-16 14:30:00,44,4,6,24,14,0,28
2026-03-16 14:45:00,28,5,16,20,14,0,27
2026-03-16 15:00:00,27,2,17,12,15,0,33
2026-03-16 15:15:00,33,5,26,30,15,0,29
2026-03-16 15:30:00,29,2,20,14,15,0,37
2026-03-16 15:45:00,37,5,20,35,15,0,21
2026-03-16 16:00:00,21,4,11,28,16,0,5
2026-03-16 16:15:00,5,4,16,28,16,0,1
2026-03-16 16:30:00,1,4,24,24,16,0,2
2026-03-16 16:45:00,2,3,11,15,16,0,1
2026-03-16 17:00:00,1,2,8,10,17,0,1
2026-03-16 17:15:00,1,4,19,28,17,0,1
2026-03-16 17:30:00,1,2,16,12,17,0,4
2026-03-16 17:45:00,4,3,10,15,17,0,1
2026-03-16 18:00:00,1,5,11,35,18,0,1
2026-03-16 18:15:00,1,2,19,8,18,0,14
2026-03-16 18:30:00,14,2,29,14,18,0,29
2026-03-16 18:45:00,29,5,19,30,18,0,20
2026-03-16 19:00:00,20,2,13,8,19,0,24
2026-03-16 19:15:00,24,3,15,12,19,0,27
2026-03-16 19:30:00,27,5,13,20,19,0,19
2026-03-16 19:45:00,19,4,13,20,19,0,14
2026-03-16 20:00:00,14,4,11,20,20,0,7
2026-03-16 20:15:00,7,3,8,18,20,0,1
2026-03-16 20:30:00,1,2,9,14,20,0,1
2026-03-16 20:45:00,1,5,0,25,20,0,1
2026-03-16 21:00:00,1,5,15,25,21,0,1
2026-03-16 21:15:00,1,4,7,16,21,0,1
2026-03-16 21:30:00,1,3,10,21,21,0,1
2026-03-16 21:45:00,1,4,6,20,21,0,1
2026-03-16 22:00:00,1,4,9,28,22,0,1
2026-03-16 22:15:00,1,2,13,8,22,0,6
2026-03-16 22:30:00,6,5,9,20,22,0,1
2026-03-16 22:45:00,1,4,15,16,22,0,3
2026-03-16 23:00:00,3,4,12,20,23,0,1
2026-03-16 23:15:00,1,5,14,30,23,0,1
2026-03-16 23:30:00,1,3,5,15,23,0,1
2026-03-16 23:45:00,1,2,5,14,23,0,1
2026-03-17 00:00:00,1,4,15,16,0,1,1
2026-03-17 00:15:00,1,3,3,12,0,1,1
2026-03-17 00:30:00,1,4,7,28,0,1,1
2026-03-17 00:45:00,1,4,14,28,0,1,1
2026-03-17 01:00:00,1,2,9,12,1,1,1
2026-03-17 01:15:00,1,5,14,35,1,1,1
2026-03-17 01:30:00,1,2,8,14,1,1,1
2026-03-17 01:45:00,1,5,9,30,1,1,1
2026-03-17 02:00:00,1,3,8,18,2,1,1
2026-03-17 02:15:00,1,4,8,16,2,1,1
2026-03-17 02:30:00,1,3,12,12,2,1,1
2026-03-17 02:45:00,1,4,5,28,2,1,1
2026-03-17 03:00:00,1,3,6,15,3,1,1
2026-03-17 03:15:00,1,2,5,8,3,1,1
2026-03-17 03:30:00,1,5,6,20,3,1,1
2026-03-17 03:45:00,1,5,14,35,3,1,1
2026-03-17 04:00:00,1,3,2,15,4,1,1
2026-03-17 04:15:00,1,5,5,30,4,1,1
2026-03-17 04:30:00,1,3,3,15,4,1,1
2026-03-17 04:45:00,1,2,12,12,4,1,1
2026-03-17 05:00:00,1,3,9,18,5,1,1
2026-03-17 05:15:00,1,4,11,24,5,1,1
2026-03-17 05:30:00,1,4,14,20,5,1,1
2026-03-17 05:45:00,1,5,0,25,5,1,1
2026-03-17 06:00:00,1,4,4,24,6,1,1
2026-03-17 06:15:00,1,3,4,18,6,1,1
2026-03-17 06:30:00,1,5,7,30,6,1,1
2026-03-17 06:45:00,1,5,8,25,6,1,1
2026-03-17 07:00:00,1,2,13,12,7,1,1
2026-03-17 07:15:00,1,5,6,20,7,1,1
2026-03-17 07:30:00,1,2,4,8,7,1,1
2026-03-17 07:45:00,1,5,8,30,7,1,1
2026-03-17 08:00:00,1,5,11,30,8,1,1
2026-03-17 08:15:00,1,3,13,18,8,1,1
2026-03-17 08:30:00,1,2,13,8,8,1,6
2026-03-17 08:45:00,6,5,13,20,8,1,1
2026-03-17 09:00:00,1,3,21,15,9,1,8
2026-03-17 09:15:00,8,4,22,20,9,1,8
2026-03-17 09:30:00,8,4,22,20,9,1,11
2026-03-17 09:45:00,11,4,22,24,9,1,8
2026-03-17 10:00:00,8,2,17,8,10,1,12
2026-03-17 10:15:00,12,5,18,25,10,1,4
2026-03-17 10:30:00,4,2,14,14,10,1,1
2026-03-17 10:45:00,1,5,20,30,10,1,1
2026-03-17 11:00:00,1,2,19,14,11,1,8
2026-03-17 11:15:00,8,2,26,8,11,1,24
2026-03-17 11:30:00,24,2,19,10,11,1,30
2026-03-17 11:45:00,30,4,22,24,11,1,27
2026-03-17 12:00:00,27,5,26,30,12,1,20
2026-03-17 12:15:00,20,4,26,24,12,1,20
2026-03-17 12:30:00,20,5,23,20,12,1,21
2026-03-17 12:45:00,21,5,34,35,12,1,19
2026-03-17 13:00:00,19,3,7,21,13,1,5
2026-03-17 13:15:00,5,5,19,35,13,1,1
2026-03-17 13:30:00,1,2,20,10,13,1,11
2026-03-17 13:45:00,11,2,20,8,13,1,22
2026-03-17 14:00:00,22,5,14,25,14,1,11
2026-03-17 14:15:00,11,3,11,18,14,1,4
2026-03-17 14:30:00,4,4,20,24,14,1,4
2026-03-17 14:45:00,4,2,14,12,14,1,8
2026-03-17 15:00:00,8,2,26,14,15,1,19
2026-03-17 15:15:00,19,3,16,15,15,1,17
2026-03-17 15:30:00,17,3,16,18,15,1,18
2026-03-17 15:45:00,18,2,21,8,15,1,30
2026-03-17 16:00:00,30,3,24,21,16,1,33
2026-03-17 16:15:00,33,2,13,10,16,1,34
2026-03-17 16:30:00,34,2,24,8,16,1,50
2026-03-17 16:45:00,50,5,23,35,16,1,33
2026-03-17 17:00:00,33,4,12,16,17,1,28
2026-03-17 17:15:00,28,3,16,21,17,1,25
2026-03-17 17:30:00,25,3,14,18,17,1,17
2026-03-17 17:45:00,17,3,17,15,17,1,20
2026-03-17 18:00:00,20,3,12,12,18,1,22
2026-03-17 18:15:00,22,4,21,24,18,1,22
2026-03-17 18:30:00,22,5,12,20,18,1,14
2026-03-17 18:45:00,14,4,9,16,18,1,9
2026-03-17 19:00:00,9,4,14,16,19,1,4
2026-03-17 19:15:00,4,5,16,30,19,1,1
2026-03-17 19:30:00,1,2,18,14,19,1,4
2026-03-17 19:45:00,4,3,13,15,19,1,1
2026-03-17 20:00:00,1,4,5,16,20,1,1
2026-03-17 20:15:00,1,5,8,35,20,1,1
2026-03-17 20:30:00,1,3,4,15,20,1,1
2026-03-17 20:45:00,1,3,9,12,20,1,1
2026-03-17 21:00:00,1,4,12,28,21,1,1
2026-03-17 21:15:00,1,3,10,12,21,1,1
2026-03-17 21:30:00,1,2,4,8,21,1,1
2026-03-17 21:45:00,1,2,5,8,21,1,1
2026-03-17 22:00:00,1,5,8,20,22,1,1
2026-03-17 22:15:00,1,3,11,21,22,1,1
2026-03-17 22:30:00,1,5,3,30,22,1,1
2026-03-17 22:45:00,1,5,10,20,22,1,1
2026-03-17 23:00:00,1,4,10,24,23,1,1
2026-03-17 23:15:00,1,5,15,20,23,1,1
2026-03-17 23:30:00,1,5,6,20,23,1,1
2026-03-17 23:45:00,1,2,5,12,23,1,1
2026-03-18 00:00:00,1,5,10,30,0,2,1
2026-03-18 00:15:00,1,3,8,12,0,2,1
2026-03-18 00:30:00,1,5,9,25,0,2,1
2026-03-18 00:45:00,1,3,8,21,0,2,1
2026-03-18 01:00:00,1,4,5,16,1,2,1
2026-03-18 01:15:00,1,5,9,20,1,2,1
2026-03-18 01:30:00,1,5,11,30,1,2,1
2026-03-18 01:45:00,1,3,4,12,1,2,1
2026-03-18 02:00:00,1,2,4,12,2,2,1
2026-03-18 02:15:00,1,5,4,30,2,2,1
2026-03-18 02:30:00,1,5,7,20,2,2,1
2026-03-18 02:45:00,1,2,13,14,2,2,1
2026-03-18 03:00:00,1,4,0,16,3,2,1
2026-03-18 03:15:00,1,4,8,20,3,2,1
2026-03-18 03:30:00,1,5,9,20,3,2,1
2026-03-18 03:45:00,1,3,9,21,3,2,1
2026-03-18 04:00:00,1,4,4,20,4,2,1
2026-03-18 04:15:00,1,3,7,21,4,2,1
2026-03-18 04:30:00,1,4,7,20,4,2,1
2026-03-18 04:45:00,1,3,10,18,4,2,1
2026-03-18 05:00:00,1,2,5,8,5,2,1
2026-03-18 05:15:00,1,2,7,10,5,2,1
2026-03-18 05:30:00,1,5,4,35,5,2,1
2026-03-18 05:45:00,1,5,7,20,5,2,1
2026-03-18 06:00:00,1,5,15,35,6,2,1
2026-03-18 06:15:00,1,2,2,12,6,2,1
2026-03-18 06:30:00,1,5,8,20,6,2,1
2026-03-18 06:45:00,1,3,6,12,6,2,1
2026-03-18 07:00:00,1,2,8,12,7,2,1
2026-03-18 07:15:00,1,2,6,10,7,2,1
2026-03-18 07:30:00,1,2,10,14,7,2,1
2026-03-18 07:45:00,1,5,11,20,7,2,1
2026-03-18 08:00:00,1,3,9,12,8,2,1
2026-03-18 08:15:00,1,4,10,20,8,2,1
2026-03-18 08:30:00,1,2,10,12,8,2,1
2026-03-18 08:45:00,1,4,10,28,8,2,1
2026-03-18 09:00:00,1,4,20,28,9,2,1
2026-03-18 09:15:00,1,2,21,12,9,2,13
2026-03-18 09:30:00,13,2,29,12,9,2,29
2026-03-18 09:45:00,29,3,20,18,9,2,32
2026-03-18 10:00:00,32,3,24,21,10,2,34
2026-03-18 10:15:00,34,3,23,18,10,2,34
2026-03-18 10:30:00,34,3,27,12,10,2,50
2026-03-18 10:45:00,50,5,20,30,10,2,41
2026-03-18 11:00:00,41,4,20,16,11,2,42
2026-03-18 11:15:00,42,5,24,30,11,2,33
2026-03-18 11:30:00,33,2,12,12,11,2,35
2026-03-18 11:45:00,35,4,21,28,11,2,26
2026-03-18 12:00:00,26,5,16,20,12,2,18
2026-03-18 12:15:00,18,4,19,24,12,2,12
2026-03-18 12:30:00,12,2,25,12,12,2,28
2026-03-18 12:45:00,28,4,20,24,12,2,22
2026-03-18 13:00:00,22,3,20,15,13,2,27
2026-03-18 13:15:00,27,2,17,8,13,2,35
2026-03-18 13:30:00,35,2,19,10,13,2,40
2026-03-18 13:45:00,40,4,12,24,13,2,27
2026-03-18 14:00:00,27,2,16,10,14,2,32
2026-03-18 14:15:00,32,3,28,21,14,2,41
2026-03-18 14:30:00,41,4,16,28,14,2,32
2026-03-18 14:45:00,32,4,19,16,14,2,34
2026-03-18 15:00:00,34,4,10,28,15,2,14
2026-03-18 15:15:00,14,5,16,25,15,2,3
2026-03-18 15:30:00,3,3,23,15,15,2,10
2026-03-18 15:45:00,10,2,19,12,15,2,14
2026-03-18 16:00:00,14,4,23,24,16,2,16
2026-03-18 16:15:00,16,2,18,12,16,2,21
2026-03-18 16:30:00,21,2,11,10,16,2,22
2026-03-18 16:45:00,22,2,26,10,16,2,37
2026-03-18 17:00:00,37,3,16,18,17,2,36
2026-03-18 17:15:00,36,2,16,12,17,2,42
2026-03-18 17:30:00,42,5,14,30,17,2,26
2026-03-18 17:45:00,26,2,21,14,17,2,33
2026-03-18 18:00:00,33,5,12,20,18,2,29
2026-03-18 18:15:00,29,2,13,14,18,2,28
2026-03-18 18:30:00,28,2,13,12,18,2,31
2026-03-18 18:45:00,31,5,10,25,18,2,13
2026-03-18 19:00:00,13,5,22,25,19,2,9
2026-03-18 19:15:00,9,4,21,20,19,2,7
2026-03-18 19:30:00,7,5,12,20,19,2,1
2026-03-18 19:45:00,1,2,19,12,19,2,10
2026-03-18 20:00:00,10,3,10,18,20,2,4
2026-03-18 20:15:00,4,4,7,28,20,2,1
2026-03-18 20:30:00,1,4,8,16,20,2,1
2026-03-18 20:45:00,1,5,6,30,20,2,1
2026-03-18 21:00:00,1,3,9,12,21,2,1
2026-03-18 21:15:00,1,4,9,28,21,2,1
2026-03-18 21:30:00,1,4,0,16,21,2,1
2026-03-18 21:45:00,1,3,7,21,21,2,1
2026-03-18 22:00:00,1,4,2,24,22,2,1
2026-03-18 22:15:00,1,5,4,30,22,2,1
2026-03-18 22:30:00,1,2,5,8,22,2,1
2026-03-18 22:45:00,1,5,15,20,22,2,1
2026-03-18 23:00:00,1,5,6,25,23,2,1
2026-03-18 23:15:00,1,3,6,15,23,2,1
2026-03-18 23:30:00,1,5,11,20,23,2,1
2026-03-18 23:45:00,1,2,3,14,23,2,1
2026-03-19 00:00:00,1,2,6,8,0,3,1
2026-03-19 00:15:00,1,3,11,21,0,3,1
2026-03-19 00:30:00,1,4,5,28,0,3,1
2026-03-19 00:45:00,1,3,0,18,0,3,1
2026-03-19 01:00:00,1,3,12,21,1,3,1
2026-03-19 01:15:00,1,5,9,20,1,3,1
2026-03-19 01:30:00,1,4,2,20,1,3,1
2026-03-19 01:45:00,1,2,7,10,1,3,1
2026-03-19 02:00:00,1,4,4,24,2,3,1
2026-03-19 02:15:00,1,2,1,12,2,3,1
2026-03-19 02:30:00,1,2,6,8,2,3,1
2026-03-19 02:45:00,1,3,2,21,2,3,1
2026-03-19 03:00:00,1,2,14,8,3,3,7
2026-03-19 03:15:00,7,2,11,10,3,3,5
2026-03-19 03:30:00,5,5,11,30,3,3,1
2026-03-19 03:45:00,1,3,6,12,3,3,1
2026-03-19 04:00:00,1,4,14,20,4,3,1
2026-03-19 04:15:00,1,4,11,16,4,3,1
2026-03-19 04:30:00,1,3,3,21,4,3,1
2026-03-19 04:45:00,1,2,15,14,4,3,2
2026-03-19 05:00:00,2,4,12,28,5,3,1
2026-03-19 05:15:00,1,3,6,18,5,3,1
2026-03-19 05:30:00,1,3,8,21,5,3,1
2026-03-19 05:45:00,1,3,7,18,5,3,1
2026-03-19 06:00:00,1,3,11,18,6,3,1
2026-03-19 06:15:00,1,4,10,16,6,3,1
2026-03-19 06:30:00,1,4,6,24,6,3,1
2026-03-19 06:45:00,1,2,7,12,6,3,1
2026-03-19 07:00:00,1,5,4,30,7,3,1
2026-03-19 07:15:00,1,4,18,24,7,3,1
2026-03-19 07:30:00,1,5,0,20,7,3,1
2026-03-19 07:45:00,1,2,14,12,7,3,1
2026-03-19 08:00:00,1,3,14,18,8,3,1
2026-03-19 08:15:00,1,4,13,24,8,3,1
2026-03-19 08:30:00,1,3,5,15,8,3,1
2026-03-19 08:45:00,1,3,7,15,8,3,1
2026-03-19 09:00:00,1,2,17,10,9,3,6
2026-03-19 09:15:00,6,4,25,20,9,3,11
2026-03-19 09:30:00,11,2,22,12,9,3,20
2026-03-19 09:45:00,20,5,10,30,9,3,1
2026-03-19 10:00:00,1,2,22,12,10,3,12
2026-03-19 10:15:00,12,5,30,20,10,3,23
2026-03-19 10:30:00,23,4,25,16,10,3,30
2026-03-19 10:45:00,30,2,20,8,10,3,41
2026-03-19 11:00:00,41,3,15,18,11,3,37
2026-03-19 11:15:00,37,5,22,20,11,3,37
2026-03-19 11:30:00,37,5,19,25,11,3,29
2026-03-19 11:45:00,29,5,18,20,11,3,31
2026-03-19 12:00:00,31,5,20,20,12,3,31
2026-03-19 12:15:00,31,5,18,35,12,3,13
2026-03-19 12:30:00,13,3,18,18,12,3,9
2026-03-19 12:45:00,9,5,15,25,12,3,1
2026-03-19 13:00:00,1,4,14,24,13,3,1
2026-03-19 13:15:00,1,5,17,35,13,3,1
2026-03-19 13:30:00,1,3,16,12,13,3,4
2026-03-19 13:45:00,4,2,13,10,13,3,2
2026-03-19 14:00:00,2,3,8,15,14,3,1
2026-03-19 14:15:00,1,5,22,35,14,3,1
2026-03-19 14:30:00,1,3,14,15,14,3,1
2026-03-19 14:45:00,1,4,17,28,14,3,1
2026-03-19 15:00:00,1,2,18,8,15,3,5
2026-03-19 15:15:00,5,2,18,10,15,3,11
2026-03-19 15:30:00,11,5,22,25,15,3,5
2026-03-19 15:45:00,5,3,11,21,15,3,1
2026-03-19 16:00:00,1,3,19,15,16,3,3
2026-03-19 16:15:00,3,5,22,30,16,3,1
2026-03-19 16:30:00,1,4,18,16,16,3,1
2026-03-19 16:45:00,1,3,16,15,16,3,1
2026-03-19 17:00:00,1,4,18,24,17,3,1
2026-03-19 17:15:00,1,3,14,21,17,3,1
2026-03-19 17:30:00,1,4,12,20,17,3,1
2026-03-19 17:45:00,1,2,16,10,17,3,7
2026-03-19 18:00:00,7,2,3,8,18,3,4
2026-03-19 18:15:00,4,3,17,21,18,3,1
2026-03-19 18:30:00,1,5,13,30,18,3,1
2026-03-19 18:45:00,1,5,15,30,18,3,1
2026-03-19 19:00:00,1,2,16,8,19,3,10
2026-03-19 19:15:00,10,4,11,16,19,3,6
2026-03-19 19:30:00,6,3,18,18,19,3,6
2026-03-19 19:45:00,6,5,17,20,19,3,4
2026-03-19 20:00:00,4,3,16,18,20,3,2
2026-03-19 20:15:00,2,3,10,18,20,3,1
2026-03-19 20:30:00,1,3,7,15,20,3,1
2026-03-19 20:45:00,1,2,15,10,20,3,5
2026-03-19 21:00:00,5,4,7,20,21,3,1
2026-03-19 21:15:00,1,3,13,21,21,3,1
2026-03-19 21:30:00,1,4,8,16,21,3,1
2026-03-19 21:45:00,1,5,8,35,21,3,1
2026-03-19 22:00:00,1,3,8,21,22,3,1
2026-03-19 22:15:00,1,5,11,30,22,3,1
2026-03-19 22:30:00,1,5,4,35,22,3,1
2026-03-19 22:45:00,1,4,14,20,22,3,1
2026-03-19 23:00:00,1,4,19,28,23,3,1
2026-03-19 23:15:00,1,4,16,16,23,3,1
2026-03-19 23:30:00,1,5,10,25,23,3,1
2026-03-19 23:45:00,1,4,11,16,23,3,1
2026-03-20 00:00:00,1,4,3,28,0,4,1
2026-03-20 00:15:00,1,2,10,8,0,4,1
2026-03-20 00:30:00,1,2,9,12,0,4,1
2026-03-20 00:45:00,1,3,10,15,0,4,1
2026-03-20 01:00:00,1,5,7,30,1,4,1
2026-03-20 01:15:00,1,4,6,20,1,4,1
2026-03-20 01:30:00,1,3,7,12,1,4,1
2026-03-20 01:45:00,1,2,10,12,1,4,1
2026-03-20 02:00:00,1,5,13,30,2,4,1
2026-03-20 02:15:00,1,2,10,10,2,4,1
2026-03-20 02:30:00,1,5,5,25,2,4,1
2026-03-20 02:45:00,1,3,8,12,2,4,1
2026-03-20 03:00:00,1,4,7,16,3,4,1
2026-03-20 03:15:00,1,3,5,15,3,4,1
2026-03-20 03:30:00,1,3,12,18,3,4,1
2026-03-20 03:45:00,1,4,6,24,3,4,1
2026-03-20 04:00:00,1,2,7,10,4,4,1
2026-03-20 04:15:00,1,3,2,15,4,4,1
2026-03-20 04:30:00,1,3,4,15,4,4,1
2026-03-20 04:45:00,1,3,2,21,4,4,1
2026-03-20 05:00:00,1,4,16,24,5,4,1
2026-03-20 05:15:00,1,4,9,28,5,4,1
2026-03-20 05:30:00,1,3,11,15,5,4,1
2026-03-20 05:45:00,1,3,0,15,5,4,1
2026-03-20 06:00:00,1,5,6,30,6,4,1
2026-03-20 06:15:00,1,5,0,35,6,4,1
2026-03-20 06:30:00,1,3,10,21,6,4,1
2026-03-20 06:45:00,1,3,18,15,6,4,1
2026-03-20 07:00:00,1,2,15,8,7,4,10
2026-03-20 07:15:00,10,3,3,15,7,4,1
2026-03-20 07:30:00,1,5,15,20,7,4,1
2026-03-20 07:45:00,1,2,7,8,7,4,2
2026-03-20 08:00:00,2,4,6,28,8,4,1
2026-03-20 08:15:00,1,5,0,20,8,4,1
2026-03-20 08:30:00,1,4,4,24,8,4,1
2026-03-20 08:45:00,1,5,11,20,8,4,1
2026-03-20 09:00:00,1,2,14,12,9,4,7
2026-03-20 09:15:00,7,4,19,16,9,4,11
2026-03-20 09:30:00,11,4,19,20,9,4,7
2026-03-20 09:45:00,7,5,15,20,9,4,4
2026-03-20 10:00:00,4,2,21,8,10,4,18
2026-03-20 10:15:00,18,2,25,12,10,4,35
2026-03-20 10:30:00,35,4,17,24,10,4,24
2026-03-20 10:45:00,24,4,28,28,10,4,24
2026-03-20 11:00:00,24,2,16,14,11,4,26
2026-03-20 11:15:00,26,3,17,15,11,4,28
2026-03-20 11:30:00,28,5,24,35,11,4,19
2026-03-20 11:45:00,19,3,16,21,11,4,14
2026-03-20 12:00:00,14,2,17,10,12,4,20
2026-03-20 12:15:00,20,3,22,15,12,4,25
2026-03-20 12:30:00,25,3,20,12,12,4,33
2026-03-20 12:45:00,33,3,18,15,12,4,35
2026-03-20 13:00:00,35,3,12,21,13,4,26
2026-03-20 13:15:00,26,3,18,15,13,4,28
2026-03-20 13:30:00,28,2,21,12,13,4,35
2026-03-20 13:45:00,35,4,21,16,13,4,40
2026-03-20 14:00:00,40,2,24,12,14,4,49
2026-03-20 14:15:00,49,2,13,10,14,4,51
2026-03-20 14:30:00,51,3,20,15,14,4,57
2026-03-20 14:45:00,57,2,16,14,14,4,60
2026-03-20 15:00:00,60,5,10,25,15,4,44
2026-03-20 15:15:00,44,4,13,20,15,4,38
2026-03-20 15:30:00,38,2,20,8,15,4,52
2026-03-20 15:45:00,52,4,22,20,15,4,55
2026-03-20 16:00:00,55,2,20,8,16,4,67
2026-03-20 16:15:00,67,5,18,25,16,4,58
2026-03-20 16:30:00,58,2,13,8,16,4,62
2026-03-20 16:45:00,62,2,24,10,16,4,78
2026-03-20 17:00:00,78,4,20,24,17,4,76
2026-03-20 17:15:00,76,3,17,21,17,4,69
2026-03-20 17:30:00,69,5,20,20,17,4,71
2026-03-20 17:45:00,71,4,18,24,17,4,69
2026-03-20 18:00:00,69,3,18,15,18,4,71
2026-03-20 18:15:00,71,2,13,12,18,4,72
2026-03-20 18:30:00,72,2,10,8,18,4,72
2026-03-20 18:45:00,72,5,12,25,18,4,57
2026-03-20 19:00:00,57,3,18,15,19,4,56
2026-03-20 19:15:00,56,5,19,30,19,4,44
2026-03-20 19:30:00,44,2,15,12,19,4,47
2026-03-20 19:45:00,47,3,18,18,19,4,51
2026-03-20 20:00:00,51,3,5,12,20,4,44
2026-03-20 20:15:00,44,5,11,30,20,4,26
2026-03-20 20:30:00,26,5,5,30,20,4,1
2026-03-20 20:45:00,1,2,7,12,20,4,1
2026-03-20 21:00:00,1,5,12,25,21,4,1
2026-03-20 21:15:00,1,4,9,28,21,4,1
2026-03-20 21:30:00,1,3,9,21,21,4,1
2026-03-20 21:45:00,1,4,8,16,21,4,1
2026-03-20 22:00:00,1,5,6,35,22,4,1
2026-03-20 22:15:00,1,4,6,24,22,4,1
2026-03-20 22:30:00,1,4,6,28,22,4,1
2026-03-20 22:45:00,1,5,11,35,22,4,1
2026-03-20 23:00:00,1,3,11,12,23,4,1
2026-03-20 23:15:00,1,2,7,8,23,4,3
2026-03-20 23:30:00,3,5,9,35,23,4,1
2026-03-20 23:45:00,1,3,2,21,23,4,1
2026-03-21 00:00:00,1,2,3,14,0,5,1
2026-03-21 00:15:00,1,3,7,15,0,5,1
2026-03-21 00:30:00,1,5,11,35,0,5,1
2026-03-21 00:45:00,1,4,5,20,0,5,1
2026-03-21 01:00:00,1,3,6,12,1,5,1
2026-03-21 01:15:00,1,2,7,14,1,5,1
2026-03-21 01:30:00,1,3,8,18,1,5,1
2026-03-21 01:45:00,1,2,3,10,1,5,1
2026-03-21 02:00:00,1,4,10,28,2,5,1
2026-03-21 02:15:00,1,2,6,10,2,5,1
2026-03-21 02:30:00,1,3,6,15,2,5,1
2026-03-21 02:45:00,1,5,2,20,2,5,1
2026-03-21 03:00:00,1,2,15,14,3,5,1
2026-03-21 03:15:00,1,2,12,10,3,5,1
2026-03-21 03:30:00,1,2,12,12,3,5,1
2026-03-21 03:45:00,1,2,10,8,3,5,3
2026-03-21 04:00:00,3,4,12,16,4,5,1
2026-03-21 04:15:00,1,3,0,12,4,5,1
2026-03-21 04:30:00,1,2,2,10,4,5,1
2026-03-21 04:45:00,1,4,10,28,4,5,1
2026-03-21 05:00:00,1,3,5,21,5,5,1
2026-03-21 05:15:00,1,4,6,28,5,5,1
2026-03-21 05:30:00,1,2,3,8,5,5,1
2026-03-21 05:45:00,1,2,1,14,5,5,1
2026-03-21 06:00:00,1,3,13,15,6,5,1
2026-03-21 06:15:00,1,4,0,16,6,5,1
2026-03-21 06:30:00,1,4,5,20,6,5,1
2026-03-21 06:45:00,1,4,11,24,6,5,1
2026-03-21 07:00:00,1,4,14,16,7,5,1
2026-03-21 07:15:00,1,4,12,28,7,5,1
2026-03-21 07:30:00,1,5,14,30,7,5,1
2026-03-21 07:45:00,1,4,4,16,7,5,1
2026-03-21 08:00:00,1,2,4,14,8,5,1
2026-03-21 08:15:00,1,3,7,18,8,5,1
2026-03-21 08:30:00,1,3,6,18,8,5,1
2026-03-21 08:45:00,1,4,9,16,8,5,1
2026-03-21 09:00:00,1,4,17,20,9,5,1
2026-03-21 09:15:00,1,3,19,21,9,5,1
2026-03-21 09:30:00,1,4,26,24,9,5,3
2026-03-21 09:45:00,3,4,20,28,9,5,1
2026-03-21 10:00:00,1,5,17,25,10,5,1
2026-03-21 10:15:00,1,4,16,16,10,5,3
2026-03-21 10:30:00,3,3,22,15,10,5,8
2026-03-21 10:45:00,8,3,28,15,10,5,19
2026-03-21 11:00:00,19,2,18,8,11,5,30
2026-03-21 11:15:00,30,2,22,8,11,5,44
2026-03-21 11:30:00,44,2,22,10,11,5,58
2026-03-21 11:45:00,58,4,21,16,11,5,58
2026-03-21 12:00:00,58,4,9,16,12,5,46
2026-03-21 12:15:00,46,2,19,12,12,5,53
2026-03-21 12:30:00,53,3,18,21,12,5,51
2026-03-21 12:45:00,51,2,10,12,12,5,51
2026-03-21 13:00:00,51,3,19,15,13,5,55
2026-03-21 13:15:00,55,5,13,30,13,5,35
2026-03-21 13:30:00,35,4,10,28,13,5,15
2026-03-21 13:45:00,15,3,4,21,13,5,1
2026-03-21 14:00:00,1,2,15,12,14,5,1
2026-03-21 14:15:00,1,4,15,16,14,5,1
2026-03-21 14:30:00,1,4,14,28,14,5,1
2026-03-21 14:45:00,1,4,12,16,14,5,1
2026-03-21 15:00:00,1,2,15,14,15,5,1
2026-03-21 15:15:00,1,2,14,10,15,5,6
2026-03-21 15:30:00,6,5,11,30,15,5,1
2026-03-21 15:45:00,1,3,16,15,15,5,1
2026-03-21 16:00:00,1,3,13,18,16,5,1
2026-03-21 16:15:00,1,3,11,18,16,5,1
2026-03-21 16:30:00,1,3,15,18,16,5,1
2026-03-21 16:45:00,1,2,17,8,16,5,10
2026-03-21 17:00:00,10,2,18,10,17,5,19
2026-03-21 17:15:00,19,3,11,18,17,5,11
2026-03-21 17:30:00,11,3,13,21,17,5,2
2026-03-21 17:45:00,2,5,12,35,17,5,1
2026-03-21 18:00:00,1,3,11,12,18,5,1
2026-03-21 18:15:00,1,3,10,18,18,5,1
2026-03-21 18:30:00,1,3,8,18,18,5,1
2026-03-21 18:45:00,1,5,11,35,18,5,1
2026-03-21 19:00:00,1,3,13,18,19,5,1
2026-03-21 19:15:00,1,4,11,28,19,5,1
2026-03-21 19:30:00,1,3,11,12,19,5,1
2026-03-21 19:45:00,1,4,12,20,19,5,1
2026-03-21 20:00:00,1,5,2,35,20,5,1
2026-03-21 20:15:00,1,3,0,21,20,5,1
2026-03-21 20:30:00,1,3,11,18,20,5,1
2026-03-21 20:45:00,1,3,5,18,20,5,1
2026-03-21 21:00:00,1,2,3,14,21,5,1
2026-03-21 21:15:00,1,5,3,25,21,5,1
2026-03-21 21:30:00,1,2,6,10,21,5,1
2026-03-21 21:45:00,1,4,6,24,21,5,1
2026-03-21 22:00:00,1,5,9,35,22,5,1
2026-03-21 22:15:00,1,4,9,20,22,5,1
2026-03-21 22:30:00,1,4,7,20,22,5,1
2026-03-21 22:45:00,1,4,8,28,22,5,1
2026-03-21 23:00:00,1,3,6,15,23,5,1
2026-03-21 23:15:00,1,4,5,24,23,5,1
2026-03-21 23:30:00,1,5,4,25,23,5,1
2026-03-21 23:45:00,1,5,6,30,23,5,1
2026-03-22 00:00:00,1,5,6,35,0,6,1
2026-03-22 00:15:00,1,2,7,8,0,6,1
2026-03-22 00:30:00,1,3,11,21,0,6,1
2026-03-22 00:45:00,1,2,5,10,0,6,1
2026-03-22 01:00:00,1,4,11,16,1,6,1
2026-03-22 01:15:00,1,4,3,24,1,6,1
2026-03-22 01:30:00,1,2,7,10,1,6,1
2026-03-22 01:45:00,1,5,3,35,1,6,1
2026-03-22 02:00:00,1,2,6,14,2,6,1
2026-03-22 02:15:00,1,4,6,20,2,6,1
2026-03-22 02:30:00,1,3,11,15,2,6,1
2026-03-22 02:45:00,1,3,1,21,2,6,1
2026-03-22 03:00:00,1,3,5,18,3,6,1
2026-03-22 03:15:00,1,3,10,21,3,6,1
2026-03-22 03:30:00,1,3,0,12,3,6,1
2026-03-22 03:45:00,1,2,6,12,3,6,1
2026-03-22 04:00:00,1,4,0,28,4,6,1
2026-03-22 04:15:00,1,3,5,15,4,6,1
2026-03-22 04:30:00,1,5,2,20,4,6,1
2026-03-22 04:45:00,1,3,16,15,4,6,4
2026-03-22 05:00:00,4,2,9,8,5,6,4
2026-03-22 05:15:00,4,3,9,12,5,6,1
2026-03-22 05:30:00,1,4,8,16,5,6,1
2026-03-22 05:45:00,1,5,0,35,5,6,1
2026-03-22 06:00:00,1,4,6,16,6,6,1
2026-03-22 06:15:00,1,4,16,28,6,6,1
2026-03-22 06:30:00,1,2,10,14,6,6,1
2026-03-22 06:45:00,1,3,4,15,6,6,1
2026-03-22 07:00:00,1,3,7,18,7,6,1
2026-03-22 07:15:00,1,2,9,8,7,6,1
2026-03-22 07:30:00,1,3,9,21,7,6,1
2026-03-22 07:45:00,1,2,7,14,7,6,1
2026-03-22 08:00:00,1,4,0,20,8,6,1
2026-03-22 08:15:00,1,4,5,28,8,6,1
2026-03-22 08:30:00,1,2,7,8,8,6,2
2026-03-22 08:45:00,2,4,6,24,8,6,1
2026-03-22 09:00:00,1,5,21,30,9,6,1
2026-03-22 09:15:00,1,3,16,21,9,6,1
2026-03-22 09:30:00,1,2,13,10,9,6,5
2026-03-22 09:45:00,5,4,23,16,9,6,14
2026-03-22 10:00:00,14,5,19,25,10,6,5
2026-03-22 10:15:00,5,2,15,8,10,6,15
2026-03-22 10:30:00,15,2,20,12,10,6,24
2026-03-22 10:45:00,24,5,17,25,10,6,15
2026-03-22 11:00:00,15,2,18,12,11,6,23
2026-03-22 11:15:00,23,4,18,16,11,6,27
2026-03-22 11:30:00,27,4,22,28,11,6,21
2026-03-22 11:45:00,21,3,15,18,11,6,17
2026-03-22 12:00:00,17,3,10,15,12,6,9
2026-03-22 12:15:00,9,2,18,10,12,6,12
2026-03-22 12:30:00,12,2,23,12,12,6,23
2026-03-22 12:45:00,23,2,12,14,12,6,18
2026-03-22 13:00:00,18,5,14,35,13,6,1
2026-03-22 13:15:00,1,3,8,15,13,6,1
2026-03-22 13:30:00,1,5,17,35,13,6,1
2026-03-22 13:45:00,1,3,15,15,13,6,2
2026-03-22 14:00:00,2,3,7,12,14,6,1
2026-03-22 14:15:00,1,4,17,24,14,6,1
2026-03-22 14:30:00,1,3,14,15,14,6,1
2026-03-22 14:45:00,1,3,22,12,14,6,10
2026-03-22 15:00:00,10,4,25,24,15,6,6
2026-03-22 15:15:00,6,5,10,30,15,6,1
2026-03-22 15:30:00,1,2,22,8,15,6,15
2026-03-22 15:45:00,15,3,18,21,15,6,10
2026-03-22 16:00:00,10,2,12,10,16,6,12
2026-03-22 16:15:00,12,3,4,12,16,6,6
2026-03-22 16:30:00,6,2,19,10,16,6,15
2026-03-22 16:45:00,15,3,15,12,16,6,14
2026-03-22 17:00:00,14,5,15,20,17,6,8
2026-03-22 17:15:00,8,5,19,20,17,6,6
2026-03-22 17:30:00,6,2,10,14,17,6,2
2026-03-22 17:45:00,2,5,9,25,17,6,1
2026-03-22 18:00:00,1,4,16,16,18,6,1
2026-03-22 18:15:00,1,5,13,35,18,6,1
2026-03-22 18:30:00,1,3,15,21,18,6,1
2026-03-22 18:45:00,1,4,8,24,18,6,1
2026-03-22 19:00:00,1,5,11,25,19,6,1
2026-03-22 19:15:00,1,3,14,18,19,6,1
2026-03-22 19:30:00,1,3,19,21,19,6,1
2026-03-22 19:45:00,1,4,18,28,19,6,1
2026-03-22 20:00:00,1,5,12,30,20,6,1
2026-03-22 20:15:00,1,4,3,16,20,6,1
2026-03-22 20:30:00,1,2,11,14,20,6,1
2026-03-22 20:45:00,1,2,8,8,20,6,1
2026-03-22 21:00:00,1,4,12,28,21,6,1
2026-03-22 21:15:00,1,4,3,20,21,6,1
2026-03-22 21:30:00,1,3,5,18,21,6,1
2026-03-22 21:45:00,1,4,8,28,21,6,1
2026-03-22 22:00:00,1,5,0,20,22,6,1
2026-03-22 22:15:00,1,2,3,12,22,6,1
2026-03-22 22:30:00,1,4,3,16,22,6,1
2026-03-22 22:45:00,1,4,6,24,22,6,1
2026-03-22 23:00:00,1,4,13,20,23,6,1
2026-03-22 23:15:00,1,2,5,10,23,6,1
2026-03-22 23:30:00,1,2,6,12,23,6,1
2026-03-22 23:45:00,1,4,2,24,23,6,1
2026-03-23 00:00:00,1,2,11,14,0,0,1
2026-03-23 00:15:00,1,3,5,18,0,0,1
2026-03-23 00:30:00,1,2,12,10,0,0,4
2026-03-23 00:45:00,4,4,11,16,0,0,1
2026-03-23 01:00:00,1,4,7,24,1,0,1
2026-03-23 01:15:00,1,2,3,12,1,0,1
2026-03-23 01:30:00,1,2,12,8,1,0,5
2026-03-23 01:45:00,5,4,5,24,1,0,1
2026-03-23 02:00:00,1,2,12,12,2,0,2
2026-03-23 02:15:00,2,4,4,24,2,0,1
2026-03-23 02:30:00,1,3,9,21,2,0,1
2026-03-23 02:45:00,1,5,6,25,2,0,1
2026-03-23 03:00:00,1,2,7,8,3,0,1
2026-03-23 03:15:00,1,4,3,24,3,0,1
2026-03-23 03:30:00,1,4,7,20,3,0,1
2026-03-23 03:45:00,1,4,5,20,3,0,1
2026-03-23 04:00:00,1,3,4,15,4,0,1
2026-03-23 04:15:00,1,5,9,25,4,0,1
2026-03-23 04:30:00,1,3,2,15,4,0,1
2026-03-23 04:45:00,1,3,8,18,4,0,1
2026-03-23 05:00:00,1,3,6,15,5,0,1
2026-03-23 05:15:00,1,2,10,8,5,0,1
2026-03-23 05:30:00,1,3,11,12,5,0,1
2026-03-23 05:45:00,1,4,12,16,5,0,1
2026-03-23 06:00:00,1,5,9,30,6,0,1
2026-03-23 06:15:00,1,4,5,24,6,0,1
2026-03-23 06:30:00,1,3,8,12,6,0,1
2026-03-23 06:45:00,1,2,17,12,6,0,5
2026-03-23 07:00:00,5,2,4,10,7,0,1
2026-03-23 07:15:00,1,3,5,15,7,0,1
2026-03-23 07:30:00,1,3,10,12,7,0,3
2026-03-23 07:45:00,3,3,9,12,7,0,2
2026-03-23 08:00:00,2,3,10,18,8,0,1
2026-03-23 08:15:00,1,3,10,18,8,0,1
2026-03-23 08:30:00,1,2,15,12,8,0,5
2026-03-23 08:45:00,5,2,15,14,8,0,6
2026-03-23 09:00:00,6,2,24,10,9,0,20
2026-03-23 09:15:00,20,4,22,16,9,0,24
2026-03-23 09:30:00,24,3,22,18,9,0,29
2026-03-23 09:45:00,29,4,18,16,9,0,31
2026-03-23 10:00:00,31,5,18,35,10,0,12
2026-03-23 10:15:00,12,3,16,12,10,0,13
2026-03-23 10:30:00,13,2,27,12,10,0,27
2026-03-23 10:45:00,27,2,19,10,10,0,38
2026-03-23 11:00:00,38,2,20,14,11,0,43
2026-03-23 11:15:00,43,4,25,16,11,0,53
2026-03-23 11:30:00,53,4,21,24,11,0,49
2026-03-23 11:45:00,49,3,23,12,11,0,61
2026-03-23 12:00:00,61,5,20,20,12,0,60
2026-03-23 12:15:00,60,3,26,18,12,0,65
2026-03-23 12:30:00,65,3,26,12,12,0,77
2026-03-23 12:45:00,77,3,22,18,12,0,79
2026-03-23 13:00:00,79,2,16,8,13,0,91
2026-03-23 13:15:00,91,5,18,35,13,0,74
2026-03-23 13:30:00,74,3,14,15,13,0,73
2026-03-23 13:45:00,73,2,19,14,13,0,79
2026-03-23 14:00:00,79,2,16,8,14,0,86
2026-03-23 14:15:00,86,3,16,15,14,0,81
2026-03-23 14:30:00,81,5,18,35,14,0,62
2026-03-23 14:45:00,62,3,12,21,14,0,53
2026-03-23 15:00:00,53,4,20,16,15,0,54
2026-03-23 15:15:00,54,3,15,12,15,0,58
2026-03-23 15:30:00,58,2,17,12,15,0,62
2026-03-23 15:45:00,62,5,25,25,15,0,61
2026-03-23 16:00:00,61,2,17,12,16,0,65
2026-03-23 16:15:00,65,5,16,25,16,0,54
2026-03-23 16:30:00,54,3,21,15,16,0,60
2026-03-23 16:45:00,60,3,15,15,16,0,60
2026-03-23 17:00:00,60,5,13,25,17,0,47
2026-03-23 17:15:00,47,2,17,8,17,0,52
2026-03-23 17:30:00,52,3,12,15,17,0,51
2026-03-23 17:45:00,51,4,19,28,17,0,42
2026-03-23 18:00:00,42,3,22,15,18,0,50
2026-03-23 18:15:00,50,4,13,16,18,0,46
2026-03-23 18:30:00,46,4,13,20,18,0,41
2026-03-23 18:45:00,41,2,13,12,18,0,39
2026-03-23 19:00:00,39,5,14,30,19,0,23
2026-03-23 19:15:00,23,2,15,14,19,0,21
2026-03-23 19:30:00,21,3,18,12,19,0,25
2026-03-23 19:45:00,25,2,15,8,19,0,31
2026-03-23 20:00:00,31,5,10,25,20,0,13
2026-03-23 20:15:00,13,4,7,16,20,0,3
2026-03-23 20:30:00,3,5,5,20,20,0,1
2026-03-23 20:45:00,1,3,8,15,20,0,1
2026-03-23 21:00:00,1,5,3,25,21,0,1
2026-03-23 21:15:00,1,5,11,30,21,0,1
2026-03-23 21:30:00,1,3,3,21,21,0,1
2026-03-23 21:45:00,1,5,7,20,21,0,1
2026-03-23 22:00:00,1,5,3,20,22,0,1
2026-03-23 22:15:00,1,2,15,10,22,0,3
2026-03-23 22:30:00,3,3,14,18,22,0,1
2026-03-23 22:45:00,1,5,2,20,22,0,1
2026-03-23 23:00:00,1,3,3,12,23,0,1
2026-03-23 23:15:00,1,3,5,15,23,0,1
2026-03-23 23:30:00,1,4,14,20,23,0,1
2026-03-23 23:45:00,1,4,6,16,23,0,1
2026-03-24 00:00:00,1,5,6,20,0,1,1
2026-03-24 00:15:00,1,5,11,30,0,1,1
2026-03-24 00:30:00,1,2,5,10,0,1,1
2026-03-24 00:45:00,1,2,4,8,0,1,1
2026-03-24 01:00:00,1,4,11,24,1,1,1
2026-03-24 01:15:00,1,2,7,12,1,1,1
2026-03-24 01:30:00,1,4,10,16,1,1,1
2026-03-24 01:45:00,1,5,7,20,1,1,1
2026-03-24 02:00:00,1,4,8,16,2,1,1
2026-03-24 02:15:00,1,2,7,10,2,1,1
2026-03-24 02:30:00,1,4,5,20,2,1,1
2026-03-24 02:45:00,1,2,8,10,2,1,2
2026-03-24 03:00:00,2,2,5,10,3,1,1
2026-03-24 03:15:00,1,3,7,18,3,1,1
2026-03-24 03:30:00,1,4,15,16,3,1,1
2026-03-24 03:45:00,1,2,7,14,3,1,1
2026-03-24 04:00:00,1,5,8,25,4,1,1
2026-03-24 04:15:00,1,3,15,15,4,1,2
2026-03-24 04:30:00,2,4,13,16,4,1,1
2026-03-24 04:45:00,1,4,5,28,4,1,1
2026-03-24 05:00:00,1,4,2,20,5,1,1
2026-03-24 05:15:00,1,5,19,30,5,1,1
2026-03-24 05:30:00,1,3,11,21,5,1,1
2026-03-24 05:45:00,1,5,15,35,5,1,1
2026-03-24 06:00:00,1,3,8,15,6,1,1
2026-03-24 06:15:00,1,4,3,24,6,1,1
2026-03-24 06:30:00,1,2,11,14,6,1,1
2026-03-24 06:45:00,1,3,7,12,6,1,1
2026-03-24 07:00:00,1,3,9,18,7,1,1
2026-03-24 07:15:00,1,4,10,20,7,1,1
2026-03-24 07:30:00,1,3,9,18,7,1,1
2026-03-24 07:45:00,1,5,7,30,7,1,1
2026-03-24 08:00:00,1,5,0,25,8,1,1
2026-03-24 08:15:00,1,5,13,35,8,1,1
2026-03-24 08:30:00,1,2,0,8,8,1,1
2026-03-24 08:45:00,1,3,9,15,8,1,1
2026-03-24 09:00:00,1,3,25,15,9,1,10
2026-03-24 09:15:00,10,3,23,21,9,1,8
2026-03-24 09:30:00,8,4,21,28,9,1,1
2026-03-24 09:45:00,1,3,19,12,9,1,3
2026-03-24 10:00:00,3,2,16,10,10,1,8
2026-03-24 10:15:00,8,2,19,12,10,1,14
2026-03-24 10:30:00,14,5,20,30,10,1,3
2026-03-24 10:45:00,3,5,23,20,10,1,4
2026-03-24 11:00:00,4,5,21,30,11,1,1
2026-03-24 11:15:00,1,2,13,12,11,1,1
2026-03-24 11:30:00,1,4,16,28,11,1,1
2026-03-24 11:45:00,1,5,17,20,11,1,1
2026-03-24 12:00:00,1,4,26,24,12,1,2
2026-03-24 12:15:00,2,2,24,10,12,1,14
2026-03-24 12:30:00,14,2,22,8,12,1,28
2026-03-24 12:45:00,28,5,20,35,12,1,12
2026-03-24 13:00:00,12,5,20,35,13,1,1
2026-03-24 13:15:00,1,4,15,20,13,1,1
2026-03-24 13:30:00,1,3,21,15,13,1,6
2026-03-24 13:45:00,6,5,16,20,13,1,1
2026-03-24 14:00:00,1,4,20,28,14,1,1
2026-03-24 14:15:00,1,4,14,20,14,1,1
2026-03-24 14:30:00,1,4,10,28,14,1,1
2026-03-24 14:45:00,1,5,25,35,14,1,1
2026-03-24 15:00:00,1,4,19,28,15,1,1
2026-03-24 15:15:00,1,4,15,16,15,1,1
2026-03-24 15:30:00,1,3,15,15,15,1,1
2026-03-24 15:45:00,1,2,17,10,15,1,7
2026-03-24 16:00:00,7,3,18,18,16,1,4
2026-03-24 16:15:00,4,2,25,10,16,1,16
2026-03-24 16:30:00,16,2,11,8,16,1,17
2026-03-24 16:45:00,17,5,23,25,16,1,18
2026-03-24 17:00:00,18,5,13,35,17,1,1
2026-03-24 17:15:00,1,4,6,20,17,1,1
2026-03-24 17:30:00,1,4,14,20,17,1,1
2026-03-24 17:45:00,1,2,16,12,17,1,4
2026-03-24 18:00:00,4,3,9,21,18,1,1
2026-03-24 18:15:00,1,5,17,20,18,1,2
2026-03-24 18:30:00,2,3,10,21,18,1,1
2026-03-24 18:45:00,1,3,15,15,18,1,1
2026-03-24 19:00:00,1,5,10,20,19,1,1
2026-03-24 19:15:00,1,4,17,28,19,1,1
2026-03-24 19:30:00,1,2,7,12,19,1,1
2026-03-24 19:45:00,1,5,13,30,19,1,1
2026-03-24 20:00:00,1,3,4,12,20,1,1
2026-03-24 20:15:00,1,3,9,18,20,1,1
2026-03-24 20:30:00,1,3,10,12,20,1,1
2026-03-24 20:45:00,1,3,6,21,20,1,1
2026-03-24 21:00:00,1,5,6,30,21,1,1
2026-03-24 21:15:00,1,3,12,15,21,1,1
2026-03-24 21:30:00,1,3,12,21,21,1,1
2026-03-24 21:45:00,1,4,5,24,21,1,1
2026-03-24 22:00:00,1,2,7,14,22,1,1
2026-03-24 22:15:00,1,3,7,12,22,1,1
2026-03-24 22:30:00,1,5,7,25,22,1,1
2026-03-24 22:45:00,1,3,15,18,22,1,1
2026-03-24 23:00:00,1,5,7,35,23,1,1
2026-03-24 23:15:00,1,3,2,18,23,1,1
2026-03-24 23:30:00,1,2,6,10,23,1,1
2026-03-24 23:45:00,1,5,11,30,23,1,1
2026-03-25 00:00:00,1,2,5,14,0,2,1
2026-03-25 00:15:00,1,3,9,12,0,2,1
2026-03-25 00:30:00,1,3,9,18,0,2,1
2026-03-25 00:45:00,1,2,4,8,0,2,1
2026-03-25 01:00:00,1,4,9,24,1,2,1
2026-03-25 01:15:00,1,3,9,21,1,2,1
2026-03-25 01:30:00,1,2,10,8,1,2,2
2026-03-25 01:45:00,2,3,10,21,1,2,1
2026-03-25 02:00:00,1,4,3,16,2,2,1
2026-03-25 02:15:00,1,4,6,16,2,2,1
2026-03-25 02:30:00,1,3,15,21,2,2,1
2026-03-25 02:45:00,1,3,9,15,2,2,1
2026-03-25 03:00:00,1,4,8,24,3,2,1
2026-03-25 03:15:00,1,2,5,12,3,2,1
2026-03-25 03:30:00,1,4,3,24,3,2,1
2026-03-25 03:45:00,1,5,9,25,3,2,1
2026-03-25 04:00:00,1,5,11,25,4,2,1
2026-03-25 04:15:00,1,3,11,15,4,2,1
2026-03-25 04:30:00,1,4,4,28,4,2,1
2026-03-25 04:45:00,1,2,6,12,4,2,1
2026-03-25 05:00:00,1,4,9,28,5,2,1
2026-03-25 05:15:00,1,5,8,35,5,2,1
2026-03-25 05:30:00,1,5,4,35,5,2,1
2026-03-25 05:45:00,1,2,11,8,5,2,3
2026-03-25 06:00:00,3,4,11,24,6,2,1
2026-03-25 06:15:00,1,5,4,20,6,2,1
2026-03-25 06:30:00,1,4,5,20,6,2,1
2026-03-25 06:45:00,1,2,13,14,6,2,1
2026-03-25 07:00:00,1,2,7,14,7,2,1
2026-03-25 07:15:00,1,2,5,14,7,2,1
2026-03-25 07:30:00,1,2,15,8,7,2,6
2026-03-25 07:45:00,6,3,7,18,7,2,1
2026-03-25 08:00:00,1,4,10,28,8,2,1
2026-03-25 08:15:00,1,4,0,16,8,2,1
2026-03-25 08:30:00,1,3,10,18,8,2,1
2026-03-25 08:45:00,1,5,10,35,8,2,1
2026-03-25 09:00:00,1,5,28,35,9,2,1
2026-03-25 09:15:00,1,4,22,28,9,2,1
2026-03-25 09:30:00,1,3,25,18,9,2,7
2026-03-25 09:45:00,7,2,21,14,9,2,13
2026-03-25 10:00:00,13,5,13,25,10,2,1
2026-03-25 10:15:00,1,3,19,15,10,2,2
2026-03-25 10:30:00,2,2,28,10,10,2,20
2026-03-25 10:45:00,20,2,19,10,10,2,32
2026-03-25 11:00:00,32,3,29,21,11,2,38
2026-03-25 11:15:00,38,5,24,35,11,2,25
2026-03-25 11:30:00,25,5,20,20,11,2,22
2026-03-25 11:45:00,22,5,24,35,11,2,10
2026-03-25 12:00:00,10,5,17,35,12,2,1
2026-03-25 12:15:00,1,5,17,25,12,2,1
2026-03-25 12:30:00,1,4,29,20,12,2,10
2026-03-25 12:45:00,10,5,20,30,12,2,1
2026-03-25 13:00:00,1,3,15,18,13,2,1
2026-03-25 13:15:00,1,3,17,12,13,2,8
2026-03-25 13:30:00,8,5,17,20,13,2,5
2026-03-25 13:45:00,5,4,14,28,13,2,1
2026-03-25 14:00:00,1,4,18,28,14,2,1
2026-03-25 14:15:00,1,5,20,25,14,2,1
2026-03-25 14:30:00,1,2,18,12,14,2,4
2026-03-25 14:45:00,4,4,18,20,14,2,1
2026-03-25 15:00:00,1,2,14,14,15,2,3
2026-03-25 15:15:00,3,4,29,16,15,2,16
2026-03-25 15:30:00,16,5,3,30,15,2,1
2026-03-25 15:45:00,1,4,16,28,15,2,1
2026-03-25 16:00:00,1,5,19,20,16,2,2
2026-03-25 16:15:00,2,2,19,12,16,2,9
2026-03-25 16:30:00,9,3,16,15,16,2,9
2026-03-25 16:45:00,9,5,21,20,16,2,5
2026-03-25 17:00:00,5,3,13,21,17,2,1
2026-03-25 17:15:00,1,2,11,14,17,2,1
2026-03-25 17:30:00,1,5,16,20,17,2,1
2026-03-25 17:45:00,1,5,22,35,17,2,1
2026-03-25 18:00:00,1,3,20,12,18,2,7
2026-03-25 18:15:00,7,4,9,24,18,2,1
2026-03-25 18:30:00,1,5,18,30,18,2,1
2026-03-25 18:45:00,1,4,13,20,18,2,1
2026-03-25 19:00:00,1,4,10,16,19,2,1
2026-03-25 19:15:00,1,5,23,25,19,2,1
2026-03-25 19:30:00,1,2,16,14,19,2,4
2026-03-25 19:45:00,4,5,14,30,19,2,1
2026-03-25 20:00:00,1,3,9,12,20,2,1
2026-03-25 20:15:00,1,4,11,28,20,2,1
2026-03-25 20:30:00,1,4,7,16,20,2,1
2026-03-25 20:45:00,1,3,10,15,20,2,1
2026-03-25 21:00:00,1,4,14,20,21,2,1
2026-03-25 21:15:00,1,3,8,15,21,2,1
2026-03-25 21:30:00,1,5,10,35,21,2,1
2026-03-25 21:45:00,1,3,9,18,21,2,1
2026-03-25 22:00:00,1,5,7,35,22,2,1
2026-03-25 22:15:00,1,2,10,10,22,2,1
2026-03-25 22:30:00,1,5,8,30,22,2,1
2026-03-25 22:45:00,1,2,1,8,22,2,1
2026-03-25 23:00:00,1,2,9,14,23,2,1
2026-03-25 23:15:00,1,5,13,25,23,2,1
2026-03-25 23:30:00,1,4,12,16,23,2,1
2026-03-25 23:45:00,1,5,14,30,23,2,1
2026-03-26 00:00:00,1,2,9,14,0,3,1
2026-03-26 00:15:00,1,2,9,8,0,3,1
2026-03-26 00:30:00,1,3,15,18,0,3,1
2026-03-26 00:45:00,1,5,6,30,0,3,1
2026-03-26 01:00:00,1,2,10,12,1,3,1
2026-03-26 01:15:00,1,5,9,25,1,3,1
2026-03-26 01:30:00,1,2,10,12,1,3,1
2026-03-26 01:45:00,1,4,5,16,1,3,1
2026-03-26 02:00:00,1,2,5,10,2,3,1
2026-03-26 02:15:00,1,4,23,28,2,3,1
2026-03-26 02:30:00,1,3,0,18,2,3,1
2026-03-26 02:45:00,1,2,14,8,2,3,9
2026-03-26 03:00:00,9,4,14,24,3,3,1
2026-03-26 03:15:00,1,4,6,20,3,3,1
2026-03-26 03:30:00,1,3,7,15,3,3,1
2026-03-26 03:45:00,1,4,9,28,3,3,1
2026-03-26 04:00:00,1,4,9,24,4,3,1
2026-03-26 04:15:00,1,4,10,28,4,3,1
2026-03-26 04:30:00,1,2,6,12,4,3,1
2026-03-26 04:45:00,1,3,14,15,4,3,1
2026-03-26 05:00:00,1,2,8,10,5,3,1
2026-03-26 05:15:00,1,2,8,12,5,3,1
2026-03-26 05:30:00,1,3,5,18,5,3,1
2026-03-26 05:45:00,1,4,12,20,5,3,1
2026-03-26 06:00:00,1,4,7,28,6,3,1
2026-03-26 06:15:00,1,3,12,12,6,3,1
2026-03-26 06:30:00,1,4,10,16,6,3,1
2026-03-26 06:45:00,1,5,18,30,6,3,1
2026-03-26 07:00:00,1,5,3,30,7,3,1
2026-03-26 07:15:00,1,5,9,30,7,3,1
2026-03-26 07:30:00,1,3,11,12,7,3,1
2026-03-26 07:45:00,1,2,0,8,7,3,1
2026-03-26 08:00:00,1,3,6,15,8,3,1
2026-03-26 08:15:00,1,4,6,24,8,3,1
2026-03-26 08:30:00,1,4,5,20,8,3,1
2026-03-26 08:45:00,1,2,7,14,8,3,1
2026-03-26 09:00:00,1,4,23,28,9,3,1
2026-03-26 09:15:00,1,5,22,25,9,3,1
2026-03-26 09:30:00,1,2,23,8,9,3,16
2026-03-26 09:45:00,16,2,11,10,9,3,17
2026-03-26 10:00:00,17,3,24,21,10,3,20
2026-03-26 10:15:00,20,2,20,10,10,3,31
2026-03-26 10:30:00,31,4,26,16,10,3,43
2026-03-26 10:45:00,43,2,19,8,10,3,53
2026-03-26 11:00:00,53,4,20,16,11,3,55
2026-03-26 11:15:00,55,2,25,12,11,3,66
2026-03-26 11:30:00,66,4,20,16,11,3,71
2026-03-26 11:45:00,71,5,22,20,11,3,73
2026-03-26 12:00:00,73,3,24,12,12,3,82
2026-03-26 12:15:00,82,3,12,12,12,3,80
2026-03-26 12:30:00,80,5,22,30,12,3,69
2026-03-26 12:45:00,69,4,24,16,12,3,80
2026-03-26 13:00:00,80,5,17,20,13,3,76
2026-03-26 13:15:00,76,5,13,30,13,3,58
2026-03-26 13:30:00,58,3,16,15,13,3,59
2026-03-26 13:45:00,59,2,18,10,13,3,69
2026-03-26 14:00:00,69,4,21,20,14,3,67
2026-03-26 14:15:00,67,3,20,21,14,3,67
2026-03-26 14:30:00,67,2,17,12,14,3,73
2026-03-26 14:45:00,73,3,21,21,14,3,76
2026-03-26 15:00:00,76,2,13,14,15,3,71
2026-03-26 15:15:00,71,3,21,18,15,3,76
2026-03-26 15:30:00,76,3,11,12,15,3,72
2026-03-26 15:45:00,72,2,17,14,15,3,74
2026-03-26 16:00:00,74,5,24,30,16,3,68
2026-03-26 16:15:00,68,2,23,14,16,3,80
2026-03-26 16:30:00,80,4,20,20,16,3,83
2026-03-26 16:45:00,83,3,15,12,16,3,89
2026-03-26 17:00:00,89,3,21,12,17,3,96
2026-03-26 17:15:00,96,5,16,35,17,3,78
2026-03-26 17:30:00,78,4,14,28,17,3,64
2026-03-26 17:45:00,64,3,13,18,17,3,56
2026-03-26 18:00:00,56,3,10,18,18,3,51
2026-03-26 18:15:00,51,5,8,30,18,3,29
2026-03-26 18:30:00,29,2,17,10,18,3,34
2026-03-26 18:45:00,34,2,6,8,18,3,34
2026-03-26 19:00:00,34,4,23,20,19,3,37
2026-03-26 19:15:00,37,4,17,24,19,3,31
2026-03-26 19:30:00,31,4,13,16,19,3,27
2026-03-26 19:45:00,27,2,13,14,19,3,28
2026-03-26 20:00:00,28,5,5,25,20,3,6
2026-03-26 20:15:00,6,3,5,18,20,3,1
2026-03-26 20:30:00,1,2,14,10,20,3,5
2026-03-26 20:45:00,5,5,8,20,20,3,1
2026-03-26 21:00:00,1,4,7,24,21,3,1
2026-03-26 21:15:00,1,5,6,25,21,3,1
2026-03-26 21:30:00,1,2,4,14,21,3,1
2026-03-26 21:45:00,1,2,13,12,21,3,1
2026-03-26 22:00:00,1,3,19,12,22,3,6
2026-03-26 22:15:00,6,5,6,30,22,3,1
2026-03-26 22:30:00,1,3,15,18,22,3,1
2026-03-26 22:45:00,1,2,10,8,22,3,5
2026-03-26 23:00:00,5,2,7,14,23,3,1
2026-03-26 23:15:00,1,2,9,14,23,3,1
2026-03-26 23:30:00,1,2,11,12,23,3,1
2026-03-26 23:45:00,1,3,17,18,23,3,2
2026-03-27 00:00:00,2,5,9,30,0,4,1
2026-03-27 00:15:00,1,3,11,18,0,4,1
2026-03-27 00:30:00,1,2,9,14,0,4,1
2026-03-27 00:45:00,1,3,8,12,0,4,1
2026-03-27 01:00:00,1,4,11,28,1,4,1
2026-03-27 01:15:00,1,4,7,20,1,4,1
2026-03-27 01:30:00,1,2,10,14,1,4,1
2026-03-27 01:45:00,1,2,10,12,1,4,1
2026-03-27 02:00:00,1,3,11,15,2,4,1
2026-03-27 02:15:00,1,4,8,24,2,4,1
2026-03-27 02:30:00,1,3,16,12,2,4,5
2026-03-27 02:45:00,5,4,4,20,2,4,1
2026-03-27 03:00:00,1,5,8,30,3,4,1
2026-03-27 03:15:00,1,5,10,25,3,4,1
2026-03-27 03:30:00,1,2,7,14,3,4,1
2026-03-27 03:45:00,1,4,4,20,3,4,1
2026-03-27 04:00:00,1,2,5,10,4,4,1
2026-03-27 04:15:00,1,2,4,14,4,4,1
2026-03-27 04:30:00,1,5,5,35,4,4,1
2026-03-27 04:45:00,1,4,11,16,4,4,1
2026-03-27 05:00:00,1,2,3,12,5,4,1
2026-03-27 05:15:00,1,3,15,15,5,4,1
2026-03-27 05:30:00,1,3,10,12,5,4,1
2026-03-27 05:45:00,1,4,6,16,5,4,1
2026-03-27 06:00:00,1,3,7,21,6,4,1
2026-03-27 06:15:00,1,3,13,21,6,4,1
2026-03-27 06:30:00,1,4,6,24,6,4,1
2026-03-27 06:45:00,1,5,8,35,6,4,1
2026-03-27 07:00:00,1,5,3,25,7,4,1
2026-03-27 07:15:00,1,2,0,8,7,4,1
2026-03-27 07:30:00,1,5,13,30,7,4,1
2026-03-27 07:45:00,1,4,8,20,7,4,1
2026-03-27 08:00:00,1,4,2,20,8,4,1
2026-03-27 08:15:00,1,2,15,12,8,4,3
2026-03-27 08:30:00,3,5,11,20,8,4,1
2026-03-27 08:45:00,1,2,5,12,8,4,1
2026-03-27 09:00:00,1,4,19,24,9,4,1
2026-03-27 09:15:00,1,3,20,18,9,4,4
2026-03-27 09:30:00,4,3,19,15,9,4,7
2026-03-27 09:45:00,7,4,15,28,9,4,1
2026-03-27 10:00:00,1,2,23,14,10,4,10
2026-03-27 10:15:00,10,3,25,18,10,4,17
2026-03-27 10:30:00,17,5,26,25,10,4,19
2026-03-27 10:45:00,19,2,20,12,10,4,25
2026-03-27 11:00:00,25,4,19,28,11,4,15
2026-03-27 11:15:00,15,2,18,10,11,4,22
2026-03-27 11:30:00,22,4,23,20,11,4,24
2026-03-27 11:45:00,24,3,18,12,11,4,28
2026-03-27 12:00:00,28,3,22,18,12,4,33
2026-03-27 12:15:00,33,5,19,35,12,4,14
2026-03-27 12:30:00,14,5,22,30,12,4,7
2026-03-27 12:45:00,7,2,28,14,12,4,20
2026-03-27 13:00:00,20,5,26,35,13,4,11
2026-03-27 13:15:00,11,3,11,15,13,4,3
2026-03-27 13:30:00,3,5,17,25,13,4,1
2026-03-27 13:45:00,1,4,20,24,13,4,1
2026-03-27 14:00:00,1,2,20,12,14,4,12
2026-03-27 14:15:00,12,3,15,15,14,4,11
2026-03-27 14:30:00,11,4,22,24,14,4,6
2026-03-27 14:45:00,6,2,27,8,14,4,21
2026-03-27 15:00:00,21,2,16,14,15,4,20
2026-03-27 15:15:00,20,4,18,20,15,4,16
2026-03-27 15:30:00,16,5,13,35,15,4,1
2026-03-27 15:45:00,1,3,17,15,15,4,1
2026-03-27 16:00:00,1,5,14,20,16,4,1
2026-03-27 16:15:00,1,5,14,35,16,4,1
2026-03-27 16:30:00,1,2,14,8,16,4,6
2026-03-27 16:45:00,6,4,15,28,16,4,1
2026-03-27 17:00:00,1,2,19,8,17,4,13
2026-03-27 17:15:00,13,5,11,30,17,4,1
2026-03-27 17:30:00,1,2,19,8,17,4,9
2026-03-27 17:45:00,9,3,14,21,17,4,1
2026-03-27 18:00:00,1,2,12,10,18,4,2
2026-03-27 18:15:00,2,3,11,21,18,4,1
2026-03-27 18:30:00,1,3,14,12,18,4,1
2026-03-27 18:45:00,1,5,14,30,18,4,1
2026-03-27 19:00:00,1,2,21,10,19,4,12
2026-03-27 19:15:00,12,3,23,15,19,4,17
2026-03-27 19:30:00,17,2,10,14,19,4,13
2026-03-27 19:45:00,13,3,13,18,19,4,3
2026-03-27 20:00:00,3,3,4,18,20,4,1
2026-03-27 20:15:00,1,2,6,10,20,4,1
2026-03-27 20:30:00,1,2,2,10,20,4,1
2026-03-27 20:45:00,1,3,3,15,20,4,1
2026-03-27 21:00:00,1,4,11,16,21,4,1
2026-03-27 21:15:00,1,3,8,15,21,4,1
2026-03-27 21:30:00,1,2,6,8,21,4,1
2026-03-27 21:45:00,1,4,8,28,21,4,1
2026-03-27 22:00:00,1,3,9,18,22,4,1
2026-03-27 22:15:00,1,2,5,12,22,4,1
2026-03-27 22:30:00,1,2,13,12,22,4,5
2026-03-27 22:45:00,5,3,11,15,22,4,1
2026-03-27 23:00:00,1,2,10,8,23,4,1
2026-03-27 23:15:00,1,5,14,35,23,4,1
2026-03-27 23:30:00,1,5,9,30,23,4,1
2026-03-27 23:45:00,1,4,5,20,23,4,1
2026-03-28 00:00:00,1,3,2,15,0,5,1
2026-03-28 00:15:00,1,3,2,18,0,5,1
2026-03-28 00:30:00,1,5,9,35,0,5,1
2026-03-28 00:45:00,1,2,9,8,0,5,2
2026-03-28 01:00:00,2,3,14,12,1,5,4
2026-03-28 01:15:00,4,5,11,35,1,5,1
2026-03-28 01:30:00,1,2,8,12,1,5,1
2026-03-28 01:45:00,1,3,14,18,1,5,1
2026-03-28 02:00:00,1,2,0,8,2,5,1
2026-03-28 02:15:00,1,4,9,16,2,5,1
2026-03-28 02:30:00,1,4,1,24,2,5,1
2026-03-28 02:45:00,1,5,10,25,2,5,1
2026-03-28 03:00:00,1,2,4,14,3,5,1
2026-03-28 03:15:00,1,3,2,21,3,5,1
2026-03-28 03:30:00,1,3,7,18,3,5,1
2026-03-28 03:45:00,1,5,11,35,3,5,1
2026-03-28 04:00:00,1,2,8,10,4,5,1
2026-03-28 04:15:00,1,4,6,24,4,5,1
2026-03-28 04:30:00,1,2,8,8,4,5,1
2026-03-28 04:45:00,1,2,2,12,4,5,1
2026-03-28 05:00:00,1,2,4,10,5,5,1
2026-03-28 05:15:00,1,5,5,30,5,5,1
2026-03-28 05:30:00,1,4,8,16,5,5,1
2026-03-28 05:45:00,1,2,7,14,5,5,1
2026-03-28 06:00:00,1,2,4,8,6,5,2
2026-03-28 06:15:00,2,4,7,28,6,5,1
2026-03-28 06:30:00,1,2,2,12,6,5,1
2026-03-28 06:45:00,1,2,0,8,6,5,1
2026-03-28 07:00:00,1,4,7,20,7,5,1
2026-03-28 07:15:00,1,2,8,14,7,5,1
2026-03-28 07:30:00,1,3,11,12,7,5,5
2026-03-28 07:45:00,5,5,5,20,7,5,1
2026-03-28 08:00:00,1,3,6,21,8,5,1
2026-03-28 08:15:00,1,5,0,30,8,5,1
2026-03-28 08:30:00,1,5,8,25,8,5,1
2026-03-28 08:45:00,1,4,14,28,8,5,1
2026-03-28 09:00:00,1,5,17,25,9,5,1
2026-03-28 09:15:00,1,3,18,18,9,5,2
2026-03-28 09:30:00,2,3,11,18,9,5,1
2026-03-28 09:45:00,1,3,9,21,9,5,1
2026-03-28 10:00:00,1,5,15,35,10,5,1
2026-03-28 10:15:00,1,5,17,35,10,5,1
2026-03-28 10:30:00,1,5,14,35,10,5,1
2026-03-28 10:45:00,1,4,13,24,10,5,1
2026-03-28 11:00:00,1,2,13,8,11,5,8
2026-03-28 11:15:00,8,5,17,35,11,5,1
2026-03-28 11:30:00,1,5,17,35,11,5,1
2026-03-28 11:45:00,1,4,23,20,11,5,6
2026-03-28 12:00:00,6,2,23,12,12,5,16
2026-03-28 12:15:00,16,5,14,25,12,5,6
2026-03-28 12:30:00,6,4,14,24,12,5,1
2026-03-28 12:45:00,1,2,16,10,12,5,7
2026-03-28 13:00:00,7,4,16,16,13,5,7
2026-03-28 13:15:00,7,2,19,8,13,5,17
2026-03-28 13:30:00,17,4,7,20,13,5,5
2026-03-28 13:45:00,5,3,8,18,13,5,1
2026-03-28 14:00:00,1,3,9,12,14,5,1
2026-03-28 14:15:00,1,5,14,35,14,5,1
2026-03-28 14:30:00,1,5,6,35,14,5,1
2026-03-28 14:45:00,1,2,19,12,14,5,9
2026-03-28 15:00:00,9,4,21,16,15,5,14
2026-03-28 15:15:00,14,4,18,16,15,5,15
2026-03-28 15:30:00,15,2,22,12,15,5,26
2026-03-28 15:45:00,26,5,11,20,15,5,18
2026-03-28 16:00:00,18,4,15,16,16,5,17
2026-03-28 16:15:00,17,4,17,28,16,5,8
2026-03-28 16:30:00,8,3,19,18,16,5,6
2026-03-28 16:45:00,6,4,17,24,16,5,1
2026-03-28 17:00:00,1,5,11,20,17,5,1
2026-03-28 17:15:00,1,2,15,10,17,5,5
2026-03-28 17:30:00,5,2,8,10,17,5,1
2026-03-28 17:45:00,1,5,7,30,17,5,1
2026-03-28 18:00:00,1,4,13,28,18,5,1
2026-03-28 18:15:00,1,5,11,30,18,5,1
2026-03-28 18:30:00,1,2,15,14,18,5,3
2026-03-28 18:45:00,3,3,13,21,18,5,1
2026-03-28 19:00:00,1,4,6,28,19,5,1
2026-03-28 19:15:00,1,3,11,12,19,5,1
2026-03-28 19:30:00,1,2,19,14,19,5,8
2026-03-28 19:45:00,8,5,13,30,19,5,1
2026-03-28 20:00:00,1,5,5,30,20,5,1
2026-03-28 20:15:00,1,2,11,10,20,5,1
2026-03-28 20:30:00,1,5,1,25,20,5,1
2026-03-28 20:45:00,1,3,3,18,20,5,1
2026-03-28 21:00:00,1,2,3,14,21,5,1
2026-03-28 21:15:00,1,3,3,12,21,5,1
2026-03-28 21:30:00,1,4,13,20,21,5,1
2026-03-28 21:45:00,1,3,6,12,21,5,1
2026-03-28 22:00:00,1,5,11,30,22,5,1
2026-03-28 22:15:00,1,4,1,16,22,5,1
2026-03-28 22:30:00,1,2,8,8,22,5,1
2026-03-28 22:45:00,1,3,13,15,22,5,2
2026-03-28 23:00:00,2,5,11,25,23,5,1
2026-03-28 23:15:00,1,5,10,30,23,5,1
2026-03-28 23:30:00,1,4,8,24,23,5,1
2026-03-28 23:45:00,1,5,4,30,23,5,1
2026-03-29 00:00:00,1,2,10,8,0,6,2
2026-03-29 00:15:00,2,2,4,14,0,6,1
2026-03-29 00:30:00,1,5,8,30,0,6,1
2026-03-29 00:45:00,1,3,2,15,0,6,1
2026-03-29 01:00:00,1,4,2,24,1,6,1
2026-03-29 01:15:00,1,4,3,16,1,6,1
2026-03-29 01:30:00,1,5,7,25,1,6,1
2026-03-29 01:45:00,1,2,3,10,1,6,1
2026-03-29 02:00:00,1,5,8,35,2,6,1
2026-03-29 02:15:00,1,2,10,12,2,6,1
2026-03-29 02:30:00,1,4,8,24,2,6,1
2026-03-29 02:45:00,1,3,1,21,2,6,1
2026-03-29 03:00:00,1,3,6,21,3,6,1
2026-03-29 03:15:00,1,3,7,18,3,6,1
2026-03-29 03:30:00,1,3,2,18,3,6,1
2026-03-29 03:45:00,1,3,6,12,3,6,1
2026-03-29 04:00:00,1,3,6,21,4,6,1
2026-03-29 04:15:00,1,4,2,20,4,6,1
2026-03-29 04:30:00,1,2,4,14,4,6,1
2026-03-29 04:45:00,1,2,1,12,4,6,1
2026-03-29 05:00:00,1,3,10,21,5,6,1
2026-03-29 05:15:00,1,4,6,20,5,6,1
2026-03-29 05:30:00,1,2,3,8,5,6,1
2026-03-29 05:45:00,1,2,8,10,5,6,1
2026-03-29 06:00:00,1,2,7,14,6,6,1
2026-03-29 06:15:00,1,2,6,8,6,6,1
2026-03-29 06:30:00,1,4,6,28,6,6,1
2026-03-29 06:45:00,1,4,6,28,6,6,1
2026-03-29 07:00:00,1,3,2,21,7,6,1
2026-03-29 07:15:00,1,5,2,35,7,6,1
2026-03-29 07:30:00,1,2,5,10,7,6,1
2026-03-29 07:45:00,1,4,8,20,7,6,1
2026-03-29 08:00:00,1,3,1,21,8,6,1
2026-03-29 08:15:00,1,5,11,30,8,6,1
2026-03-29 08:30:00,1,2,5,12,8,6,1
2026-03-29 08:45:00,1,4,9,20,8,6,1
2026-03-29 09:00:00,1,5,24,30,9,6,1
2026-03-29 09:15:00,1,4,17,20,9,6,1
2026-03-29 09:30:00,1,3,19,21,9,6,1
2026-03-29 09:45:00,1,5,18,25,9,6,1
2026-03-29 10:00:00,1,5,19,30,10,6,1
2026-03-29 10:15:00,1,5,15,20,10,6,1
2026-03-29 10:30:00,1,3,22,12,10,6,11
2026-03-29 10:45:00,11,2,21,14,10,6,17
2026-03-29 11:00:00,17,4,17,24,11,6,13
2026-03-29 11:15:00,13,5,18,30,11,6,1
2026-03-29 11:30:00,1,3,22,12,11,6,12
2026-03-29 11:45:00,12,5,16,20,11,6,8
2026-03-29 12:00:00,8,2,21,12,12,6,16
2026-03-29 12:15:00,16,4,16,16,12,6,13
2026-03-29 12:30:00,13,4,19,24,12,6,9
2026-03-29 12:45:00,9,3,14,15,12,6,9
2026-03-29 13:00:00,9,4,9,16,13,6,1
2026-03-29 13:15:00,1,2,10,12,13,6,1
2026-03-29 13:30:00,1,5,7,25,13,6,1
2026-03-29 13:45:00,1,3,8,12,13,6,1
2026-03-29 14:00:00,1,3,12,21,14,6,1
2026-03-29 14:15:00,1,2,11,8,14,6,2
2026-03-29 14:30:00,2,4,16,20,14,6,1
2026-03-29 14:45:00,1,5,17,20,14,6,1
2026-03-29 15:00:00,1,3,14,15,15,6,1
2026-03-29 15:15:00,1,5,11,20,15,6,1
2026-03-29 15:30:00,1,4,13,24,15,6,1
2026-03-29 15:45:00,1,3,14,12,15,6,2
2026-03-29 16:00:00,2,4,11,20,16,6,1
2026-03-29 16:15:00,1,2,13,8,16,6,5
2026-03-29 16:30:00,5,2,15,12,16,6,7
2026-03-29 16:45:00,7,5,16,25,16,6,1
2026-03-29 17:00:00,1,2,20,8,17,6,11
2026-03-29 17:15:00,11,5,9,30,17,6,1
2026-03-29 17:30:00,1,4,12,24,17,6,1
2026-03-29 17:45:00,1,2,8,8,17,6,1
2026-03-29 18:00:00,1,5,9,25,18,6,1
2026-03-29 18:15:00,1,5,4,20,18,6,1
2026-03-29 18:30:00,1,4,12,24,18,6,1
2026-03-29 18:45:00,1,5,14,25,18,6,1
2026-03-29 19:00:00,1,5,19,30,19,6,1
2026-03-29 19:15:00,1,2,14,12,19,6,1
2026-03-29 19:30:00,1,4,10,20,19,6,1
2026-03-29 19:45:00,1,3,8,15,19,6,1
2026-03-29 20:00:00,1,4,9,24,20,6,1
2026-03-29 20:15:00,1,5,10,20,20,6,1
2026-03-29 20:30:00,1,4,0,20,20,6,1
2026-03-29 20:45:00,1,3,10,18,20,6,1
2026-03-29 21:00:00,1,3,3,18,21,6,1
2026-03-29 21:15:00,1,5,5,25,21,6,1
2026-03-29 21:30:00,1,2,8,10,21,6,1
2026-03-29 21:45:00,1,5,9,25,21,6,1
2026-03-29 22:00:00,1,3,4,15,22,6,1
2026-03-29 22:15:00,1,3,10,12,22,6,1
2026-03-29 22:30:00,1,4,5,20,22,6,1
2026-03-29 22:45:00,1,3,1,18,22,6,1
2026-03-29 23:00:00,1,3,9,12,23,6,1
2026-03-29 23:15:00,1,2,5,12,23,6,1
2026-03-29 23:30:00,1,2,6,8,23,6,1
2026-03-29 23:45:00,1,2,5,10,23,6,1
2026-03-30 00:00:00,1,5,8,35,0,0,1
2026-03-30 00:15:00,1,2,7,10,0,0,1
2026-03-30 00:30:00,1,2,4,12,0,0,1
2026-03-30 00:45:00,1,5,4,20,0,0,1
2026-03-30 01:00:00,1,4,6,24,1,0,1
2026-03-30 01:15:00,1,2,6,14,1,0,1
2026-03-30 01:30:00,1,2,6,10,1,0,1
2026-03-30 01:45:00,1,2,8,12,1,0,1
2026-03-30 02:00:00,1,2,3,12,2,0,1
2026-03-30 02:15:00,1,2,11,8,2,0,3
2026-03-30 02:30:00,3,2,15,8,2,0,11
2026-03-30 02:45:00,11,3,15,12,2,0,12
2026-03-30 03:00:00,12,2,12,10,3,0,13
2026-03-30 03:15:00,13,4,5,20,3,0,1
2026-03-30 03:30:00,1,4,3,16,3,0,1
2026-03-30 03:45:00,1,4,1,28,3,0,1
2026-03-30 04:00:00,1,5,8,30,4,0,1
2026-03-30 04:15:00,1,3,6,15,4,0,1
2026-03-30 04:30:00,1,3,6,12,4,0,1
2026-03-30 04:45:00,1,3,9,18,4,0,1
2026-03-30 05:00:00,1,3,5,12,5,0,1
2026-03-30 05:15:00,1,4,4,28,5,0,1
2026-03-30 05:30:00,1,2,10,14,5,0,1
2026-03-30 05:45:00,1,4,8,16,5,0,1
2026-03-30 06:00:00,1,4,10,16,6,0,1
2026-03-30 06:15:00,1,3,12,21,6,0,1
2026-03-30 06:30:00,1,4,14,24,6,0,1
2026-03-30 06:45:00,1,5,9,25,6,0,1
2026-03-30 07:00:00,1,4,7,28,7,0,1
2026-03-30 07:15:00,1,3,7,12,7,0,1
2026-03-30 07:30:00,1,4,1,28,7,0,1
2026-03-30 07:45:00,1,3,6,12,7,0,1
2026-03-30 08:00:00,1,4,7,24,8,0,1
2026-03-30 08:15:00,1,5,10,20,8,0,1
2026-03-30 08:30:00,1,3,12,12,8,0,3
2026-03-30 08:45:00,3,5,11,25,8,0,1
2026-03-30 09:00:00,1,5,22,35,9,0,1
2026-03-30 09:15:00,1,2,20,14,9,0,6
2026-03-30 09:30:00,6,3,17,15,9,0,9
2026-03-30 09:45:00,9,3,19,15,9,0,8
2026-03-30 10:00:00,8,3,18,18,10,0,8
2026-03-30 10:15:00,8,4,19,28,10,0,1
2026-03-30 10:30:00,1,5,15,35,10,0,1
2026-03-30 10:45:00,1,5,23,35,10,0,1
2026-03-30 11:00:00,1,2,19,10,11,0,10
2026-03-30 11:15:00,10,5,23,25,11,0,7
2026-03-30 11:30:00,7,3,20,21,11,0,7
2026-03-30 11:45:00,7,3,20,12,11,0,15
2026-03-30 12:00:00,15,2,17,14,12,0,20
2026-03-30 12:15:00,20,4,21,28,12,0,11
2026-03-30 12:30:00,11,5,16,35,12,0,1
2026-03-30 12:45:00,1,3,23,15,12,0,7
2026-03-30 13:00:00,7,2,11,10,13,0,7
2026-03-30 13:15:00,7,5,17,30,13,0,1
2026-03-30 13:30:00,1,3,20,18,13,0,3
2026-03-30 13:45:00,3,3,19,15,13,0,7
2026-03-30 14:00:00,7,5,9,35,14,0,1
2026-03-30 14:15:00,1,3,13,18,14,0,1
2026-03-30 14:30:00,1,5,12,30,14,0,1
2026-03-30 14:45:00,1,4,15,28,14,0,1
2026-03-30 15:00:00,1,2,12,8,15,0,8
2026-03-30 15:15:00,8,5,22,25,15,0,3
2026-03-30 15:30:00,3,4,13,24,15,0,1
2026-03-30 15:45:00,1,2,19,8,15,0,13
2026-03-30 16:00:00,13,4,25,20,16,0,18
2026-03-30 16:15:00,18,4,18,28,16,0,8
2026-03-30 16:30:00,8,2,18,12,16,0,15
2026-03-30 16:45:00,15,2,18,14,16,0,18
2026-03-30 17:00:00,18,5,17,35,17,0,1
2026-03-30 17:15:00,1,3,12,21,17,0,1
2026-03-30 17:30:00,1,2,12,10,17,0,3
2026-03-30 17:45:00,3,5,13,20,17,0,1
2026-03-30 18:00:00,1,4,16,16,18,0,4
2026-03-30 18:15:00,4,2,14,8,18,0,8
2026-03-30 18:30:00,8,2,16,10,18,0,15
2026-03-30 18:45:00,15,4,20,20,18,0,15
2026-03-30 19:00:00,15,5,12,20,19,0,7
2026-03-30 19:15:00,7,2,18,8,19,0,16
2026-03-30 19:30:00,16,4,13,20,19,0,10
2026-03-30 19:45:00,10,2,14,8,19,0,20
2026-03-30 20:00:00,20,4,11,24,20,0,10
2026-03-30 20:15:00,10,5,14,20,20,0,7
2026-03-30 20:30:00,7,5,11,20,20,0,1
2026-03-30 20:45:00,1,5,16,25,20,0,1
2026-03-30 21:00:00,1,5,5,35,21,0,1
2026-03-30 21:15:00,1,4,12,20,21,0,1
2026-03-30 21:30:00,1,2,6,12,21,0,1
2026-03-30 21:45:00,1,4,8,16,21,0,1
2026-03-30 22:00:00,1,5,13,35,22,0,1
2026-03-30 22:15:00,1,4,2,24,22,0,1
2026-03-30 22:30:00,1,4,6,16,22,0,1
2026-03-30 22:45:00,1,5,8,20,22,0,1
2026-03-30 23:00:00,1,5,3,25,23,0,1
2026-03-30 23:15:00,1,3,8,18,23,0,1
2026-03-30 23:30:00,1,3,4,15,23,0,1
2026-03-30 23:45:00,1,5,6,25,23,0,1
2026-03-31 00:00:00,1,4,6,16,0,1,1
2026-03-31 00:15:00,1,5,11,25,0,1,1
2026-03-31 00:30:00,1,3,9,18,0,1,1
2026-03-31 00:45:00,1,3,2,15,0,1,1
2026-03-31 01:00:00,1,2,12,10,1,1,2
2026-03-31 01:15:00,2,5,9,35,1,1,1
2026-03-31 01:30:00,1,4,10,20,1,1,1
2026-03-31 01:45:00,1,5,5,35,1,1,1
2026-03-31 02:00:00,1,5,7,25,2,1,1
2026-03-31 02:15:00,1,4,6,20,2,1,1
2026-03-31 02:30:00,1,4,18,16,2,1,1
2026-03-31 02:45:00,1,5,9,25,2,1,1
2026-03-31 03:00:00,1,3,1,12,3,1,1
2026-03-31 03:15:00,1,3,19,15,3,1,8
2026-03-31 03:30:00,8,3,11,18,3,1,1
2026-03-31 03:45:00,1,5,8,25,3,1,1
2026-03-31 04:00:00,1,3,5,21,4,1,1
2026-03-31 04:15:00,1,3,11,21,4,1,1
2026-03-31 04:30:00,1,5,5,20,4,1,1
2026-03-31 04:45:00,1,5,12,20,4,1,1
2026-03-31 05:00:00,1,2,7,12,5,1,1
2026-03-31 05:15:00,1,5,0,20,5,1,1
2026-03-31 05:30:00,1,2,11,10,5,1,1
2026-03-31 05:45:00,1,2,5,10,5,1,1
2026-03-31 06:00:00,1,5,11,20,6,1,1
2026-03-31 06:15:00,1,4,12,20,6,1,1
2026-03-31 06:30:00,1,5,10,35,6,1,1
2026-03-31 06:45:00,1,2,11,8,6,1,1
2026-03-31 07:00:00,1,5,5,35,7,1,1
2026-03-31 07:15:00,1,5,10,20,7,1,1
2026-03-31 07:30:00,1,5,11,30,7,1,1
2026-03-31 07:45:00,1,4,7,24,7,1,1
2026-03-31 08:00:00,1,3,10,12,8,1,1
2026-03-31 08:15:00,1,2,11,8,8,1,5
2026-03-31 08:30:00,5,2,9,12,8,1,1
2026-03-31 08:45:00,1,4,8,28,8,1,1
2026-03-31 09:00:00,1,5,26,30,9,1,1
2026-03-31 09:15:00,1,5,16,35,9,1,1
2026-03-31 09:30:00,1,4,17,16,9,1,5
2026-03-31 09:45:00,5,4,27,20,9,1,14
2026-03-31 10:00:00,14,2,13,10,10,1,15
2026-03-31 10:15:00,15,5,23,30,10,1,8
2026-03-31 10:30:00,8,5,16,25,10,1,1
2026-03-31 10:45:00,1,5,28,25,10,1,4
2026-03-31 11:00:00,4,2,19,8,11,1,14
2026-03-31 11:15:00,14,4,21,16,11,1,20
2026-03-31 11:30:00,20,3,17,18,11,1,18
2026-03-31 11:45:00,18,5,15,20,11,1,13
2026-03-31 12:00:00,13,5,20,35,12,1,1
2026-03-31 12:15:00,1,2,20,14,12,1,9
2026-03-31 12:30:00,9,3,24,21,12,1,14
2026-03-31 12:45:00,14,4,19,24,12,1,12
2026-03-31 13:00:00,12,2,15,14,13,1,15
2026-03-31 13:15:00,15,5,9,20,13,1,2
2026-03-31 13:30:00,2,5,15,35,13,1,1
2026-03-31 13:45:00,1,5,21,35,13,1,1
2026-03-31 14:00:00,1,5,16,25,14,1,1
2026-03-31 14:15:00,1,4,18,16,14,1,1
2026-03-31 14:30:00,1,2,20,14,14,1,7
2026-03-31 14:45:00,7,4,25,28,14,1,3
2026-03-31 15:00:00,3,3,9,15,15,1,1
2026-03-31 15:15:00,1,3,23,18,15,1,2
2026-03-31 15:30:00,2,4,19,16,15,1,7
2026-03-31 15:45:00,7,3,20,18,15,1,9
2026-03-31 16:00:00,9,5,17,25,16,1,1
2026-03-31 16:15:00,1,2,21,10,16,1,12
2026-03-31 16:30:00,12,5,16,35,16,1,1
2026-03-31 16:45:00,1,5,17,20,16,1,1
2026-03-31 17:00:00,1,3,21,15,17,1,7
2026-03-31 17:15:00,7,3,21,15,17,1,12
2026-03-31 17:30:00,12,4,13,28,17,1,1
2026-03-31 17:45:00,1,3,14,15,17,1,1
2026-03-31 18:00:00,1,4,12,28,18,1,1
2026-03-31 18:15:00,1,3,15,21,18,1,1
2026-03-31 18:30:00,1,5,18,25,18,1,1
2026-03-31 18:45:00,1,5,15,30,18,1,1
2026-03-31 19:00:00,1,3,17,21,19,1,1
2026-03-31 19:15:00,1,5,21,35,19,1,1
2026-03-31 19:30:00,1,5,17,20,19,1,1
2026-03-31 19:45:00,1,5,11,20,19,1,1
2026-03-31 20:00:00,1,4,8,24,20,1,1
2026-03-31 20:15:00,1,3,6,21,20,1,1
2026-03-31 20:30:00,1,3,12,18,20,1,1
2026-03-31 20:45:00,1,3,6,12,20,1,1
2026-03-31 21:00:00,1,5,10,25,21,1,1
2026-03-31 21:15:00,1,3,5,18,21,1,1
2026-03-31 21:30:00,1,3,3,18,21,1,1
2026-03-31 21:45:00,1,3,10,12,21,1,1
2026-03-31 22:00:00,1,2,8,14,22,1,1
2026-03-31 22:15:00,1,3,18,21,22,1,1
2026-03-31 22:30:00,1,5,8,25,22,1,1
2026-03-31 22:45:00,1,4,5,28,22,1,1
2026-03-31 23:00:00,1,2,12,12,23,1,1
2026-03-31 23:15:00,1,3,15,15,23,1,3
2026-03-31 23:30:00,3,3,7,15,23,1,1
2026-03-31 23:45:00,1,5,1,25,23,1,1
2026-04-01 00:00:00,1,2,4,10,0,2,1
2026-04-01 00:15:00,1,3,11,15,0,2,1
2026-04-01 00:30:00,1,3,11,12,0,2,1
2026-04-01 00:45:00,1,4,6,24,0,2,1
2026-04-01 01:00:00,1,4,11,20,1,2,1
2026-04-01 01:15:00,1,4,3,16,1,2,1
2026-04-01 01:30:00,1,3,9,18,1,2,1
2026-04-01 01:45:00,1,4,13,24,1,2,1
2026-04-01 02:00:00,1,4,8,20,2,2,1
2026-04-01 02:15:00,1,4,5,20,2,2,1
2026-04-01 02:30:00,1,5,9,35,2,2,1
2026-04-01 02:45:00,1,3,9,18,2,2,1
2026-04-01 03:00:00,1,3,9,18,3,2,1
2026-04-01 03:15:00,1,2,16,14,3,2,6
2026-04-01 03:30:00,6,3,4,21,3,2,1
2026-04-01 03:45:00,1,5,6,20,3,2,1
2026-04-01 04:00:00,1,3,3,18,4,2,1
2026-04-01 04:15:00,1,2,11,10,4,2,3
2026-04-01 04:30:00,3,3,6,15,4,2,1
2026-04-01 04:45:00,1,5,2,30,4,2,1
2026-04-01 05:00:00,1,4,8,24,5,2,1
2026-04-01 05:15:00,1,4,13,24,5,2,1
2026-04-01 05:30:00,1,4,11,16,5,2,1
2026-04-01 05:45:00,1,3,9,21,5,2,1
2026-04-01 06:00:00,1,5,11,20,6,2,1
2026-04-01 06:15:00,1,5,7,35,6,2,1
2026-04-01 06:30:00,1,4,12,28,6,2,1
2026-04-01 06:45:00,1,3,8,18,6,2,1
2026-04-01 07:00:00,1,5,3,30,7,2,1
2026-04-01 07:15:00,1,3,3,21,7,2,1
2026-04-01 07:30:00,1,4,3,20,7,2,1
2026-04-01 07:45:00,1,3,4,12,7,2,1
2026-04-01 08:00:00,1,5,7,20,8,2,1
2026-04-01 08:15:00,1,2,6,14,8,2,1
2026-04-01 08:30:00,1,2,3,8,8,2,1
2026-04-01 08:45:00,1,5,9,35,8,2,1
2026-04-01 09:00:00,1,4,23,20,9,2,4
2026-04-01 09:15:00,4,2,19,8,9,2,18
2026-04-01 09:30:00,18,5,20,35,9,2,1
2026-04-01 09:45:00,1,2,25,12,9,2,11
2026-04-01 10:00:00,11,2,24,8,10,2,30
2026-04-01 10:15:00,30,2,22,14,10,2,36
2026-04-01 10:30:00,36,5,16,30,10,2,23
2026-04-01 10:45:00,23,3,16,15,10,2,25
2026-04-01 11:00:00,25,3,11,15,11,2,20
2026-04-01 11:15:00,20,4,21,28,11,2,14
2026-04-01 11:30:00,14,2,21,12,11,2,23
2026-04-01 11:45:00,23,5,25,25,11,2,21
2026-04-01 12:00:00,21,2,18,10,12,2,25
2026-04-01 12:15:00,25,3,21,15,12,2,30
2026-04-01 12:30:00,30,4,20,24,12,2,26
2026-04-01 12:45:00,26,5,19,20,12,2,23
2026-04-01 13:00:00,23,5,17,35,13,2,8
2026-04-01 13:15:00,8,2,19,10,13,2,14
2026-04-01 13:30:00,14,2,16,14,13,2,14
2026-04-01 13:45:00,14,2,20,10,13,2,21
2026-04-01 14:00:00,21,4,14,16,14,2,18
2026-04-01 14:15:00,18,5,23,25,14,2,13
2026-04-01 14:30:00,13,5,11,20,14,2,5
2026-04-01 14:45:00,5,4,19,24,14,2,1
2026-04-01 15:00:00,1,4,20,28,15,2,1
2026-04-01 15:15:00,1,3,15,18,15,2,1
2026-04-01 15:30:00,1,2,11,8,15,2,7
2026-04-01 15:45:00,7,2,16,12,15,2,13
2026-04-01 16:00:00,13,3,21,18,16,2,16
2026-04-01 16:15:00,16,5,18,30,16,2,4
2026-04-01 16:30:00,4,3,21,15,16,2,10
2026-04-01 16:45:00,10,5,15,25,16,2,1
2026-04-01 17:00:00,1,5,16,20,17,2,1
2026-04-01 17:15:00,1,4,16,24,17,2,1
2026-04-01 17:30:00,1,3,11,15,17,2,1
2026-04-01 17:45:00,1,5,15,35,17,2,1
2026-04-01 18:00:00,1,2,21,12,18,2,10
2026-04-01 18:15:00,10,4,22,28,18,2,3
2026-04-01 18:30:00,3,2,11,10,18,2,1
2026-04-01 18:45:00,1,2,14,10,18,2,4
2026-04-01 19:00:00,4,5,11,25,19,2,1
2026-04-01 19:15:00,1,4,18,20,19,2,1
2026-04-01 19:30:00,1,3,17,21,19,2,1
2026-04-01 19:45:00,1,3,14,18,19,2,1
2026-04-01 20:00:00,1,5,0,35,20,2,1
2026-04-01 20:15:00,1,4,8,20,20,2,1
2026-04-01 20:30:00,1,4,11,16,20,2,1
2026-04-01 20:45:00,1,5,9,20,20,2,1
2026-04-01 21:00:00,1,2,7,14,21,2,1
2026-04-01 21:15:00,1,5,6,25,21,2,1
2026-04-01 21:30:00,1,5,7,25,21,2,1
2026-04-01 21:45:00,1,5,7,25,21,2,1
2026-04-01 22:00:00,1,4,13,24,22,2,1
2026-04-01 22:15:00,1,4,6,28,22,2,1
2026-04-01 22:30:00,1,5,7,20,22,2,1
2026-04-01 22:45:00,1,5,5,25,22,2,1
2026-04-01 23:00:00,1,4,9,24,23,2,1
2026-04-01 23:15:00,1,5,12,30,23,2,1
2026-04-01 23:30:00,1,3,12,21,23,2,1
2026-04-01 23:45:00,1,2,14,8,23,2,7
2026-04-02 00:00:00,7,4,3,16,0,3,1
2026-04-02 00:15:00,1,4,6,20,0,3,1
2026-04-02 00:30:00,1,5,8,35,0,3,1
2026-04-02 00:45:00,1,4,14,24,0,3,1
2026-04-02 01:00:00,1,4,9,16,1,3,1
2026-04-02 01:15:00,1,3,8,21,1,3,1
2026-04-02 01:30:00,1,5,2,25,1,3,1
2026-04-02 01:45:00,1,2,13,12,1,3,1
2026-04-02 02:00:00,1,2,4,10,2,3,1
2026-04-02 02:15:00,1,4,4,24,2,3,1
2026-04-02 02:30:00,1,5,19,30,2,3,1
2026-04-02 02:45:00,1,2,10,12,2,3,1
2026-04-02 03:00:00,1,3,13,21,3,3,1
2026-04-02 03:15:00,1,2,0,12,3,3,1
2026-04-02 03:30:00,1,2,16,10,3,3,3
2026-04-02 03:45:00,3,2,7,8,3,3,4
2026-04-02 04:00:00,4,4,3,16,4,3,1
2026-04-02 04:15:00,1,3,14,21,4,3,1
2026-04-02 04:30:00,1,4,10,20,4,3,1
2026-04-02 04:45:00,1,3,12,18,4,3,1
2026-04-02 05:00:00,1,3,9,21,5,3,1
2026-04-02 05:15:00,1,2,5,12,5,3,1
2026-04-02 05:30:00,1,4,12,16,5,3,1
2026-04-02 05:45:00,1,3,14,12,5,3,1
2026-04-02 06:00:00,1,3,13,15,6,3,1
2026-04-02 06:15:00,1,3,9,12,6,3,1
2026-04-02 06:30:00,1,3,8,15,6,3,1
2026-04-02 06:45:00,1,5,7,25,6,3,1
2026-04-02 07:00:00,1,3,15,15,7,3,2
2026-04-02 07:15:00,2,5,5,20,7,3,1
2026-04-02 07:30:00,1,2,1,14,7,3,1
2026-04-02 07:45:00,1,4,14,28,7,3,1
2026-04-02 08:00:00,1,5,8,30,8,3,1
2026-04-02 08:15:00,1,2,8,14,8,3,1
2026-04-02 08:30:00,1,5,13,30,8,3,1
2026-04-02 08:45:00,1,5,9,30,8,3,1
2026-04-02 09:00:00,1,5,21,35,9,3,1
2026-04-02 09:15:00,1,2,23,12,9,3,10
2026-04-02 09:30:00,10,3,17,21,9,3,5
2026-04-02 09:45:00,5,4,20,24,9,3,1
2026-04-02 10:00:00,1,2,19,8,10,3,11
2026-04-02 10:15:00,11,3,21,18,10,3,13
2026-04-02 10:30:00,13,3,23,12,10,3,21
2026-04-02 10:45:00,21,3,24,12,10,3,31
2026-04-02 11:00:00,31,3,20,15,11,3,35
2026-04-02 11:15:00,35,5,17,30,11,3,24
2026-04-02 11:30:00,24,2,16,14,11,3,28
2026-04-02 11:45:00,28,5,20,30,11,3,15
2026-04-02 12:00:00,15,5,24,25,12,3,15
2026-04-02 12:15:00,15,2,19,8,12,3,26
2026-04-02 12:30:00,26,2,18,10,12,3,36
2026-04-02 12:45:00,36,4,21,24,12,3,33
2026-04-02 13:00:00,33,4,22,28,13,3,27
2026-04-02 13:15:00,27,2,20,10,13,3,38
2026-04-02 13:30:00,38,3,20,12,13,3,45
2026-04-02 13:45:00,45,4,18,20,13,3,44
2026-04-02 14:00:00,44,5,15,30,14,3,25
2026-04-02 14:15:00,25,4,15,28,14,3,19
2026-04-02 14:30:00,19,4,14,16,14,3,17
2026-04-02 14:45:00,17,5,12,20,14,3,5
2026-04-02 15:00:00,5,4,14,16,15,3,1
2026-04-02 15:15:00,1,2,21,8,15,3,13
2026-04-02 15:30:00,13,4,14,24,15,3,3
2026-04-02 15:45:00,3,3,19,12,15,3,9
2026-04-02 16:00:00,9,4,21,16,16,3,17
2026-04-02 16:15:00,17,4,17,20,16,3,15
2026-04-02 16:30:00,15,5,13,35,16,3,1
2026-04-02 16:45:00,1,2,11,8,16,3,6
2026-04-02 17:00:00,6,3,16,18,17,3,1
2026-04-02 17:15:00,1,5,13,25,17,3,1
2026-04-02 17:30:00,1,5,11,35,17,3,1
2026-04-02 17:45:00,1,3,13,18,17,3,1
2026-04-02 18:00:00,1,3,16,15,18,3,1
2026-04-02 18:15:00,1,3,17,21,18,3,1
2026-04-02 18:30:00,1,5,3,30,18,3,1
2026-04-02 18:45:00,1,4,15,24,18,3,1
2026-04-02 19:00:00,1,5,9,20,19,3,1
2026-04-02 19:15:00,1,2,11,12,19,3,1
2026-04-02 19:30:00,1,3,19,18,19,3,3
2026-04-02 19:45:00,3,3,13,12,19,3,6
2026-04-02 20:00:00,6,2,13,14,20,3,5
2026-04-02 20:15:00,5,3,8,18,20,3,1
2026-04-02 20:30:00,1,3,14,12,20,3,3
2026-04-02 20:45:00,3,2,2,10,20,3,1
2026-04-02 21:00:00,1,3,8,15,21,3,1
2026-04-02 21:15:00,1,2,8,12,21,3,1
2026-04-02 21:30:00,1,5,14,35,21,3,1
2026-04-02 21:45:00,1,5,7,25,21,3,1
2026-04-02 22:00:00,1,3,9,18,22,3,1
2026-04-02 22:15:00,1,2,9,10,22,3,1
2026-04-02 22:30:00,1,4,12,20,22,3,1
2026-04-02 22:45:00,1,5,10,20,22,3,1
2026-04-02 23:00:00,1,4,8,28,23,3,1
2026-04-02 23:15:00,1,4,11,16,23,3,1
2026-04-02 23:30:00,1,3,9,15,23,3,1
2026-04-02 23:45:00,1,4,5,20,23,3,1
2026-04-03 00:00:00,1,2,12,14,0,4,1
2026-04-03 00:15:00,1,2,13,10,0,4,6
2026-04-03 00:30:00,6,3,4,12,0,4,1
2026-04-03 00:45:00,1,2,9,12,0,4,1
2026-04-03 01:00:00,1,3,13,21,1,4,1
2026-04-03 01:15:00,1,4,5,16,1,4,1
2026-04-03 01:30:00,1,5,13,25,1,4,1
2026-04-03 01:45:00,1,2,13,14,1,4,1
2026-04-03 02:00:00,1,3,11,18,2,4,1
2026-04-03 02:15:00,1,2,11,14,2,4,1
2026-04-03 02:30:00,1,5,9,25,2,4,1
2026-04-03 02:45:00,1,2,15,14,2,4,3
2026-04-03 03:00:00,3,3,4,15,3,4,1
2026-04-03 03:15:00,1,3,7,18,3,4,1
2026-04-03 03:30:00,1,3,7,18,3,4,1
2026-04-03 03:45:00,1,3,14,15,3,4,1
2026-04-03 04:00:00,1,4,9,20,4,4,1
2026-04-03 04:15:00,1,4,6,20,4,4,1
2026-04-03 04:30:00,1,2,9,8,4,4,3
2026-04-03 04:45:00,3,4,10,28,4,4,1
2026-04-03 05:00:00,1,4,2,20,5,4,1
2026-04-03 05:15:00,1,2,10,14,5,4,1
2026-04-03 05:30:00,1,4,8,20,5,4,1
2026-04-03 05:45:00,1,2,8,10,5,4,1
2026-04-03 06:00:00,1,3,0,18,6,4,1
2026-04-03 06:15:00,1,2,15,8,6,4,9
2026-04-03 06:30:00,9,3,4,15,6,4,1
2026-04-03 06:45:00,1,4,8,28,6,4,1
2026-04-03 07:00:00,1,3,5,12,7,4,1
2026-04-03 07:15:00,1,2,16,14,7,4,3
2026-04-03 07:30:00,3,5,9,35,7,4,1
2026-04-03 07:45:00,1,4,11,24,7,4,1
2026-04-03 08:00:00,1,4,1,20,8,4,1
2026-04-03 08:15:00,1,4,8,28,8,4,1
2026-04-03 08:30:00,1,2,6,10,8,4,1
2026-04-03 08:45:00,1,5,7,25,8,4,1
2026-04-03 09:00:00,1,5,23,20,9,4,4
2026-04-03 09:15:00,4,5,23,30,9,4,1
2026-04-03 09:30:00,1,3,14,12,9,4,3
2026-04-03 09:45:00,3,4,17,28,9,4,1
2026-04-03 10:00:00,1,2,19,8,10,4,12
2026-04-03 10:15:00,12,3,20,21,10,4,13
2026-04-03 10:30:00,13,3,14,21,10,4,5
2026-04-03 10:45:00,5,5,20,20,10,4,5
2026-04-03 11:00:00,5,3,18,21,11,4,1
2026-04-03 11:15:00,1,5,24,20,11,4,1
2026-04-03 11:30:00,1,5,27,20,11,4,5
2026-04-03 11:45:00,5,3,20,21,11,4,1
2026-04-03 12:00:00,1,2,18,12,12,4,10
2026-04-03 12:15:00,10,5,22,25,12,4,5
2026-04-03 12:30:00,5,2,21,12,12,4,15
2026-04-03 12:45:00,15,3,19,21,12,4,11
2026-04-03 13:00:00,11,2,23,14,13,4,20
2026-04-03 13:15:00,20,3,8,12,13,4,17
2026-04-03 13:30:00,17,5,21,35,13,4,1
2026-04-03 13:45:00,1,2,13,12,13,4,5
2026-04-03 14:00:00,5,4,16,24,14,4,1
2026-04-03 14:15:00,1,2,11,12,14,4,1
2026-04-03 14:30:00,1,5,21,30,14,4,1
2026-04-03 14:45:00,1,4,21,28,14,4,1
2026-04-03 15:00:00,1,4,17,24,15,4,1
2026-04-03 15:15:00,1,2,25,12,15,4,9
2026-04-03 15:30:00,9,2,21,10,15,4,22
2026-04-03 15:45:00,22,4,18,28,15,4,11
2026-04-03 16:00:00,11,3,22,12,16,4,22
2026-04-03 16:15:00,22,2,21,14,16,4,30
2026-04-03 16:30:00,30,5,19,20,16,4,29
2026-04-03 16:45:00,29,4,19,20,16,4,24
2026-04-03 17:00:00,24,3,12,18,17,4,17
2026-04-03 17:15:00,17,2,16,10,17,4,23
2026-04-03 17:30:00,23,4,9,24,17,4,5
2026-04-03 17:45:00,5,3,21,15,17,4,8
2026-04-03 18:00:00,8,4,14,16,18,4,5
2026-04-03 18:15:00,5,2,14,14,18,4,4
2026-04-03 18:30:00,4,2,8,8,18,4,3
2026-04-03 18:45:00,3,4,15,28,18,4,1
2026-04-03 19:00:00,1,5,14,35,19,4,1
2026-04-03 19:15:00,1,5,12,25,19,4,1
2026-04-03 19:30:00,1,3,13,12,19,4,2
2026-04-03 19:45:00,2,3,15,15,19,4,1
2026-04-03 20:00:00,1,3,11,15,20,4,1
2026-04-03 20:15:00,1,5,7,25,20,4,1
2026-04-03 20:30:00,1,4,14,20,20,4,1
2026-04-03 20:45:00,1,5,9,25,20,4,1
2026-04-03 21:00:00,1,4,5,20,21,4,1
2026-04-03 21:15:00,1,3,5,12,21,4,1
2026-04-03 21:30:00,1,5,11,35,21,4,1
2026-04-03 21:45:00,1,4,10,28,21,4,1
2026-04-03 22:00:00,1,4,9,20,22,4,1
2026-04-03 22:15:00,1,3,8,12,22,4,1
2026-04-03 22:30:00,1,5,10,35,22,4,1
2026-04-03 22:45:00,1,5,4,25,22,4,1
2026-04-03 23:00:00,1,2,6,8,23,4,1
2026-04-03 23:15:00,1,2,3,10,23,4,1
2026-04-03 23:30:00,1,2,10,14,23,4,1
2026-04-03 23:45:00,1,3,2,21,23,4,1
2026-04-04 00:00:00,1,3,5,21,0,5,1
2026-04-04 00:15:00,1,3,4,12,0,5,1
2026-04-04 00:30:00,1,4,5,24,0,5,1
2026-04-04 00:45:00,1,2,0,10,0,5,1
2026-04-04 01:00:00,1,5,8,20,1,5,1
2026-04-04 01:15:00,1,4,3,24,1,5,1
2026-04-04 01:30:00,1,4,0,16,1,5,1
2026-04-04 01:45:00,1,2,4,8,1,5,1
2026-04-04 02:00:00,1,5,7,30,2,5,1
2026-04-04 02:15:00,1,2,5,12,2,5,1
2026-04-04 02:30:00,1,4,13,20,2,5,1
2026-04-04 02:45:00,1,3,2,15,2,5,1
2026-04-04 03:00:00,1,2,1,12,3,5,1
2026-04-04 03:15:00,1,4,4,20,3,5,1
2026-04-04 03:30:00,1,2,1,10,3,5,1
2026-04-04 03:45:00,1,5,8,35,3,5,1
2026-04-04 04:00:00,1,5,9,25,4,5,1
2026-04-04 04:15:00,1,2,6,10,4,5,1
2026-04-04 04:30:00,1,4,4,28,4,5,1
2026-04-04 04:45:00,1,4,9,24,4,5,1
2026-04-04 05:00:00,1,3,1,18,5,5,1
2026-04-04 05:15:00,1,2,3,10,5,5,1
2026-04-04 05:30:00,1,2,4,8,5,5,1
2026-04-04 05:45:00,1,2,9,12,5,5,1
2026-04-04 06:00:00,1,5,8,30,6,5,1
2026-04-04 06:15:00,1,2,7,8,6,5,1
2026-04-04 06:30:00,1,2,2,8,6,5,1
2026-04-04 06:45:00,1,5,2,20,6,5,1
2026-04-04 07:00:00,1,4,0,20,7,5,1
2026-04-04 07:15:00,1,4,7,16,7,5,1
2026-04-04 07:30:00,1,3,9,21,7,5,1
2026-04-04 07:45:00,1,5,0,20,7,5,1
2026-04-04 08:00:00,1,3,3,12,8,5,1
2026-04-04 08:15:00,1,2,6,14,8,5,1
2026-04-04 08:30:00,1,5,9,30,8,5,1
2026-04-04 08:45:00,1,2,9,10,8,5,1
2026-04-04 09:00:00,1,2,15,12,9,5,6
2026-04-04 09:15:00,6,4,14,16,9,5,5
2026-04-04 09:30:00,5,5,23,35,9,5,1
2026-04-04 09:45:00,1,2,17,14,9,5,6
2026-04-04 10:00:00,6,3,14,21,10,5,1
2026-04-04 10:15:00,1,5,20,30,10,5,1
2026-04-04 10:30:00,1,2,13,8,10,5,6
2026-04-04 10:45:00,6,5,15,20,10,5,1
2026-04-04 11:00:00,1,4,20,16,11,5,3
2026-04-04 11:15:00,3,3,17,15,11,5,3
2026-04-04 11:30:00,3,4,14,16,11,5,1
2026-04-04 11:45:00,1,2,13,8,11,5,4
2026-04-04 12:00:00,4,2,7,14,12,5,1
2026-04-04 12:15:00,1,3,17,15,12,5,5
2026-04-04 12:30:00,5,3,15,12,12,5,9
2026-04-04 12:45:00,9,5,18,30,12,5,1
2026-04-04 13:00:00,1,3,15,15,13,5,1
2026-04-04 13:15:00,1,2,12,8,13,5,5
2026-04-04 13:30:00,5,3,13,18,13,5,1
2026-04-04 13:45:00,1,2,8,12,13,5,1
2026-04-04 14:00:00,1,4,15,24,14,5,1
2026-04-04 14:15:00,1,3,13,21,14,5,1
2026-04-04 14:30:00,1,5,11,25,14,5,1
2026-04-04 14:45:00,1,5,14,35,14,5,1
2026-04-04 15:00:00,1,3,14,21,15,5,1
2026-04-04 15:15:00,1,5,17,30,15,5,1
2026-04-04 15:30:00,1,3,13,21,15,5,1
2026-04-04 15:45:00,1,3,13,18,15,5,1
2026-04-04 16:00:00,1,4,14,20,16,5,1
2026-04-04 16:15:00,1,5,12,20,16,5,1
2026-04-04 16:30:00,1,3,12,12,16,5,1
2026-04-04 16:45:00,1,5,11,30,16,5,1
2026-04-04 17:00:00,1,2,17,12,17,5,7
2026-04-04 17:15:00,7,2,5,10,17,5,3
2026-04-04 17:30:00,3,4,4,16,17,5,1
2026-04-04 17:45:00,1,3,18,21,17,5,2
2026-04-04 18:00:00,2,4,17,24,18,5,1
2026-04-04 18:15:00,1,2,10,12,18,5,1
2026-04-04 18:30:00,1,3,9,18,18,5,1
2026-04-04 18:45:00,1,5,14,25,18,5,1
2026-04-04 19:00:00,1,2,11,14,19,5,1
2026-04-04 19:15:00,1,2,16,12,19,5,4
2026-04-04 19:30:00,4,3,12,21,19,5,1
2026-04-04 19:45:00,1,3,11,18,19,5,1
2026-04-04 20:00:00,1,2,10,8,20,5,3
2026-04-04 20:15:00,3,5,10,30,20,5,1
2026-04-04 20:30:00,1,4,0,20,20,5,1
2026-04-04 20:45:00,1,2,13,14,20,5,2
2026-04-04 21:00:00,2,3,12,18,21,5,1
2026-04-04 21:15:00,1,2,4,10,21,5,1
2026-04-04 21:30:00,1,2,8,14,21,5,1
2026-04-04 21:45:00,1,4,10,24,21,5,1
2026-04-04 22:00:00,1,4,6,20,22,5,1
2026-04-04 22:15:00,1,4,9,24,22,5,1
2026-04-04 22:30:00,1,3,4,18,22,5,1
2026-04-04 22:45:00,1,5,8,25,22,5,1
2026-04-04 23:00:00,1,3,7,21,23,5,1
2026-04-04 23:15:00,1,2,11,8,23,5,3
2026-04-04 23:30:00,3,5,9,30,23,5,1
2026-04-04 23:45:00,1,2,8,10,23,5,1
2026-04-05 00:00:00,1,4,5,24,0,6,1
2026-04-05 00:15:00,1,4,14,24,0,6,1
2026-04-05 00:30:00,1,2,0,14,0,6,1
2026-04-05 00:45:00,1,4,10,28,0,6,1
2026-04-05 01:00:00,1,3,5,18,1,6,1
2026-04-05 01:15:00,1,5,11,30,1,6,1
2026-04-05 01:30:00,1,5,11,30,1,6,1
2026-04-05 01:45:00,1,2,6,8,1,6,1
2026-04-05 02:00:00,1,4,5,24,2,6,1
2026-04-05 02:15:00,1,2,10,14,2,6,1
2026-04-05 02:30:00,1,3,2,15,2,6,1
2026-04-05 02:45:00,1,2,10,8,2,6,1
2026-04-05 03:00:00,1,3,4,12,3,6,1
2026-04-05 03:15:00,1,3,9,21,3,6,1
2026-04-05 03:30:00,1,3,5,21,3,6,1
2026-04-05 03:45:00,1,5,7,25,3,6,1
2026-04-05 04:00:00,1,5,3,30,4,6,1
2026-04-05 04:15:00,1,5,5,30,4,6,1
2026-04-05 04:30:00,1,4,1,20,4,6,1
2026-04-05 04:45:00,1,4,3,20,4,6,1
2026-04-05 05:00:00,1,3,0,21,5,6,1
2026-04-05 05:15:00,1,5,5,30,5,6,1
2026-04-05 05:30:00,1,3,10,18,5,6,1
2026-04-05 05:45:00,1,3,6,21,5,6,1
2026-04-05 06:00:00,1,3,5,21,6,6,1
2026-04-05 06:15:00,1,4,0,28,6,6,1
2026-04-05 06:30:00,1,5,4,20,6,6,1
2026-04-05 06:45:00,1,5,11,25,6,6,1
2026-04-05 07:00:00,1,5,9,30,7,6,1
2026-04-05 07:15:00,1,5,3,20,7,6,1
2026-04-05 07:30:00,1,5,7,30,7,6,1
2026-04-05 07:45:00,1,5,6,25,7,6,1
2026-04-05 08:00:00,1,2,15,12,8,6,1
2026-04-05 08:15:00,1,3,8,21,8,6,1
2026-04-05 08:30:00,1,2,9,10,8,6,1
2026-04-05 08:45:00,1,5,3,20,8,6,1
2026-04-05 09:00:00,1,4,13,28,9,6,1
2026-04-05 09:15:00,1,2,10,10,9,6,1
2026-04-05 09:30:00,1,4,22,28,9,6,1
2026-04-05 09:45:00,1,5,19,35,9,6,1
2026-04-05 10:00:00,1,5,21,20,10,6,1
2026-04-05 10:15:00,1,5,11,25,10,6,1
2026-04-05 10:30:00,1,4,26,24,10,6,1
2026-04-05 10:45:00,1,2,22,8,10,6,14
2026-04-05 11:00:00,14,2,21,14,11,6,19
2026-04-05 11:15:00,19,3,21,12,11,6,27
2026-04-05 11:30:00,27,2,20,12,11,6,34
2026-04-05 11:45:00,34,4,17,20,11,6,30
2026-04-05 12:00:00,30,2,5,8,12,6,28
2026-04-05 12:15:00,28,4,19,20,12,6,27
2026-04-05 12:30:00,27,5,20,20,12,6,28
2026-04-05 12:45:00,28,2,20,14,12,6,31
2026-04-05 13:00:00,31,2,8,8,13,6,31
2026-04-05 13:15:00,31,5,12,30,13,6,10
2026-04-05 13:30:00,10,5,12,35,13,6,1
2026-04-05 13:45:00,1,4,14,24,13,6,1
2026-04-05 14:00:00,1,2,20,8,14,6,14
2026-04-05 14:15:00,14,5,12,25,14,6,1
2026-04-05 14:30:00,1,5,16,30,14,6,1
2026-04-05 14:45:00,1,2,11,12,14,6,1
2026-04-05 15:00:00,1,2,15,14,15,6,1
2026-04-05 15:15:00,1,2,17,14,15,6,5
2026-04-05 15:30:00,5,2,20,12,15,6,10
2026-04-05 15:45:00,10,4,12,16,15,6,6
2026-04-05 16:00:00,6,4,16,16,16,6,8
2026-04-05 16:15:00,8,2,25,14,16,6,17
2026-04-05 16:30:00,17,4,17,16,16,6,22
2026-04-05 16:45:00,22,3,10,21,16,6,10
2026-04-05 17:00:00,10,3,12,15,17,6,7
2026-04-05 17:15:00,7,4,10,20,17,6,1
2026-04-05 17:30:00,1,2,12,10,17,6,6
2026-04-05 17:45:00,6,5,7,20,17,6,1
2026-04-05 18:00:00,1,3,4,18,18,6,1
2026-04-05 18:15:00,1,4,9,28,18,6,1
2026-04-05 18:30:00,1,2,12,14,18,6,1
2026-04-05 18:45:00,1,2,19,12,18,6,9
2026-04-05 19:00:00,9,4,18,20,19,6,5
2026-04-05 19:15:00,5,3,9,21,19,6,1
2026-04-05 19:30:00,1,3,5,15,19,6,1
2026-04-05 19:45:00,1,2,14,14,19,6,1
2026-04-05 20:00:00,1,5,11,35,20,6,1
2026-04-05 20:15:00,1,2,9,8,20,6,2
2026-04-05 20:30:00,2,5,9,20,20,6,1
2026-04-05 20:45:00,1,3,5,15,20,6,1
2026-04-05 21:00:00,1,4,6,24,21,6,1
2026-04-05 21:15:00,1,4,11,28,21,6,1
2026-04-05 21:30:00,1,4,2,20,21,6,1
2026-04-05 21:45:00,1,2,9,14,21,6,1
2026-04-05 22:00:00,1,4,6,16,22,6,1
2026-04-05 22:15:00,1,4,4,28,22,6,1
2026-04-05 22:30:00,1,4,5,24,22,6,1
2026-04-05 22:45:00,1,3,2,18,22,6,1
2026-04-05 23:00:00,1,4,16,20,23,6,1
2026-04-05 23:15:00,1,5,7,35,23,6,1
2026-04-05 23:30:00,1,4,5,24,23,6,1
2026-04-05 23:45:00,1,3,12,18,23,6,1
2026-04-06 00:00:00,1,5,7,20,0,0,1
2026-04-06 00:15:00,1,3,10,21,0,0,1
2026-04-06 00:30:00,1,4,7,20,0,0,1
2026-04-06 00:45:00,1,4,11,20,0,0,1
2026-04-06 01:00:00,1,5,6,20,1,0,1
2026-04-06 01:15:00,1,2,8,10,1,0,1
2026-04-06 01:30:00,1,5,7,20,1,0,1
2026-04-06 01:45:00,1,3,9,15,1,0,1
2026-04-06 02:00:00,1,4,14,16,2,0,1
2026-04-06 02:15:00,1,2,0,8,2,0,1
2026-04-06 02:30:00,1,3,14,15,2,0,1
2026-04-06 02:45:00,1,3,15,15,2,0,1
2026-04-06 03:00:00,1,4,12,28,3,0,1
2026-04-06 03:15:00,1,4,12,28,3,0,1
2026-04-06 03:30:00,1,3,13,15,3,0,2
2026-04-06 03:45:00,2,5,6,20,3,0,1
2026-04-06 04:00:00,1,3,10,15,4,0,1
2026-04-06 04:15:00,1,5,6,35,4,0,1
2026-04-06 04:30:00,1,3,13,12,4,0,1
2026-04-06 04:45:00,1,4,5,24,4,0,1
2026-04-06 05:00:00,1,4,13,28,5,0,1
2026-04-06 05:15:00,1,5,10,20,5,0,1
2026-04-06 05:30:00,1,4,11,28,5,0,1
2026-04-06 05:45:00,1,3,9,15,5,0,1
2026-04-06 06:00:00,1,5,8,25,6,0,1
2026-04-06 06:15:00,1,4,11,16,6,0,1
2026-04-06 06:30:00,1,3,6,18,6,0,1
2026-04-06 06:45:00,1,3,13,21,6,0,1
2026-04-06 07:00:00,1,2,8,12,7,0,1
2026-04-06 07:15:00,1,5,15,25,7,0,1
2026-04-06 07:30:00,1,4,11,16,7,0,2
2026-04-06 07:45:00,2,5,12,25,7,0,1
2026-04-06 08:00:00,1,4,0,24,8,0,1
2026-04-06 08:15:00,1,3,4,21,8,0,1
2026-04-06 08:30:00,1,3,8,12,8,0,1
2026-04-06 08:45:00,1,5,10,35,8,0,1
2026-04-06 09:00:00,1,3,19,15,9,0,6
2026-04-06 09:15:00,6,4,21,16,9,0,14
2026-04-06 09:30:00,14,2,19,12,9,0,20
2026-04-06 09:45:00,20,4,26,16,9,0,28
2026-04-06 10:00:00,28,4,25,24,10,0,30
2026-04-06 10:15:00,30,3,13,21,10,0,19
2026-04-06 10:30:00,19,2,23,10,10,0,33
2026-04-06 10:45:00,33,2,22,14,10,0,43
2026-04-06 11:00:00,43,4,20,20,11,0,42
2026-04-06 11:15:00,42,2,20,8,11,0,52
2026-04-06 11:30:00,52,5,22,35,11,0,42
2026-04-06 11:45:00,42,4,21,16,11,0,47
2026-04-06 12:00:00,47,4,18,24,12,0,39
2026-04-06 12:15:00,39,3,23,21,12,0,39
2026-04-06 12:30:00,39,2,22,8,12,0,52
2026-04-06 12:45:00,52,3,17,15,12,0,53
2026-04-06 13:00:00,53,5,14,25,13,0,40
2026-04-06 13:15:00,40,4,19,20,13,0,40
2026-04-06 13:30:00,40,2,17,14,13,0,40
2026-04-06 13:45:00,40,5,23,35,13,0,28
2026-04-06 14:00:00,28,3,19,21,14,0,25
2026-04-06 14:15:00,25,2,21,10,14,0,34
2026-04-06 14:30:00,34,2,14,12,14,0,36
2026-04-06 14:45:00,36,5,15,20,14,0,29
2026-04-06 15:00:00,29,4,17,20,15,0,23
2026-04-06 15:15:00,23,3,13,15,15,0,21
2026-04-06 15:30:00,21,4,18,28,15,0,13
2026-04-06 15:45:00,13,4,20,28,15,0,1
2026-04-06 16:00:00,1,3,22,21,16,0,1
2026-04-06 16:15:00,1,3,19,21,16,0,1
2026-04-06 16:30:00,1,5,14,30,16,0,1
2026-04-06 16:45:00,1,2,16,8,16,0,9
2026-04-06 17:00:00,9,5,16,20,17,0,4
2026-04-06 17:15:00,4,4,13,16,17,0,1
2026-04-06 17:30:00,1,3,7,15,17,0,1
2026-04-06 17:45:00,1,2,17,14,17,0,9
2026-04-06 18:00:00,9,2,18,12,18,0,15
2026-04-06 18:15:00,15,4,15,20,18,0,14
2026-04-06 18:30:00,14,2,11,12,18,0,12
2026-04-06 18:45:00,12,5,13,35,18,0,1
2026-04-06 19:00:00,1,3,24,18,19,0,5
2026-04-06 19:15:00,5,5,9,25,19,0,1
2026-04-06 19:30:00,1,5,10,30,19,0,1
2026-04-06 19:45:00,1,4,20,16,19,0,1
2026-04-06 20:00:00,1,5,12,30,20,0,1
2026-04-06 20:15:00,1,5,5,20,20,0,1
2026-04-06 20:30:00,1,4,3,16,20,0,1
2026-04-06 20:45:00,1,3,7,21,20,0,1
2026-04-06 21:00:00,1,5,9,30,21,0,1
2026-04-06 21:15:00,1,4,7,20,21,0,1
2026-04-06 21:30:00,1,4,12,24,21,0,1
2026-04-06 21:45:00,1,3,5,12,21,0,1
2026-04-06 22:00:00,1,5,11,25,22,0,1
2026-04-06 22:15:00,1,5,11,35,22,0,1
2026-04-06 22:30:00,1,2,9,14,22,0,1
2026-04-06 22:45:00,1,5,14,25,22,0,1
2026-04-06 23:00:00,1,2,6,8,23,0,1
2026-04-06 23:15:00,1,5,11,25,23,0,1
2026-04-06 23:30:00,1,4,7,20,23,0,1
2026-04-06 23:45:00,1,2,7,8,23,0,1
2026-04-07 00:00:00,1,5,1,25,0,1,1
2026-04-07 00:15:00,1,2,5,8,0,1,1
2026-04-07 00:30:00,1,4,0,28,0,1,1
2026-04-07 00:45:00,1,2,5,14,0,1,1
2026-04-07 01:00:00,1,4,15,24,1,1,1
2026-04-07 01:15:00,1,5,7,35,1,1,1
2026-04-07 01:30:00,1,2,15,10,1,1,6
2026-04-07 01:45:00,6,4,7,24,1,1,1
2026-04-07 02:00:00,1,3,6,18,2,1,1
2026-04-07 02:15:00,1,3,3,18,2,1,1
2026-04-07 02:30:00,1,2,14,14,2,1,1
2026-04-07 02:45:00,1,2,10,14,2,1,1
2026-04-07 03:00:00,1,5,9,35,3,1,1
2026-04-07 03:15:00,1,5,4,20,3,1,1
2026-04-07 03:30:00,1,4,10,24,3,1,1
2026-04-07 03:45:00,1,5,11,20,3,1,1
2026-04-07 04:00:00,1,3,10,21,4,1,1
2026-04-07 04:15:00,1,4,1,28,4,1,1
2026-04-07 04:30:00,1,2,17,14,4,1,2
2026-04-07 04:45:00,2,3,14,15,4,1,2
2026-04-07 05:00:00,2,5,1,25,5,1,1
2026-04-07 05:15:00,1,2,9,14,5,1,1
2026-04-07 05:30:00,1,4,4,20,5,1,1
2026-04-07 05:45:00,1,5,7,20,5,1,1
2026-04-07 06:00:00,1,3,5,15,6,1,1
2026-04-07 06:15:00,1,5,6,20,6,1,1
2026-04-07 06:30:00,1,2,6,8,6,1,1
2026-04-07 06:45:00,1,3,17,12,6,1,8
2026-04-07 07:00:00,8,2,6,12,7,1,3
2026-04-07 07:15:00,3,4,7,28,7,1,1
2026-04-07 07:30:00,1,5,3,25,7,1,1
2026-04-07 07:45:00,1,5,16,30,7,1,1
2026-04-07 08:00:00,1,5,11,25,8,1,1
2026-04-07 08:15:00,1,5,9,35,8,1,1
2026-04-07 08:30:00,1,4,9,20,8,1,1
2026-04-07 08:45:00,1,5,6,30,8,1,1
2026-04-07 09:00:00,1,5,24,20,9,1,7
2026-04-07 09:15:00,7,2,31,14,9,1,27
2026-04-07 09:30:00,27,3,20,15,9,1,31
2026-04-07 09:45:00,31,5,18,25,9,1,21
2026-04-07 10:00:00,21,4,22,24,10,1,16
2026-04-07 10:15:00,16,5,23,30,10,1,2
2026-04-07 10:30:00,2,5,13,20,10,1,1
2026-04-07 10:45:00,1,5,21,25,10,1,1
2026-04-07 11:00:00,1,5,23,35,11,1,1
2026-04-07 11:15:00,1,3,17,18,11,1,1
2026-04-07 11:30:00,1,5,16,30,11,1,1
2026-04-07 11:45:00,1,3,22,21,11,1,3
2026-04-07 12:00:00,3,3,13,18,12,1,1
2026-04-07 12:15:00,1,4,22,24,12,1,1
2026-04-07 12:30:00,1,3,20,21,12,1,1
2026-04-07 12:45:00,1,4,16,28,12,1,1
2026-04-07 13:00:00,1,4,12,28,13,1,1
2026-04-07 13:15:00,1,3,22,18,13,1,2
2026-04-07 13:30:00,2,5,22,25,13,1,1
2026-04-07 13:45:00,1,3,16,15,13,1,5
2026-04-07 14:00:00,5,3,15,15,14,1,3
2026-04-07 14:15:00,3,4,14,24,14,1,1
2026-04-07 14:30:00,1,2,20,14,14,1,8
2026-04-07 14:45:00,8,3,15,21,14,1,1
2026-04-07 15:00:00,1,4,17,24,15,1,1
2026-04-07 15:15:00,1,4,18,28,15,1,1
2026-04-07 15:30:00,1,2,21,14,15,1,9
2026-04-07 15:45:00,9,4,18,20,15,1,9
2026-04-07 16:00:00,9,5,18,25,16,1,3
2026-04-07 16:15:00,3,5,23,25,16,1,2
2026-04-07 16:30:00,2,3,20,12,16,1,11
2026-04-07 16:45:00,11,3,17,15,16,1,11
2026-04-07 17:00:00,11,5,20,20,17,1,11
2026-04-07 17:15:00,11,5,14,25,17,1,1
2026-04-07 17:30:00,1,4,17,24,17,1,1
2026-04-07 17:45:00,1,5,15,20,17,1,1
2026-04-07 18:00:00,1,5,17,30,18,1,1
2026-04-07 18:15:00,1,3,16,21,18,1,1
2026-04-07 18:30:00,1,2,10,12,18,1,1
2026-04-07 18:45:00,1,2,8,8,18,1,1
2026-04-07 19:00:00,1,5,19,20,19,1,5
2026-04-07 19:15:00,5,2,19,14,19,1,7
2026-04-07 19:30:00,7,4,18,20,19,1,10
2026-04-07 19:45:00,10,4,15,28,19,1,1
2026-04-07 20:00:00,1,2,3,10,20,1,1
2026-04-07 20:15:00,1,4,5,28,20,1,1
2026-04-07 20:30:00,1,3,4,12,20,1,1
2026-04-07 20:45:00,1,5,10,25,20,1,1
2026-04-07 21:00:00,1,4,11,16,21,1,1
2026-04-07 21:15:00,1,3,3,15,21,1,1
2026-04-07 21:30:00,1,5,11,20,21,1,1
2026-04-07 21:45:00,1,3,14,15,21,1,3
2026-04-07 22:00:00,3,4,3,28,22,1,1
2026-04-07 22:15:00,1,5,13,30,22,1,1
2026-04-07 22:30:00,1,5,4,20,22,1,1
2026-04-07 22:45:00,1,2,13,10,22,1,5
2026-04-07 23:00:00,5,4,11,28,23,1,1
2026-04-07 23:15:00,1,2,12,10,23,1,5
2026-04-07 23:30:00,5,5,9,20,23,1,1
2026-04-07 23:45:00,1,5,4,30,23,1,1
2026-04-08 00:00:00,1,5,13,35,0,2,1
2026-04-08 00:15:00,1,4,15,24,0,2,1
2026-04-08 00:30:00,1,4,5,16,0,2,1
2026-04-08 00:45:00,1,4,7,16,0,2,1
2026-04-08 01:00:00,1,5,11,30,1,2,1
2026-04-08 01:15:00,1,4,7,28,1,2,1
2026-04-08 01:30:00,1,3,0,12,1,2,1
2026-04-08 01:45:00,1,5,11,35,1,2,1
2026-04-08 02:00:00,1,2,14,12,2,2,6
2026-04-08 02:15:00,6,4,1,20,2,2,1
2026-04-08 02:30:00,1,2,0,10,2,2,1
2026-04-08 02:45:00,1,2,0,8,2,2,1
2026-04-08 03:00:00,1,2,10,12,3,2,1
2026-04-08 03:15:00,1,5,18,25,3,2,1
2026-04-08 03:30:00,1,2,11,8,3,2,6
2026-04-08 03:45:00,6,3,8,15,3,2,1
2026-04-08 04:00:00,1,3,4,12,4,2,1
2026-04-08 04:15:00,1,4,12,20,4,2,1
2026-04-08 04:30:00,1,3,14,15,4,2,4
2026-04-08 04:45:00,4,3,9,15,4,2,1
2026-04-08 05:00:00,1,4,9,16,5,2,1
2026-04-08 05:15:00,1,5,6,25,5,2,1
2026-04-08 05:30:00,1,2,9,10,5,2,1
2026-04-08 05:45:00,1,5,5,35,5,2,1
2026-04-08 06:00:00,1,4,9,28,6,2,1
2026-04-08 06:15:00,1,3,6,12,6,2,1
2026-04-08 06:30:00,1,3,15,15,6,2,1
2026-04-08 06:45:00,1,5,11,20,6,2,1
2026-04-08 07:00:00,1,4,10,28,7,2,1
2026-04-08 07:15:00,1,2,8,8,7,2,1
2026-04-08 07:30:00,1,4,7,16,7,2,1
2026-04-08 07:45:00,1,3,12,15,7,2,1
2026-04-08 08:00:00,1,2,11,8,8,2,1
2026-04-08 08:15:00,1,3,8,18,8,2,1
2026-04-08 08:30:00,1,5,14,20,8,2,1
2026-04-08 08:45:00,1,2,7,12,8,2,1
2026-04-08 09:00:00,1,5,22,25,9,2,1
2026-04-08 09:15:00,1,4,23,20,9,2,2
2026-04-08 09:30:00,2,4,17,24,9,2,1
2026-04-08 09:45:00,1,5,13,35,9,2,1
2026-04-08 10:00:00,1,4,27,20,10,2,11
2026-04-08 10:15:00,11,2,17,14,10,2,13
2026-04-08 10:30:00,13,2,25,8,10,2,28
2026-04-08 10:45:00,28,2,21,8,10,2,41
2026-04-08 11:00:00,41,3,24,12,11,2,53
2026-04-08 11:15:00,53,4,22,20,11,2,54
2026-04-08 11:30:00,54,5,21,25,11,2,48
2026-04-08 11:45:00,48,3,24,12,11,2,61
2026-04-08 12:00:00,61,3,19,21,12,2,58
2026-04-08 12:15:00,58,3,16,18,12,2,57
2026-04-08 12:30:00,57,3,28,15,12,2,70
2026-04-08 12:45:00,70,5,19,35,12,2,57
2026-04-08 13:00:00,57,3,19,15,13,2,59
2026-04-08 13:15:00,59,5,18,20,13,2,58
2026-04-08 13:30:00,58,5,14,35,13,2,36
2026-04-08 13:45:00,36,2,23,12,13,2,47
2026-04-08 14:00:00,47,4,15,24,14,2,37
2026-04-08 14:15:00,37,5,19,20,14,2,35
2026-04-08 14:30:00,35,2,15,10,14,2,42
2026-04-08 14:45:00,42,3,14,18,14,2,36
2026-04-08 15:00:00,36,2,21,14,15,2,42
2026-04-08 15:15:00,42,5,23,20,15,2,43
2026-04-08 15:30:00,43,2,20,12,15,2,49
2026-04-08 15:45:00,49,5,15,25,15,2,34
2026-04-08 16:00:00,34,2,15,12,16,2,36
2026-04-08 16:15:00,36,3,20,15,16,2,41
2026-04-08 16:30:00,41,4,18,24,16,2,35
2026-04-08 16:45:00,35,2,17,10,16,2,39
2026-04-08 17:00:00,39,4,18,28,17,2,29
2026-04-08 17:15:00,29,4,16,24,17,2,22
2026-04-08 17:30:00,22,4,15,20,17,2,18
2026-04-08 17:45:00,18,3,17,15,17,2,19
2026-04-08 18:00:00,19,4,13,28,18,2,3
2026-04-08 18:15:00,3,4,11,28,18,2,1
2026-04-08 18:30:00,1,4,17,16,18,2,1
2026-04-08 18:45:00,1,5,17,25,18,2,1
2026-04-08 19:00:00,1,5,13,35,19,2,1
2026-04-08 19:15:00,1,4,15,16,19,2,1
2026-04-08 19:30:00,1,3,13,21,19,2,1
2026-04-08 19:45:00,1,5,15,35,19,2,1
2026-04-08 20:00:00,1,5,15,25,20,2,1
2026-04-08 20:15:00,1,5,9,20,20,2,1
2026-04-08 20:30:00,1,3,7,15,20,2,1
2026-04-08 20:45:00,1,4,16,24,20,2,1
2026-04-08 21:00:00,1,3,12,15,21,2,1
2026-04-08 21:15:00,1,3,5,18,21,2,1
2026-04-08 21:30:00,1,3,13,12,21,2,1
2026-04-08 21:45:00,1,4,5,24,21,2,1
2026-04-08 22:00:00,1,5,10,35,22,2,1
2026-04-08 22:15:00,1,5,15,30,22,2,1
2026-04-08 22:30:00,1,3,9,18,22,2,1
2026-04-08 22:45:00,1,3,9,18,22,2,1
2026-04-08 23:00:00,1,2,9,14,23,2,1
2026-04-08 23:15:00,1,4,10,28,23,2,1
2026-04-08 23:30:00,1,4,5,24,23,2,1
2026-04-08 23:45:00,1,2,12,10,23,2,1
2026-04-09 00:00:00,1,3,6,21,0,3,1
2026-04-09 00:15:00,1,4,9,20,0,3,1
2026-04-09 00:30:00,1,3,10,12,0,3,1
2026-04-09 00:45:00,1,3,14,15,0,3,1
2026-04-09 01:00:00,1,4,5,28,1,3,1
2026-04-09 01:15:00,1,5,7,25,1,3,1
2026-04-09 01:30:00,1,5,5,25,1,3,1
2026-04-09 01:45:00,1,4,5,20,1,3,1
2026-04-09 02:00:00,1,3,10,18,2,3,1
2026-04-09 02:15:00,1,4,9,28,2,3,1
2026-04-09 02:30:00,1,2,13,10,2,3,1
2026-04-09 02:45:00,1,3,1,15,2,3,1
2026-04-09 03:00:00,1,5,7,25,3,3,1
2026-04-09 03:15:00,1,2,6,8,3,3,1
2026-04-09 03:30:00,1,2,9,14,3,3,1
2026-04-09 03:45:00,1,3,7,15,3,3,1
2026-04-09 04:00:00,1,3,5,15,4,3,1
2026-04-09 04:15:00,1,5,4,35,4,3,1
2026-04-09 04:30:00,1,4,14,20,4,3,1
2026-04-09 04:45:00,1,5,15,25,4,3,1
2026-04-09 05:00:00,1,3,11,12,5,3,1
2026-04-09 05:15:00,1,2,8,10,5,3,1
2026-04-09 05:30:00,1,3,10,12,5,3,1
2026-04-09 05:45:00,1,5,14,30,5,3,1
2026-04-09 06:00:00,1,2,6,12,6,3,1
2026-04-09 06:15:00,1,5,2,25,6,3,1
2026-04-09 06:30:00,1,4,6,20,6,3,1
2026-04-09 06:45:00,1,4,9,20,6,3,1
2026-04-09 07:00:00,1,2,8,10,7,3,1
2026-04-09 07:15:00,1,4,5,16,7,3,1
2026-04-09 07:30:00,1,5,7,35,7,3,1
2026-04-09 07:45:00,1,4,12,24,7,3,1
2026-04-09 08:00:00,1,2,7,10,8,3,1
2026-04-09 08:15:00,1,5,14,25,8,3,1
2026-04-09 08:30:00,1,4,8,24,8,3,1
2026-04-09 08:45:00,1,4,9,20,8,3,1
2026-04-09 09:00:00,1,5,18,35,9,3,1
2026-04-09 09:15:00,1,4,17,16,9,3,2
2026-04-09 09:30:00,2,3,19,12,9,3,10
2026-04-09 09:45:00,10,5,22,25,9,3,8
2026-04-09 10:00:00,8,4,27,20,10,3,13
2026-04-09 10:15:00,13,2,25,12,10,3,29
2026-04-09 10:30:00,29,3,25,15,10,3,36
2026-04-09 10:45:00,36,3,26,18,10,3,43
2026-04-09 11:00:00,43,4,22,24,11,3,40
2026-04-09 11:15:00,40,4,20,20,11,3,36
2026-04-09 11:30:00,36,3,16,12,11,3,40
2026-04-09 11:45:00,40,2,22,8,11,3,49
2026-04-09 12:00:00,49,2,25,14,12,3,64
2026-04-09 12:15:00,64,5,20,20,12,3,64
2026-04-09 12:30:00,64,3,17,21,12,3,61
2026-04-09 12:45:00,61,2,21,10,12,3,67
2026-04-09 13:00:00,67,4,21,20,13,3,68
2026-04-09 13:15:00,68,4,25,20,13,3,76
2026-04-09 13:30:00,76,4,18,20,13,3,75
2026-04-09 13:45:00,75,5,19,35,13,3,57
2026-04-09 14:00:00,57,3,22,12,14,3,69
2026-04-09 14:15:00,69,5,10,35,14,3,44
2026-04-09 14:30:00,44,5,16,20,14,3,40
2026-04-09 14:45:00,40,2,11,8,14,3,44
2026-04-09 15:00:00,44,5,12,20,15,3,36
2026-04-09 15:15:00,36,2,9,8,15,3,38
2026-04-09 15:30:00,38,4,18,24,15,3,31
2026-04-09 15:45:00,31,4,19,20,15,3,27
2026-04-09 16:00:00,27,3,15,18,16,3,25
2026-04-09 16:15:00,25,5,26,20,16,3,29
2026-04-09 16:30:00,29,5,17,30,16,3,12
2026-04-09 16:45:00,12,4,10,24,16,3,1
2026-04-09 17:00:00,1,2,14,12,17,3,3
2026-04-09 17:15:00,3,3,15,18,17,3,1
2026-04-09 17:30:00,1,4,12,16,17,3,1
2026-04-09 17:45:00,1,5,7,25,17,3,1
2026-04-09 18:00:00,1,2,16,10,18,3,8
2026-04-09 18:15:00,8,2,15,10,18,3,17
2026-04-09 18:30:00,17,4,13,28,18,3,1
2026-04-09 18:45:00,1,3,19,15,18,3,7
2026-04-09 19:00:00,7,5,18,30,19,3,1
2026-04-09 19:15:00,1,3,13,18,19,3,1
2026-04-09 19:30:00,1,5,21,35,19,3,1
2026-04-09 19:45:00,1,3,10,21,19,3,1
2026-04-09 20:00:00,1,4,11,28,20,3,1
2026-04-09 20:15:00,1,5,14,25,20,3,1
2026-04-09 20:30:00,1,5,1,25,20,3,1
2026-04-09 20:45:00,1,3,13,15,20,3,1
2026-04-09 21:00:00,1,4,9,24,21,3,1
2026-04-09 21:15:00,1,5,8,20,21,3,1
2026-04-09 21:30:00,1,3,9,15,21,3,1
2026-04-09 21:45:00,1,5,9,20,21,3,1
2026-04-09 22:00:00,1,2,10,12,22,3,1
2026-04-09 22:15:00,1,3,10,21,22,3,1
2026-04-09 22:30:00,1,4,9,24,22,3,1
2026-04-09 22:45:00,1,2,16,10,22,3,8
2026-04-09 23:00:00,8,3,8,15,23,3,1
2026-04-09 23:15:00,1,2,8,12,23,3,1
2026-04-09 23:30:00,1,2,9,8,23,3,1
2026-04-09 23:45:00,1,5,5,35,23,3,1
2026-04-10 00:00:00,1,4,19,24,0,4,1
2026-04-10 00:15:00,1,4,7,28,0,4,1
2026-04-10 00:30:00,1,4,10,16,0,4,1
2026-04-10 00:45:00,1,2,8,12,0,4,1
2026-04-10 01:00:00,1,4,7,24,1,4,1
2026-04-10 01:15:00,1,3,9,12,1,4,1
2026-04-10 01:30:00,1,5,17,30,1,4,1
2026-04-10 01:45:00,1,4,10,20,1,4,1
2026-04-10 02:00:00,1,3,5,18,2,4,1
2026-04-10 02:15:00,1,2,11,8,2,4,3
2026-04-10 02:30:00,3,3,5,21,2,4,1
2026-04-10 02:45:00,1,2,3,12,2,4,1
2026-04-10 03:00:00,1,4,4,24,3,4,1
2026-04-10 03:15:00,1,2,8,10,3,4,1
2026-04-10 03:30:00,1,5,4,30,3,4,1
2026-04-10 03:45:00,1,4,12,16,3,4,1
2026-04-10 04:00:00,1,3,6,12,4,4,1
2026-04-10 04:15:00,1,2,9,12,4,4,1
2026-04-10 04:30:00,1,3,10,15,4,4,1
2026-04-10 04:45:00,1,5,8,35,4,4,1
2026-04-10 05:00:00,1,2,7,8,5,4,2
2026-04-10 05:15:00,2,2,5,14,5,4,1
2026-04-10 05:30:00,1,5,0,35,5,4,1
2026-04-10 05:45:00,1,4,4,16,5,4,1
2026-04-10 06:00:00,1,5,10,20,6,4,1
2026-04-10 06:15:00,1,2,11,12,6,4,4
2026-04-10 06:30:00,4,5,5,30,6,4,1
2026-04-10 06:45:00,1,4,10,16,6,4,1
2026-04-10 07:00:00,1,4,9,24,7,4,1
2026-04-10 07:15:00,1,3,1,15,7,4,1
2026-04-10 07:30:00,1,4,14,20,7,4,1
2026-04-10 07:45:00,1,5,6,30,7,4,1
2026-04-10 08:00:00,1,3,4,15,8,4,1
2026-04-10 08:15:00,1,4,8,16,8,4,1
2026-04-10 08:30:00,1,4,2,24,8,4,1
2026-04-10 08:45:00,1,3,9,12,8,4,1
2026-04-10 09:00:00,1,5,24,35,9,4,1
2026-04-10 09:15:00,1,2,16,10,9,4,6
2026-04-10 09:30:00,6,4,22,16,9,4,12
2026-04-10 09:45:00,12,3,20,18,9,4,14
2026-04-10 10:00:00,14,5,19,25,10,4,7
2026-04-10 10:15:00,7,4,15,20,10,4,1
2026-04-10 10:30:00,1,5,24,30,10,4,1
2026-04-10 10:45:00,1,4,18,16,10,4,5
2026-04-10 11:00:00,5,3,16,21,11,4,1
2026-04-10 11:15:00,1,3,23,15,11,4,5
2026-04-10 11:30:00,5,3,24,21,11,4,5
2026-04-10 11:45:00,5,4,20,28,11,4,1
2026-04-10 12:00:00,1,2,19,10,12,4,10
2026-04-10 12:15:00,10,2,21,8,12,4,21
2026-04-10 12:30:00,21,4,19,28,12,4,10
2026-04-10 12:45:00,10,3,19,18,12,4,12
2026-04-10 13:00:00,12,4,20,28,13,4,4
2026-04-10 13:15:00,4,3,21,21,13,4,2
2026-04-10 13:30:00,2,3,16,15,13,4,3
2026-04-10 13:45:00,3,2,19,8,13,4,14
2026-04-10 14:00:00,14,5,18,35,14,4,1
2026-04-10 14:15:00,1,5,22,30,14,4,1
2026-04-10 14:30:00,1,5,17,20,14,4,1
2026-04-10 14:45:00,1,2,20,10,14,4,11
2026-04-10 15:00:00,11,4,16,16,15,4,12
2026-04-10 15:15:00,12,5,18,35,15,4,1
2026-04-10 15:30:00,1,2,25,8,15,4,17
2026-04-10 15:45:00,17,3,23,15,15,4,19
2026-04-10 16:00:00,19,3,12,12,16,4,17
2026-04-10 16:15:00,17,2,17,12,16,4,23
2026-04-10 16:30:00,23,3,22,15,16,4,29
2026-04-10 16:45:00,29,2,15,10,16,4,30
2026-04-10 17:00:00,30,5,11,30,17,4,8
2026-04-10 17:15:00,8,2,19,14,17,4,9
2026-04-10 17:30:00,9,2,12,14,17,4,2
2026-04-10 17:45:00,2,2,20,14,17,4,6
2026-04-10 18:00:00,6,3,13,21,18,4,1
2026-04-10 18:15:00,1,3,16,21,18,4,1
2026-04-10 18:30:00,1,5,17,20,18,4,1
2026-04-10 18:45:00,1,2,11,14,18,4,1
2026-04-10 19:00:00,1,4,23,28,19,4,1
2026-04-10 19:15:00,1,3,12,21,19,4,1
2026-04-10 19:30:00,1,2,16,12,19,4,5
2026-04-10 19:45:00,5,2,17,14,19,4,9
2026-04-10 20:00:00,9,3,12,21,20,4,1
2026-04-10 20:15:00,1,3,15,15,20,4,1
2026-04-10 20:30:00,1,5,13,30,20,4,1
2026-04-10 20:45:00,1,3,12,18,20,4,1
2026-04-10 21:00:00,1,3,9,12,21,4,1
2026-04-10 21:15:00,1,4,13,28,21,4,1
2026-04-10 21:30:00,1,5,10,20,21,4,1
2026-04-10 21:45:00,1,4,6,28,21,4,1
2026-04-10 22:00:00,1,3,6,15,22,4,1
2026-04-10 22:15:00,1,4,10,20,22,4,1
2026-04-10 22:30:00,1,2,7,10,22,4,1
2026-04-10 22:45:00,1,2,5,12,22,4,1
2026-04-10 23:00:00,1,3,7,12,23,4,1
2026-04-10 23:15:00,1,4,12,20,23,4,1
2026-04-10 23:30:00,1,5,0,20,23,4,1
2026-04-10 23:45:00,1,2,11,12,23,4,3
2026-04-11 00:00:00,3,4,2,16,0,5,1
2026-04-11 00:15:00,1,3,3,12,0,5,1
2026-04-11 00:30:00,1,2,2,8,0,5,1
2026-04-11 00:45:00,1,5,6,30,0,5,1
2026-04-11 01:00:00,1,5,5,25,1,5,1
2026-04-11 01:15:00,1,4,8,24,1,5,1
2026-04-11 01:30:00,1,5,1,30,1,5,1
2026-04-11 01:45:00,1,5,8,25,1,5,1
2026-04-11 02:00:00,1,3,9,21,2,5,1
2026-04-11 02:15:00,1,3,10,21,2,5,1
2026-04-11 02:30:00,1,5,6,25,2,5,1
2026-04-11 02:45:00,1,4,10,20,2,5,1
2026-04-11 03:00:00,1,3,4,12,3,5,1
2026-04-11 03:15:00,1,3,11,18,3,5,1
2026-04-11 03:30:00,1,4,6,24,3,5,1
2026-04-11 03:45:00,1,2,6,8,3,5,1
2026-04-11 04:00:00,1,5,4,35,4,5,1
2026-04-11 04:15:00,1,3,2,18,4,5,1
2026-04-11 04:30:00,1,2,7,10,4,5,1
2026-04-11 04:45:00,1,3,13,21,4,5,1
2026-04-11 05:00:00,1,3,0,15,5,5,1
2026-04-11 05:15:00,1,3,2,12,5,5,1
2026-04-11 05:30:00,1,2,0,10,5,5,1
2026-04-11 05:45:00,1,4,5,16,5,5,1
2026-04-11 06:00:00,1,3,4,15,6,5,1
2026-04-11 06:15:00,1,5,11,35,6,5,1
2026-04-11 06:30:00,1,2,5,14,6,5,1
2026-04-11 06:45:00,1,4,7,28,6,5,1
2026-04-11 07:00:00,1,5,5,35,7,5,1
2026-04-11 07:15:00,1,5,2,20,7,5,1
2026-04-11 07:30:00,1,3,12,12,7,5,4
2026-04-11 07:45:00,4,3,3,18,7,5,1
2026-04-11 08:00:00,1,3,4,15,8,5,1
2026-04-11 08:15:00,1,2,1,10,8,5,1
2026-04-11 08:30:00,1,4,5,24,8,5,1
2026-04-11 08:45:00,1,2,3,14,8,5,1
2026-04-11 09:00:00,1,5,14,20,9,5,1
2026-04-11 09:15:00,1,2,17,12,9,5,7
2026-04-11 09:30:00,7,3,19,18,9,5,6
2026-04-11 09:45:00,6,5,15,30,9,5,1
2026-04-11 10:00:00,1,3,21,12,10,5,9
2026-04-11 10:15:00,9,4,16,20,10,5,3
2026-04-11 10:30:00,3,2,16,8,10,5,13
2026-04-11 10:45:00,13,5,21,20,10,5,11
2026-04-11 11:00:00,11,3,16,12,11,5,14
2026-04-11 11:15:00,14,5,14,20,11,5,9
2026-04-11 11:30:00,9,4,19,28,11,5,2
2026-04-11 11:45:00,2,4,16,16,11,5,4
2026-04-11 12:00:00,4,2,17,14,12,5,9
2026-04-11 12:15:00,9,4,12,20,12,5,1
2026-04-11 12:30:00,1,2,19,8,12,5,15
2026-04-11 12:45:00,15,3,29,12,12,5,31
2026-04-11 13:00:00,31,3,9,21,13,5,17
2026-04-11 13:15:00,17,2,9,14,13,5,12
2026-04-11 13:30:00,12,3,9,15,13,5,4
2026-04-11 13:45:00,4,5,15,20,13,5,1
2026-04-11 14:00:00,1,3,19,21,14,5,1
2026-04-11 14:15:00,1,2,13,8,14,5,4
2026-04-11 14:30:00,4,2,8,8,14,5,1
2026-04-11 14:45:00,1,3,11,12,14,5,1
2026-04-11 15:00:00,1,2,3,10,15,5,1
2026-04-11 15:15:00,1,4,15,20,15,5,1
2026-04-11 15:30:00,1,2,14,10,15,5,5
2026-04-11 15:45:00,5,3,16,12,15,5,8
2026-04-11 16:00:00,8,4,9,24,16,5,1
2026-04-11 16:15:00,1,3,8,18,16,5,1
2026-04-11 16:30:00,1,3,17,21,16,5,1
2026-04-11 16:45:00,1,4,18,16,16,5,1
2026-04-11 17:00:00,1,4,15,24,17,5,1
2026-04-11 17:15:00,1,4,16,24,17,5,1
2026-04-11 17:30:00,1,3,15,18,17,5,1
2026-04-11 17:45:00,1,2,11,12,17,5,4
2026-04-11 18:00:00,4,2,10,14,18,5,1
2026-04-11 18:15:00,1,3,12,15,18,5,1
2026-04-11 18:30:00,1,2,14,10,18,5,2
2026-04-11 18:45:00,2,2,8,10,18,5,1
2026-04-11 19:00:00,1,2,12,10,19,5,2
2026-04-11 19:15:00,2,2,6,8,19,5,1
2026-04-11 19:30:00,1,2,10,12,19,5,1
2026-04-11 19:45:00,1,3,10,21,19,5,1
2026-04-11 20:00:00,1,3,7,21,20,5,1
2026-04-11 20:15:00,1,4,9,20,20,5,1
2026-04-11 20:30:00,1,3,2,15,20,5,1
2026-04-11 20:45:00,1,5,1,30,20,5,1
2026-04-11 21:00:00,1,4,9,24,21,5,1
2026-04-11 21:15:00,1,2,1,10,21,5,1
2026-04-11 21:30:00,1,5,2,25,21,5,1
2026-04-11 21:45:00,1,5,6,25,21,5,1
2026-04-11 22:00:00,1,3,0,21,22,5,1
2026-04-11 22:15:00,1,3,11,15,22,5,1
2026-04-11 22:30:00,1,4,0,28,22,5,1
2026-04-11 22:45:00,1,3,3,12,22,5,1
2026-04-11 23:00:00,1,2,4,12,23,5,1
2026-04-11 23:15:00,1,5,4,20,23,5,1
2026-04-11 23:30:00,1,2,2,12,23,5,1
2026-04-11 23:45:00,1,2,1,12,23,5,1
2026-04-12 00:00:00,1,4,4,20,0,6,1
2026-04-12 00:15:00,1,2,6,8,0,6,1
2026-04-12 00:30:00,1,3,1,12,0,6,1
2026-04-12 00:45:00,1,2,5,14,0,6,1
2026-04-12 01:00:00,1,4,8,16,1,6,1
2026-04-12 01:15:00,1,3,0,15,1,6,1
2026-04-12 01:30:00,1,5,5,35,1,6,1
2026-04-12 01:45:00,1,3,2,15,1,6,1
2026-04-12 02:00:00,1,5,11,30,2,6,1
2026-04-12 02:15:00,1,3,7,21,2,6,1
2026-04-12 02:30:00,1,4,6,24,2,6,1
2026-04-12 02:45:00,1,2,1,12,2,6,1
2026-04-12 03:00:00,1,5,0,20,3,6,1
2026-04-12 03:15:00,1,4,4,24,3,6,1
2026-04-12 03:30:00,1,5,2,35,3,6,1
2026-04-12 03:45:00,1,5,9,35,3,6,1
2026-04-12 04:00:00,1,3,6,15,4,6,1
2026-04-12 04:15:00,1,3,4,21,4,6,1
2026-04-12 04:30:00,1,3,12,15,4,6,1
2026-04-12 04:45:00,1,5,11,30,4,6,1
2026-04-12 05:00:00,1,4,9,28,5,6,1
2026-04-12 05:15:00,1,5,1,20,5,6,1
2026-04-12 05:30:00,1,3,2,21,5,6,1
2026-04-12 05:45:00,1,3,10,12,5,6,1
2026-04-12 06:00:00,1,3,0,15,6,6,1
2026-04-12 06:15:00,1,4,7,16,6,6,1
2026-04-12 06:30:00,1,2,2,12,6,6,1
2026-04-12 06:45:00,1,5,0,30,6,6,1
2026-04-12 07:00:00,1,5,1,25,7,6,1
2026-04-12 07:15:00,1,5,5,25,7,6,1
2026-04-12 07:30:00,1,5,4,35,7,6,1
2026-04-12 07:45:00,1,3,5,15,7,6,1
2026-04-12 08:00:00,1,4,9,20,8,6,1
2026-04-12 08:15:00,1,2,0,12,8,6,1
2026-04-12 08:30:00,1,3,11,15,8,6,1
2026-04-12 08:45:00,1,2,4,10,8,6,1
2026-04-12 09:00:00,1,4,24,28,9,6,1
2026-04-12 09:15:00,1,3,19,12,9,6,8
2026-04-12 09:30:00,8,5,15,20,9,6,5
2026-04-12 09:45:00,5,3,25,21,9,6,10
2026-04-12 10:00:00,10,5,12,35,10,6,1
2026-04-12 10:15:00,1,3,19,12,10,6,9
2026-04-12 10:30:00,9,2,16,10,10,6,16
2026-04-12 10:45:00,16,2,13,12,10,6,17
2026-04-12 11:00:00,17,3,17,18,11,6,13
2026-04-12 11:15:00,13,5,11,25,11,6,1
2026-04-12 11:30:00,1,2,11,8,11,6,6
2026-04-12 11:45:00,6,2,18,12,11,6,10
2026-04-12 12:00:00,10,2,22,8,12,6,25
2026-04-12 12:15:00,25,5,13,30,12,6,6
2026-04-12 12:30:00,6,4,13,20,12,6,1
2026-04-12 12:45:00,1,5,19,35,12,6,1
2026-04-12 13:00:00,1,4,18,16,13,6,4
2026-04-12 13:15:00,4,3,10,18,13,6,1
2026-04-12 13:30:00,1,5,15,30,13,6,1
2026-04-12 13:45:00,1,2,16,8,13,6,10
2026-04-12 14:00:00,10,5,9,30,14,6,1
2026-04-12 14:15:00,1,4,18,28,14,6,1
2026-04-12 14:30:00,1,2,20,10,14,6,12
2026-04-12 14:45:00,12,4,13,16,14,6,7
2026-04-12 15:00:00,7,3,12,18,15,6,1
2026-04-12 15:15:00,1,5,21,20,15,6,3
2026-04-12 15:30:00,3,5,17,25,15,6,1
2026-04-12 15:45:00,1,5,14,35,15,6,1
2026-04-12 16:00:00,1,2,12,10,16,6,5
2026-04-12 16:15:00,5,3,11,18,16,6,1
2026-04-12 16:30:00,1,4,23,28,16,6,1
2026-04-12 16:45:00,1,5,21,20,16,6,3
2026-04-12 17:00:00,3,2,9,12,17,6,3
2026-04-12 17:15:00,3,5,9,35,17,6,1
2026-04-12 17:30:00,1,4,10,24,17,6,1
2026-04-12 17:45:00,1,5,11,25,17,6,1
2026-04-12 18:00:00,1,3,15,18,18,6,1
2026-04-12 18:15:00,1,4,12,24,18,6,1
2026-04-12 18:30:00,1,5,14,30,18,6,1
2026-04-12 18:45:00,1,5,12,20,18,6,1
2026-04-12 19:00:00,1,4,9,20,19,6,1
2026-04-12 19:15:00,1,2,8,14,19,6,1
2026-04-12 19:30:00,1,4,16,20,19,6,1
2026-04-12 19:45:00,1,4,13,16,19,6,1
2026-04-12 20:00:00,1,2,4,14,20,6,1
2026-04-12 20:15:00,1,5,3,20,20,6,1
2026-04-12 20:30:00,1,4,11,16,20,6,1
2026-04-12 20:45:00,1,4,6,28,20,6,1
2026-04-12 21:00:00,1,5,6,30,21,6,1
2026-04-12 21:15:00,1,5,0,20,21,6,1
2026-04-12 21:30:00,1,5,1,20,21,6,1
2026-04-12 21:45:00,1,2,4,10,21,6,1
2026-04-12 22:00:00,1,5,4,25,22,6,1
2026-04-12 22:15:00,1,2,1,8,22,6,1
2026-04-12 22:30:00,1,5,4,35,22,6,1
2026-04-12 22:45:00,1,2,10,14,22,6,1
2026-04-12 23:00:00,1,2,9,12,23,6,1
2026-04-12 23:15:00,1,5,1,25,23,6,1
2026-04-12 23:30:00,1,3,1,15,23,6,1
2026-04-12 23:45:00,1,2,8,8,23,6,1
2026-04-13 00:00:00,1,5,16,25,0,0,1
2026-04-13 00:15:00,1,2,15,8,0,0,13
2026-04-13 00:30:00,13,5,4,30,0,0,1
2026-04-13 00:45:00,1,4,6,24,0,0,1
2026-04-13 01:00:00,1,3,6,12,1,0,1
2026-04-13 01:15:00,1,4,9,28,1,0,1
2026-04-13 01:30:00,1,2,1,12,1,0,1
2026-04-13 01:45:00,1,5,9,30,1,0,1
2026-04-13 02:00:00,1,3,11,12,2,0,1
2026-04-13 02:15:00,1,4,18,28,2,0,1
2026-04-13 02:30:00,1,5,0,30,2,0,1
2026-04-13 02:45:00,1,3,14,18,2,0,1
2026-04-13 03:00:00,1,3,17,21,3,0,1
2026-04-13 03:15:00,1,4,7,16,3,0,1
2026-04-13 03:30:00,1,5,12,30,3,0,1
2026-04-13 03:45:00,1,5,3,35,3,0,1
2026-04-13 04:00:00,1,3,2,18,4,0,1
2026-04-13 04:15:00,1,2,5,12,4,0,1
2026-04-13 04:30:00,1,4,12,16,4,0,1
2026-04-13 04:45:00,1,2,9,12,4,0,1
2026-04-13 05:00:00,1,5,7,35,5,0,1
2026-04-13 05:15:00,1,5,8,20,5,0,1
2026-04-13 05:30:00,1,5,8,25,5,0,1
2026-04-13 05:45:00,1,2,12,12,5,0,1
2026-04-13 06:00:00,1,3,10,18,6,0,1
2026-04-13 06:15:00,1,5,12,25,6,0,1
2026-04-13 06:30:00,1,5,0,30,6,0,1
2026-04-13 06:45:00,1,5,13,25,6,0,1
2026-04-13 07:00:00,1,3,7,21,7,0,1
2026-04-13 07:15:00,1,3,9,12,7,0,1
2026-04-13 07:30:00,1,5,10,25,7,0,1
2026-04-13 07:45:00,1,5,9,25,7,0,1
2026-04-13 08:00:00,1,5,9,20,8,0,1
2026-04-13 08:15:00,1,3,5,18,8,0,1
2026-04-13 08:30:00,1,5,12,25,8,0,1
2026-04-13 08:45:00,1,5,13,30,8,0,1
2026-04-13 09:00:00,1,2,26,12,9,0,14
2026-04-13 09:15:00,14,4,18,24,9,0,9
2026-04-13 09:30:00,9,4,21,16,9,0,11
2026-04-13 09:45:00,11,4,16,16,9,0,11
2026-04-13 10:00:00,11,2,23,8,10,0,29
2026-04-13 10:15:00,29,4,23,24,10,0,28
2026-04-13 10:30:00,28,4,15,16,10,0,24
2026-04-13 10:45:00,24,5,19,20,10,0,21
2026-04-13 11:00:00,21,4,23,24,11,0,17
2026-04-13 11:15:00,17,5,18,35,11,0,1
2026-04-13 11:30:00,1,5,17,30,11,0,1
2026-04-13 11:45:00,1,2,23,12,11,0,15
2026-04-13 12:00:00,15,4,21,16,12,0,21
2026-04-13 12:15:00,21,4,22,20,12,0,20
2026-04-13 12:30:00,20,2,21,12,12,0,30
2026-04-13 12:45:00,30,2,20,14,12,0,35
2026-04-13 13:00:00,35,4,14,20,13,0,32
2026-04-13 13:15:00,32,2,22,12,13,0,44
2026-04-13 13:30:00,44,3,16,15,13,0,45
2026-04-13 13:45:00,45,5,18,25,13,0,36
2026-04-13 14:00:00,36,3,23,21,14,0,40
2026-04-13 14:15:00,40,4,21,24,14,0,35
2026-04-13 14:30:00,35,5,19,30,14,0,23
2026-04-13 14:45:00,23,3,25,15,14,0,33
2026-04-13 15:00:00,33,2,22,12,15,0,41
2026-04-13 15:15:00,41,5,27,35,15,0,32
2026-04-13 15:30:00,32,5,20,35,15,0,17
2026-04-13 15:45:00,17,5,22,20,15,0,20
2026-04-13 16:00:00,20,3,21,18,16,0,20
2026-04-13 16:15:00,20,5,22,20,16,0,21
2026-04-13 16:30:00,21,5,13,20,16,0,15
2026-04-13 16:45:00,15,4,24,20,16,0,18
2026-04-13 17:00:00,18,4,13,24,17,0,5
2026-04-13 17:15:00,5,3,18,15,17,0,9
2026-04-13 17:30:00,9,3,13,12,17,0,8
2026-04-13 17:45:00,8,5,12,35,17,0,1
2026-04-13 18:00:00,1,3,15,18,18,0,1
2026-04-13 18:15:00,1,3,18,18,18,0,2
2026-04-13 18:30:00,2,5,14,30,18,0,1
2026-04-13 18:45:00,1,4,23,20,18,0,2
2026-04-13 19:00:00,2,5,14,20,19,0,1
2026-04-13 19:15:00,1,3,17,12,19,0,4
2026-04-13 19:30:00,4,2,8,12,19,0,1
2026-04-13 19:45:00,1,2,7,8,19,0,2
2026-04-13 20:00:00,2,4,11,28,20,0,1
2026-04-13 20:15:00,1,4,4,16,20,0,1
2026-04-13 20:30:00,1,5,16,25,20,0,1
2026-04-13 20:45:00,1,5,9,30,20,0,1
2026-04-13 21:00:00,1,5,5,25,21,0,1
2026-04-13 21:15:00,1,4,13,16,21,0,1
2026-04-13 21:30:00,1,4,4,24,21,0,1
2026-04-13 21:45:00,1,4,4,20,21,0,1
2026-04-13 22:00:00,1,5,7,30,22,0,1
2026-04-13 22:15:00,1,5,11,25,22,0,1
2026-04-13 22:30:00,1,4,8,28,22,0,1
2026-04-13 22:45:00,1,4,10,24,22,0,1
2026-04-13 23:00:00,1,4,0,28,23,0,1
2026-04-13 23:15:00,1,5,4,35,23,0,1
2026-04-13 23:30:00,1,5,11,20,23,0,1
2026-04-13 23:45:00,1,3,8,15,23,0,1
2026-04-14 00:00:00,1,3,8,21,0,1,1
2026-04-14 00:15:00,1,4,8,16,0,1,1
2026-04-14 00:30:00,1,4,7,16,0,1,1
2026-04-14 00:45:00,1,3,9,12,0,1,1
2026-04-14 01:00:00,1,3,12,18,1,1,1
2026-04-14 01:15:00,1,4,5,16,1,1,1
2026-04-14 01:30:00,1,3,4,21,1,1,1
2026-04-14 01:45:00,1,5,15,30,1,1,1
2026-04-14 02:00:00,1,5,15,35,2,1,1
2026-04-14 02:15:00,1,2,6,10,2,1,1
2026-04-14 02:30:00,1,5,4,30,2,1,1
2026-04-14 02:45:00,1,4,7,28,2,1,1
2026-04-14 03:00:00,1,5,9,20,3,1,1
2026-04-14 03:15:00,1,3,16,18,3,1,1
2026-04-14 03:30:00,1,2,2,8,3,1,1
2026-04-14 03:45:00,1,3,9,15,3,1,1
2026-04-14 04:00:00,1,4,2,20,4,1,1
2026-04-14 04:15:00,1,2,9,10,4,1,1
2026-04-14 04:30:00,1,4,6,20,4,1,1
2026-04-14 04:45:00,1,4,5,16,4,1,1
2026-04-14 05:00:00,1,2,3,10,5,1,1
2026-04-14 05:15:00,1,3,9,21,5,1,1
2026-04-14 05:30:00,1,4,3,20,5,1,1
2026-04-14 05:45:00,1,5,11,20,5,1,1
2026-04-14 06:00:00,1,4,5,20,6,1,1
2026-04-14 06:15:00,1,5,10,30,6,1,1
2026-04-14 06:30:00,1,3,11,12,6,1,1
2026-04-14 06:45:00,1,4,4,20,6,1,1
2026-04-14 07:00:00,1,4,10,24,7,1,1
2026-04-14 07:15:00,1,3,12,15,7,1,1
2026-04-14 07:30:00,1,2,12,10,7,1,5
2026-04-14 07:45:00,5,3,10,12,7,1,4
2026-04-14 08:00:00,4,2,20,10,8,1,14
2026-04-14 08:15:00,14,4,11,20,8,1,5
2026-04-14 08:30:00,5,2,13,12,8,1,6
2026-04-14 08:45:00,6,4,17,16,8,1,5
2026-04-14 09:00:00,5,4,18,20,9,1,1
2026-04-14 09:15:00,1,3,24,21,9,1,4
2026-04-14 09:30:00,4,4,23,16,9,1,10
2026-04-14 09:45:00,10,5,18,30,9,1,1
2026-04-14 10:00:00,1,2,23,10,10,1,17
2026-04-14 10:15:00,17,4,18,28,10,1,8
2026-04-14 10:30:00,8,2,15,8,10,1,16
2026-04-14 10:45:00,16,2,19,10,10,1,23
2026-04-14 11:00:00,23,3,26,15,11,1,37
2026-04-14 11:15:00,37,5,25,20,11,1,43
2026-04-14 11:30:00,43,2,22,10,11,1,52
2026-04-14 11:45:00,52,3,22,21,11,1,51
2026-04-14 12:00:00,51,5,19,35,12,1,38
2026-04-14 12:15:00,38,5,18,35,12,1,19
2026-04-14 12:30:00,19,4,21,28,12,1,6
2026-04-14 12:45:00,6,2,25,14,12,1,17
2026-04-14 13:00:00,17,4,11,20,13,1,5
2026-04-14 13:15:00,5,5,21,20,13,1,9
2026-04-14 13:30:00,9,4,13,28,13,1,1
2026-04-14 13:45:00,1,3,16,21,13,1,1
2026-04-14 14:00:00,1,3,15,21,14,1,1
2026-04-14 14:15:00,1,3,19,15,14,1,7
2026-04-14 14:30:00,7,2,20,12,14,1,17
2026-04-14 14:45:00,17,3,13,12,14,1,17
2026-04-14 15:00:00,17,5,29,20,15,1,26
2026-04-14 15:15:00,26,4,22,20,15,1,30
2026-04-14 15:30:00,30,2,17,8,15,1,38
2026-04-14 15:45:00,38,3,20,12,15,1,49
2026-04-14 16:00:00,49,2,14,8,16,1,54
2026-04-14 16:15:00,54,4,20,20,16,1,56
2026-04-14 16:30:00,56,5,11,35,16,1,32
2026-04-14 16:45:00,32,2,14,8,16,1,38
2026-04-14 17:00:00,38,2,18,14,17,1,42
2026-04-14 17:15:00,42,4,19,20,17,1,41
2026-04-14 17:30:00,41,2,16,12,17,1,46
2026-04-14 17:45:00,46,5,13,30,17,1,29
2026-04-14 18:00:00,29,3,13,21,18,1,21
2026-04-14 18:15:00,21,2,18,14,18,1,25
2026-04-14 18:30:00,25,2,13,12,18,1,23
2026-04-14 18:45:00,23,2,15,8,18,1,33
2026-04-14 19:00:00,33,5,17,25,19,1,22
2026-04-14 19:15:00,22,5,12,20,19,1,14
2026-04-14 19:30:00,14,4,10,16,19,1,6
2026-04-14 19:45:00,6,5,20,30,19,1,1
2026-04-14 20:00:00,1,5,6,25,20,1,1
2026-04-14 20:15:00,1,4,10,16,20,1,1
2026-04-14 20:30:00,1,2,11,10,20,1,1
2026-04-14 20:45:00,1,2,3,10,20,1,1
2026-04-14 21:00:00,1,3,12,12,21,1,1
2026-04-14 21:15:00,1,3,7,15,21,1,1
2026-04-14 21:30:00,1,5,4,25,21,1,1
2026-04-14 21:45:00,1,4,10,28,21,1,1
2026-04-14 22:00:00,1,4,11,28,22,1,1
2026-04-14 22:15:00,1,5,9,25,22,1,1
2026-04-14 22:30:00,1,4,13,28,22,1,1
2026-04-14 22:45:00,1,4,10,20,22,1,1
2026-04-14 23:00:00,1,4,3,16,23,1,1
2026-04-14 23:15:00,1,3,9,18,23,1,1
2026-04-14 23:30:00,1,2,7,14,23,1,1
2026-04-14 23:45:00,1,5,18,25,23,1,1
2026-04-15 00:00:00,1,2,5,14,0,2,1
2026-04-15 00:15:00,1,2,7,14,0,2,1
2026-04-15 00:30:00,1,2,8,12,0,2,1
2026-04-15 00:45:00,1,5,7,35,0,2,1
2026-04-15 01:00:00,1,3,3,21,1,2,1
2026-04-15 01:15:00,1,3,3,12,1,2,1
2026-04-15 01:30:00,1,5,12,35,1,2,1
2026-04-15 01:45:00,1,2,17,12,1,2,7
2026-04-15 02:00:00,7,3,10,15,2,2,4
2026-04-15 02:15:00,4,2,12,10,2,2,5
2026-04-15 02:30:00,5,3,3,12,2,2,1
2026-04-15 02:45:00,1,5,12,35,2,2,1
2026-04-15 03:00:00,1,3,11,21,3,2,1
2026-04-15 03:15:00,1,5,12,20,3,2,1
2026-04-15 03:30:00,1,2,9,10,3,2,1
2026-04-15 03:45:00,1,3,11,15,3,2,1
2026-04-15 04:00:00,1,5,2,35,4,2,1
2026-04-15 04:15:00,1,2,4,10,4,2,1
2026-04-15 04:30:00,1,5,16,20,4,2,1
2026-04-15 04:45:00,1,3,10,18,4,2,1
2026-04-15 05:00:00,1,3,3,15,5,2,1
2026-04-15 05:15:00,1,2,10,14,5,2,1
2026-04-15 05:30:00,1,2,9,12,5,2,1
2026-04-15 05:45:00,1,3,11,15,5,2,1
2026-04-15 06:00:00,1,2,6,10,6,2,1
2026-04-15 06:15:00,1,5,10,30,6,2,1
2026-04-15 06:30:00,1,4,10,24,6,2,1
2026-04-15 06:45:00,1,2,11,10,6,2,1
2026-04-15 07:00:00,1,5,11,25,7,2,1
2026-04-15 07:15:00,1,5,7,25,7,2,1
2026-04-15 07:30:00,1,4,12,20,7,2,1
2026-04-15 07:45:00,1,5,5,30,7,2,1
2026-04-15 08:00:00,1,3,10,15,8,2,1
2026-04-15 08:15:00,1,2,12,14,8,2,2
2026-04-15 08:30:00,2,3,14,21,8,2,1
2026-04-15 08:45:00,1,5,8,20,8,2,1
2026-04-15 09:00:00,1,2,15,10,9,2,2
2026-04-15 09:15:00,2,4,21,20,9,2,1
2026-04-15 09:30:00,1,5,23,30,9,2,1
2026-04-15 09:45:00,1,5,22,20,9,2,2
2026-04-15 10:00:00,2,3,18,18,10,2,1
2026-04-15 10:15:00,1,2,20,8,10,2,12
2026-04-15 10:30:00,12,5,18,20,10,2,8
2026-04-15 10:45:00,8,2,19,8,10,2,21
2026-04-15 11:00:00,21,3,20,12,11,2,29
2026-04-15 11:15:00,29,3,17,21,11,2,21
2026-04-15 11:30:00,21,5,30,25,11,2,28
2026-04-15 11:45:00,28,3,20,12,11,2,38
2026-04-15 12:00:00,38,4,26,24,12,2,40
2026-04-15 12:15:00,40,3,20,12,12,2,49
2026-04-15 12:30:00,49,3,24,12,12,2,61
2026-04-15 12:45:00,61,4,16,16,12,2,61
2026-04-15 13:00:00,61,4,17,20,13,2,58
2026-04-15 13:15:00,58,4,24,28,13,2,51
2026-04-15 13:30:00,51,5,20,20,13,2,50
2026-04-15 13:45:00,50,3,20,12,13,2,59
2026-04-15 14:00:00,59,3,15,15,14,2,61
2026-04-15 14:15:00,61,5,13,30,14,2,43
2026-04-15 14:30:00,43,3,21,18,14,2,42
2026-04-15 14:45:00,42,3,18,18,14,2,45
2026-04-15 15:00:00,45,4,19,24,15,2,38
2026-04-15 15:15:00,38,5,17,25,15,2,30
2026-04-15 15:30:00,30,3,15,18,15,2,25
2026-04-15 15:45:00,25,5,15,20,15,2,21
2026-04-15 16:00:00,21,2,15,14,16,2,21
2026-04-15 16:15:00,21,2,16,10,16,2,28
2026-04-15 16:30:00,28,5,21,30,16,2,19
2026-04-15 16:45:00,19,4,23,20,16,2,21
2026-04-15 17:00:00,21,3,8,12,17,2,16
2026-04-15 17:15:00,16,3,11,15,17,2,10
2026-04-15 17:30:00,10,3,14,18,17,2,1
2026-04-15 17:45:00,1,5,17,25,17,2,1
2026-04-15 18:00:00,1,3,10,15,18,2,1
2026-04-15 18:15:00,1,5,12,25,18,2,1
2026-04-15 18:30:00,1,3,18,12,18,2,2
2026-04-15 18:45:00,2,4,14,16,18,2,3
2026-04-15 19:00:00,3,2,16,12,19,2,2
2026-04-15 19:15:00,2,3,18,15,19,2,4
2026-04-15 19:30:00,4,2,16,8,19,2,8
2026-04-15 19:45:00,8,4,7,24,19,2,1
2026-04-15 20:00:00,1,5,11,20,20,2,1
2026-04-15 20:15:00,1,4,14,24,20,2,1
2026-04-15 20:30:00,1,5,6,30,20,2,1
2026-04-15 20:45:00,1,5,10,20,20,2,1
2026-04-15 21:00:00,1,3,13,12,21,2,1
2026-04-15 21:15:00,1,5,7,20,21,2,1
2026-04-15 21:30:00,1,5,2,35,21,2,1
2026-04-15 21:45:00,1,2,16,10,21,2,4
2026-04-15 22:00:00,4,4,7,16,22,2,1
2026-04-15 22:15:00,1,3,10,18,22,2,1
2026-04-15 22:30:00,1,2,7,14,22,2,1
2026-04-15 22:45:00,1,4,2,16,22,2,1
2026-04-15 23:00:00,1,3,11,18,23,2,1
2026-04-15 23:15:00,1,3,11,15,23,2,1
2026-04-15 23:30:00,1,4,9,28,23,2,1
2026-04-15 23:45:00,1,3,7,12,23,2,1
2026-04-16 00:00:00,1,4,13,20,0,3,1
2026-04-16 00:15:00,1,4,7,16,0,3,1
2026-04-16 00:30:00,1,5,4,35,0,3,1
2026-04-16 00:45:00,1,4,12,20,0,3,1
2026-04-16 01:00:00,1,2,8,10,1,3,1
2026-04-16 01:15:00,1,2,9,10,1,3,2
2026-04-16 01:30:00,2,3,9,18,1,3,1
2026-04-16 01:45:00,1,3,7,21,1,3,1
2026-04-16 02:00:00,1,4,6,16,2,3,1
2026-04-16 02:15:00,1,2,16,14,2,3,1
2026-04-16 02:30:00,1,3,12,15,2,3,1
2026-04-16 02:45:00,1,3,10,21,2,3,1
2026-04-16 03:00:00,1,5,3,30,3,3,1
2026-04-16 03:15:00,1,4,6,16,3,3,1
2026-04-16 03:30:00,1,3,6,21,3,3,1
2026-04-16 03:45:00,1,3,13,12,3,3,3
2026-04-16 04:00:00,3,4,7,28,4,3,1
2026-04-16 04:15:00,1,5,12,25,4,3,1
2026-04-16 04:30:00,1,3,6,21,4,3,1
2026-04-16 04:45:00,1,2,11,14,4,3,1
2026-04-16 05:00:00,1,2,7,14,5,3,1
2026-04-16 05:15:00,1,2,12,10,5,3,7
2026-04-16 05:30:00,7,5,0,25,5,3,1
2026-04-16 05:45:00,1,2,13,8,5,3,6
2026-04-16 06:00:00,6,2,5,8,6,3,4
2026-04-16 06:15:00,4,5,12,20,6,3,1
2026-04-16 06:30:00,1,4,9,24,6,3,1
2026-04-16 06:45:00,1,3,3,12,6,3,1
2026-04-16 07:00:00,1,5,13,35,7,3,1
2026-04-16 07:15:00,1,4,6,16,7,3,1
2026-04-16 07:30:00,1,5,13,20,7,3,1
2026-04-16 07:45:00,1,4,5,16,7,3,1
2026-04-16 08:00:00,1,4,5,28,8,3,1
2026-04-16 08:15:00,1,2,14,14,8,3,1
2026-04-16 08:30:00,1,4,8,24,8,3,1
2026-04-16 08:45:00,1,2,10,14,8,3,1
2026-04-16 09:00:00,1,4,18,24,9,3,1
2026-04-16 09:15:00,1,3,21,18,9,3,3
2026-04-16 09:30:00,3,2,17,10,9,3,7
2026-04-16 09:45:00,7,4,22,20,9,3,9
2026-04-16 10:00:00,9,2,23,8,10,3,22
2026-04-16 10:15:00,22,3,23,15,10,3,28
2026-04-16 10:30:00,28,2,22,12,10,3,39
2026-04-16 10:45:00,39,4,17,24,10,3,28
2026-04-16 11:00:00,28,3,23,18,11,3,33
2026-04-16 11:15:00,33,2,21,10,11,3,38
2026-04-16 11:30:00,38,3,27,15,11,3,49
2026-04-16 11:45:00,49,2,21,10,11,3,59
2026-04-16 12:00:00,59,3,17,21,12,3,55
2026-04-16 12:15:00,55,5,15,30,12,3,41
2026-04-16 12:30:00,41,2,14,12,12,3,43
2026-04-16 12:45:00,43,4,22,20,12,3,45
2026-04-16 13:00:00,45,3,14,21,13,3,36
2026-04-16 13:15:00,36,4,16,24,13,3,30
2026-04-16 13:30:00,30,4,14,24,13,3,20
2026-04-16 13:45:00,20,4,16,24,13,3,8
2026-04-16 14:00:00,8,5,21,35,14,3,1
2026-04-16 14:15:00,1,2,22,8,14,3,15
2026-04-16 14:30:00,15,4,20,24,14,3,15
2026-04-16 14:45:00,15,4,20,24,14,3,12
2026-04-16 15:00:00,12,5,14,30,15,3,1
2026-04-16 15:15:00,1,2,19,12,15,3,6
2026-04-16 15:30:00,6,2,13,10,15,3,9
2026-04-16 15:45:00,9,4,19,20,15,3,8
2026-04-16 16:00:00,8,2,18,8,16,3,15
2026-04-16 16:15:00,15,5,13,25,16,3,5
2026-04-16 16:30:00,5,4,16,24,16,3,1
2026-04-16 16:45:00,1,2,17,14,16,3,4
2026-04-16 17:00:00,4,5,14,20,17,3,1
2026-04-16 17:15:00,1,2,15,14,17,3,4
2026-04-16 17:30:00,4,5,11,35,17,3,1
2026-04-16 17:45:00,1,5,24,35,17,3,1
2026-04-16 18:00:00,1,3,5,12,18,3,1
2026-04-16 18:15:00,1,5,6,20,18,3,1
2026-04-16 18:30:00,1,4,17,28,18,3,1
2026-04-16 18:45:00,1,4,18,28,18,3,1
2026-04-16 19:00:00,1,3,16,15,19,3,2
2026-04-16 19:15:00,2,2,12,14,19,3,1
2026-04-16 19:30:00,1,4,20,28,19,3,1
2026-04-16 19:45:00,1,5,18,20,19,3,1
2026-04-16 20:00:00,1,3,5,15,20,3,1
2026-04-16 20:15:00,1,5,9,25,20,3,1
2026-04-16 20:30:00,1,2,9,10,20,3,1
2026-04-16 20:45:00,1,2,9,10,20,3,1
2026-04-16 21:00:00,1,5,12,25,21,3,1
2026-04-16 21:15:00,1,2,4,10,21,3,1
2026-04-16 21:30:00,1,4,9,20,21,3,1
2026-04-16 21:45:00,1,4,1,16,21,3,1
2026-04-16 22:00:00,1,4,15,24,22,3,1
2026-04-16 22:15:00,1,2,15,10,22,3,7
2026-04-16 22:30:00,7,3,16,12,22,3,10
2026-04-16 22:45:00,10,3,14,21,22,3,1
2026-04-16 23:00:00,1,3,14,15,23,3,2
2026-04-16 23:15:00,2,3,9,18,23,3,1
2026-04-16 23:30:00,1,5,3,20,23,3,1
2026-04-16 23:45:00,1,4,10,28,23,3,1
2026-04-17 00:00:00,1,2,16,8,0,4,11
2026-04-17 00:15:00,11,4,3,24,0,4,1
2026-04-17 00:30:00,1,5,2,30,0,4,1
2026-04-17 00:45:00,1,4,4,24,0,4,1
2026-04-17 01:00:00,1,3,10,15,1,4,1
2026-04-17 01:15:00,1,3,8,18,1,4,1
2026-04-17 01:30:00,1,2,14,10,1,4,3
2026-04-17 01:45:00,3,3,9,21,1,4,1
2026-04-17 02:00:00,1,3,9,21,2,4,1
2026-04-17 02:15:00,1,5,5,35,2,4,1
2026-04-17 02:30:00,1,3,12,12,2,4,1
2026-04-17 02:45:00,1,5,6,25,2,4,1
2026-04-17 03:00:00,1,4,13,28,3,4,1
2026-04-17 03:15:00,1,3,8,15,3,4,1
2026-04-17 03:30:00,1,2,11,14,3,4,1
2026-04-17 03:45:00,1,5,10,30,3,4,1
2026-04-17 04:00:00,1,5,11,35,4,4,1
2026-04-17 04:15:00,1,4,11,20,4,4,1
2026-04-17 04:30:00,1,3,4,12,4,4,1
2026-04-17 04:45:00,1,4,19,28,4,4,1
2026-04-17 05:00:00,1,5,13,20,5,4,1
2026-04-17 05:15:00,1,4,12,28,5,4,1
2026-04-17 05:30:00,1,5,7,30,5,4,1
2026-04-17 05:45:00,1,3,2,18,5,4,1
2026-04-17 06:00:00,1,3,3,18,6,4,1
2026-04-17 06:15:00,1,4,5,28,6,4,1
2026-04-17 06:30:00,1,4,0,24,6,4,1
2026-04-17 06:45:00,1,2,9,10,6,4,1
2026-04-17 07:00:00,1,3,12,15,7,4,1
2026-04-17 07:15:00,1,5,12,25,7,4,1
2026-04-17 07:30:00,1,3,7,18,7,4,1
2026-04-17 07:45:00,1,5,12,35,7,4,1
2026-04-17 08:00:00,1,5,11,25,8,4,1
2026-04-17 08:15:00,1,2,16,8,8,4,5
2026-04-17 08:30:00,5,4,10,24,8,4,1
2026-04-17 08:45:00,1,5,6,35,8,4,1
2026-04-17 09:00:00,1,5,23,20,9,4,4
2026-04-17 09:15:00,4,4,19,16,9,4,8
2026-04-17 09:30:00,8,2,17,8,9,4,16
2026-04-17 09:45:00,16,3,16,15,9,4,16
2026-04-17 10:00:00,16,5,21,35,10,4,1
2026-04-17 10:15:00,1,5,21,25,10,4,1
2026-04-17 10:30:00,1,4,19,16,10,4,4
2026-04-17 10:45:00,4,5,22,35,10,4,1
2026-04-17 11:00:00,1,3,19,21,11,4,1
2026-04-17 11:15:00,1,5,21,20,11,4,1
2026-04-17 11:30:00,1,4,17,28,11,4,1
2026-04-17 11:45:00,1,2,16,10,11,4,4
2026-04-17 12:00:00,4,3,21,18,12,4,8
2026-04-17 12:15:00,8,2,23,10,12,4,24
2026-04-17 12:30:00,24,2,14,14,12,4,22
2026-04-17 12:45:00,22,4,22,16,12,4,30
2026-04-17 13:00:00,30,2,20,14,13,4,34
2026-04-17 13:15:00,34,3,14,21,13,4,28
2026-04-17 13:30:00,28,3,22,21,13,4,28
2026-04-17 13:45:00,28,4,15,28,13,4,13
2026-04-17 14:00:00,13,4,26,24,14,4,18
2026-04-17 14:15:00,18,5,16,35,14,4,1
2026-04-17 14:30:00,1,4,18,28,14,4,1
2026-04-17 14:45:00,1,3,17,12,14,4,5
2026-04-17 15:00:00,5,4,8,16,15,4,1
2026-04-17 15:15:00,1,3,18,21,15,4,1
2026-04-17 15:30:00,1,2,14,10,15,4,5
2026-04-17 15:45:00,5,5,16,30,15,4,1
2026-04-17 16:00:00,1,5,20,20,16,4,1
2026-04-17 16:15:00,1,2,21,10,16,4,15
2026-04-17 16:30:00,15,5,18,20,16,4,12
2026-04-17 16:45:00,12,5,16,35,16,4,1
2026-04-17 17:00:00,1,4,13,28,17,4,1
2026-04-17 17:15:00,1,5,18,30,17,4,1
2026-04-17 17:30:00,1,3,13,15,17,4,1
2026-04-17 17:45:00,1,4,12,20,17,4,1
2026-04-17 18:00:00,1,5,15,35,18,4,1
2026-04-17 18:15:00,1,4,11,16,18,4,1
2026-04-17 18:30:00,1,2,5,10,18,4,1
2026-04-17 18:45:00,1,3,15,21,18,4,1
2026-04-17 19:00:00,1,3,18,18,19,4,1
2026-04-17 19:15:00,1,3,13,15,19,4,1
2026-04-17 19:30:00,1,4,13,24,19,4,1
2026-04-17 19:45:00,1,4,11,16,19,4,1
2026-04-17 20:00:00,1,4,6,20,20,4,1
2026-04-17 20:15:00,1,5,12,30,20,4,1
2026-04-17 20:30:00,1,4,14,28,20,4,1
2026-04-17 20:45:00,1,4,10,20,20,4,1
2026-04-17 21:00:00,1,3,4,12,21,4,1
2026-04-17 21:15:00,1,4,8,20,21,4,1
2026-04-17 21:30:00,1,4,8,28,21,4,1
2026-04-17 21:45:00,1,4,10,20,21,4,1
2026-04-17 22:00:00,1,4,2,28,22,4,1
2026-04-17 22:15:00,1,4,4,20,22,4,1
2026-04-17 22:30:00,1,3,8,18,22,4,1
2026-04-17 22:45:00,1,2,10,12,22,4,1
2026-04-17 23:00:00,1,5,1,30,23,4,1
2026-04-17 23:15:00,1,2,15,10,23,4,5
2026-04-17 23:30:00,5,4,2,24,23,4,1
2026-04-17 23:45:00,1,2,7,10,23,4,1
2026-04-18 00:00:00,1,3,4,21,0,5,1
2026-04-18 00:15:00,1,4,5,24,0,5,1
2026-04-18 00:30:00,1,4,3,24,0,5,1
2026-04-18 00:45:00,1,4,2,16,0,5,1
2026-04-18 01:00:00,1,5,5,30,1,5,1
2026-04-18 01:15:00,1,4,1,28,1,5,1
2026-04-18 01:30:00,1,3,8,18,1,5,1
2026-04-18 01:45:00,1,2,1,10,1,5,1
2026-04-18 02:00:00,1,5,12,35,2,5,1
2026-04-18 02:15:00,1,3,5,18,2,5,1
2026-04-18 02:30:00,1,2,7,12,2,5,1
2026-04-18 02:45:00,1,3,0,21,2,5,1
2026-04-18 03:00:00,1,5,10,25,3,5,1
2026-04-18 03:15:00,1,4,10,24,3,5,1
2026-04-18 03:30:00,1,3,6,15,3,5,1
2026-04-18 03:45:00,1,4,0,20,3,5,1
2026-04-18 04:00:00,1,4,2,28,4,5,1
2026-04-18 04:15:00,1,4,8,24,4,5,1
2026-04-18 04:30:00,1,5,1,20,4,5,1
2026-04-18 04:45:00,1,3,0,18,4,5,1
2026-04-18 05:00:00,1,3,9,15,5,5,1
2026-04-18 05:15:00,1,5,7,35,5,5,1
2026-04-18 05:30:00,1,5,0,25,5,5,1
2026-04-18 05:45:00,1,5,6,25,5,5,1
2026-04-18 06:00:00,1,5,2,20,6,5,1
2026-04-18 06:15:00,1,5,8,25,6,5,1
2026-04-18 06:30:00,1,2,0,14,6,5,1
2026-04-18 06:45:00,1,2,10,10,6,5,1
2026-04-18 07:00:00,1,4,3,24,7,5,1
2026-04-18 07:15:00,1,4,4,20,7,5,1
2026-04-18 07:30:00,1,4,9,20,7,5,1
2026-04-18 07:45:00,1,3,0,15,7,5,1
2026-04-18 08:00:00,1,5,5,30,8,5,1
2026-04-18 08:15:00,1,5,0,25,8,5,1
2026-04-18 08:30:00,1,5,4,35,8,5,1
2026-04-18 08:45:00,1,5,6,30,8,5,1
2026-04-18 09:00:00,1,4,24,16,9,5,9
2026-04-18 09:15:00,9,5,20,25,9,5,5
2026-04-18 09:30:00,5,3,19,18,9,5,7
2026-04-18 09:45:00,7,4,23,16,9,5,14
2026-04-18 10:00:00,14,3,10,12,10,5,12
2026-04-18 10:15:00,12,4,13,16,10,5,8
2026-04-18 10:30:00,8,3,15,18,10,5,3
2026-04-18 10:45:00,3,4,14,24,10,5,1
2026-04-18 11:00:00,1,5,18,25,11,5,1
2026-04-18 11:15:00,1,5,21,20,11,5,1
2026-04-18 11:30:00,1,4,17,16,11,5,1
2026-04-18 11:45:00,1,2,13,14,11,5,1
2026-04-18 12:00:00,1,4,17,20,12,5,1
2026-04-18 12:15:00,1,2,22,12,12,5,10
2026-04-18 12:30:00,10,3,10,12,12,5,6
2026-04-18 12:45:00,6,3,22,12,12,5,13
2026-04-18 13:00:00,13,5,15,30,13,5,1
2026-04-18 13:15:00,1,2,9,12,13,5,1
2026-04-18 13:30:00,1,5,18,30,13,5,1
2026-04-18 13:45:00,1,5,15,25,13,5,1
2026-04-18 14:00:00,1,5,11,35,14,5,1
2026-04-18 14:15:00,1,2,16,14,14,5,3
2026-04-18 14:30:00,3,3,10,18,14,5,1
2026-04-18 14:45:00,1,5,15,30,14,5,1
2026-04-18 15:00:00,1,4,11,28,15,5,1
2026-04-18 15:15:00,1,4,16,28,15,5,1
2026-04-18 15:30:00,1,5,15,20,15,5,1
2026-04-18 15:45:00,1,2,15,10,15,5,9
2026-04-18 16:00:00,9,4,14,16,16,5,8
2026-04-18 16:15:00,8,4,17,16,16,5,10
2026-04-18 16:30:00,10,2,13,8,16,5,15
2026-04-18 16:45:00,15,2,16,10,16,5,21
2026-04-18 17:00:00,21,4,12,28,17,5,1
2026-04-18 17:15:00,1,5,23,25,17,5,1
2026-04-18 17:30:00,1,5,15,25,17,5,1
2026-04-18 17:45:00,1,2,5,10,17,5,1
2026-04-18 18:00:00,1,2,13,14,18,5,1
2026-04-18 18:15:00,1,5,10,25,18,5,1
2026-04-18 18:30:00,1,5,9,35,18,5,1
2026-04-18 18:45:00,1,3,5,18,18,5,1
2026-04-18 19:00:00,1,2,18,14,19,5,6
2026-04-18 19:15:00,6,4,8,16,19,5,1
2026-04-18 19:30:00,1,3,15,12,19,5,6
2026-04-18 19:45:00,6,4,10,20,19,5,1
2026-04-18 20:00:00,1,4,3,28,20,5,1
2026-04-18 20:15:00,1,2,5,14,20,5,1
2026-04-18 20:30:00,1,5,3,25,20,5,1
2026-04-18 20:45:00,1,3,3,21,20,5,1
2026-04-18 21:00:00,1,5,6,35,21,5,1
2026-04-18 21:15:00,1,5,6,25,21,5,1
2026-04-18 21:30:00,1,5,1,35,21,5,1
2026-04-18 21:45:00,1,3,2,12,21,5,1
2026-04-18 22:00:00,1,3,13,15,22,5,1
2026-04-18 22:15:00,1,3,5,15,22,5,1
2026-04-18 22:30:00,1,4,3,24,22,5,1
2026-04-18 22:45:00,1,2,5,14,22,5,1
2026-04-18 23:00:00,1,5,2,25,23,5,1
2026-04-18 23:15:00,1,2,7,12,23,5,1
2026-04-18 23:30:00,1,5,4,35,23,5,1
2026-04-18 23:45:00,1,2,4,14,23,5,1
2026-04-19 00:00:00,1,5,7,25,0,6,1
2026-04-19 00:15:00,1,5,5,25,0,6,1
2026-04-19 00:30:00,1,5,5,25,0,6,1
2026-04-19 00:45:00,1,4,4,16,0,6,1
2026-04-19 01:00:00,1,3,10,15,1,6,1
2026-04-19 01:15:00,1,2,3,14,1,6,1
2026-04-19 01:30:00,1,3,6,21,1,6,1
2026-04-19 01:45:00,1,2,4,10,1,6,1
2026-04-19 02:00:00,1,4,12,20,2,6,1
2026-04-19 02:15:00,1,2,4,10,2,6,1
2026-04-19 02:30:00,1,2,10,12,2,6,1
2026-04-19 02:45:00,1,3,5,15,2,6,1
2026-04-19 03:00:00,1,4,6,16,3,6,1
2026-04-19 03:15:00,1,2,7,14,3,6,1
2026-04-19 03:30:00,1,3,6,18,3,6,1
2026-04-19 03:45:00,1,3,9,21,3,6,1
2026-04-19 04:00:00,1,3,7,15,4,6,1
2026-04-19 04:15:00,1,3,3,12,4,6,1
2026-04-19 04:30:00,1,2,9,14,4,6,1
2026-04-19 04:45:00,1,4,8,16,4,6,1
2026-04-19 05:00:00,1,4,12,20,5,6,1
2026-04-19 05:15:00,1,3,3,18,5,6,1
2026-04-19 05:30:00,1,2,6,10,5,6,1
2026-04-19 05:45:00,1,3,8,15,5,6,1
2026-04-19 06:00:00,1,5,3,35,6,6,1
2026-04-19 06:15:00,1,5,0,25,6,6,1
2026-04-19 06:30:00,1,4,0,20,6,6,1
2026-04-19 06:45:00,1,5,15,20,6,6,1
2026-04-19 07:00:00,1,4,1,28,7,6,1
2026-04-19 07:15:00,1,4,5,28,7,6,1
2026-04-19 07:30:00,1,2,3,12,7,6,1
2026-04-19 07:45:00,1,4,9,20,7,6,1
2026-04-19 08:00:00,1,3,9,15,8,6,1
2026-04-19 08:15:00,1,5,5,30,8,6,1
2026-04-19 08:30:00,1,5,13,20,8,6,1
2026-04-19 08:45:00,1,3,7,15,8,6,1
2026-04-19 09:00:00,1,3,15,15,9,6,2
2026-04-19 09:15:00,2,5,18,20,9,6,1
2026-04-19 09:30:00,1,2,24,12,9,6,10
2026-04-19 09:45:00,10,4,19,16,9,6,15
2026-04-19 10:00:00,15,5,18,35,10,6,1
2026-04-19 10:15:00,1,3,12,15,10,6,1
2026-04-19 10:30:00,1,3,23,18,10,6,3
2026-04-19 10:45:00,3,5,18,30,10,6,1
2026-04-19 11:00:00,1,2,14,12,11,6,5
2026-04-19 11:15:00,5,4,17,28,11,6,1
2026-04-19 11:30:00,1,5,24,20,11,6,5
2026-04-19 11:45:00,5,4,19,16,11,6,11
2026-04-19 12:00:00,11,3,17,12,12,6,16
2026-04-19 12:15:00,16,2,19,12,12,6,23
2026-04-19 12:30:00,23,4,17,16,12,6,25
2026-04-19 12:45:00,25,4,23,24,12,6,21
2026-04-19 13:00:00,21,4,16,20,13,6,16
2026-04-19 13:15:00,16,4,11,16,13,6,7
2026-04-19 13:30:00,7,5,23,35,13,6,1
2026-04-19 13:45:00,1,4,15,16,13,6,1
2026-04-19 14:00:00,1,2,15,10,14,6,5
2026-04-19 14:15:00,5,5,13,20,14,6,1
2026-04-19 14:30:00,1,2,22,10,14,6,16
2026-04-19 14:45:00,16,2,20,8,14,6,29
2026-04-19 15:00:00,29,3,17,12,15,6,37
2026-04-19 15:15:00,37,2,8,8,15,6,36
2026-04-19 15:30:00,36,4,24,28,15,6,33
2026-04-19 15:45:00,33,5,15,30,15,6,18
2026-04-19 16:00:00,18,5,17,25,16,6,9
2026-04-19 16:15:00,9,5,17,20,16,6,11
2026-04-19 16:30:00,11,5,15,20,16,6,7
2026-04-19 16:45:00,7,2,20,8,16,6,17
2026-04-19 17:00:00,17,4,9,24,17,6,1
2026-04-19 17:15:00,1,3,11,15,17,6,1
2026-04-19 17:30:00,1,3,17,21,17,6,1
2026-04-19 17:45:00,1,5,13,30,17,6,1
2026-04-19 18:00:00,1,3,9,15,18,6,1
2026-04-19 18:15:00,1,5,9,20,18,6,1
2026-04-19 18:30:00,1,5,15,35,18,6,1
2026-04-19 18:45:00,1,5,17,35,18,6,1
2026-04-19 19:00:00,1,3,17,15,19,6,1
2026-04-19 19:15:00,1,2,9,14,19,6,1
2026-04-19 19:30:00,1,2,11,14,19,6,1
2026-04-19 19:45:00,1,5,16,20,19,6,1
2026-04-19 20:00:00,1,2,10,10,20,6,1
2026-04-19 20:15:00,1,5,5,30,20,6,1
2026-04-19 20:30:00,1,3,3,12,20,6,1
2026-04-19 20:45:00,1,4,6,20,20,6,1
2026-04-19 21:00:00,1,2,7,14,21,6,1
2026-04-19 21:15:00,1,2,7,8,21,6,1
2026-04-19 21:30:00,1,4,8,28,21,6,1
2026-04-19 21:45:00,1,2,8,12,21,6,1
2026-04-19 22:00:00,1,4,4,24,22,6,1
2026-04-19 22:15:00,1,5,4,35,22,6,1
2026-04-19 22:30:00,1,2,12,8,22,6,4
2026-04-19 22:45:00,4,4,2,28,22,6,1
2026-04-19 23:00:00,1,2,2,8,23,6,1
2026-04-19 23:15:00,1,4,8,24,23,6,1
2026-04-19 23:30:00,1,2,0,12,23,6,1
2026-04-19 23:45:00,1,3,0,15,23,6,1
2026-04-20 00:00:00,1,3,15,21,0,0,1
2026-04-20 00:15:00,1,3,12,12,0,0,1
2026-04-20 00:30:00,1,4,6,28,0,0,1
2026-04-20 00:45:00,1,2,10,8,0,0,2
2026-04-20 01:00:00,2,3,7,12,1,0,1
2026-04-20 01:15:00,1,2,13,12,1,0,1
2026-04-20 01:30:00,1,3,9,15,1,0,1
2026-04-20 01:45:00,1,5,12,30,1,0,1
2026-04-20 02:00:00,1,2,10,8,2,0,1
2026-04-20 02:15:00,1,2,9,14,2,0,1
2026-04-20 02:30:00,1,5,15,20,2,0,1
2026-04-20 02:45:00,1,5,6,35,2,0,1
2026-04-20 03:00:00,1,5,11,25,3,0,1
2026-04-20 03:15:00,1,4,1,24,3,0,1
2026-04-20 03:30:00,1,5,10,35,3,0,1
2026-04-20 03:45:00,1,5,14,35,3,0,1
2026-04-20 04:00:00,1,3,7,15,4,0,1
2026-04-20 04:15:00,1,4,9,20,4,0,1
2026-04-20 04:30:00,1,3,11,21,4,0,1
2026-04-20 04:45:00,1,2,11,8,4,0,4
2026-04-20 05:00:00,4,3,12,12,5,0,7
2026-04-20 05:15:00,7,2,6,10,5,0,2
2026-04-20 05:30:00,2,2,5,8,5,0,1
2026-04-20 05:45:00,1,4,4,28,5,0,1
2026-04-20 06:00:00,1,3,2,12,6,0,1
2026-04-20 06:15:00,1,4,7,28,6,0,1
2026-04-20 06:30:00,1,3,15,12,6,0,1
2026-04-20 06:45:00,1,4,4,24,6,0,1
2026-04-20 07:00:00,1,3,13,21,7,0,1
2026-04-20 07:15:00,1,5,8,20,7,0,1
2026-04-20 07:30:00,1,5,15,35,7,0,1
2026-04-20 07:45:00,1,2,4,8,7,0,1
2026-04-20 08:00:00,1,3,7,21,8,0,1
2026-04-20 08:15:00,1,3,8,21,8,0,1
2026-04-20 08:30:00,1,3,13,12,8,0,2
2026-04-20 08:45:00,2,4,1,20,8,0,1
2026-04-20 09:00:00,1,5,19,20,9,0,2
2026-04-20 09:15:00,2,5,22,20,9,0,3
2026-04-20 09:30:00,3,5,15,30,9,0,1
2026-04-20 09:45:00,1,3,24,18,9,0,7
2026-04-20 10:00:00,7,4,24,28,10,0,3
2026-04-20 10:15:00,3,3,21,12,10,0,12
2026-04-20 10:30:00,12,2,21,10,10,0,21
2026-04-20 10:45:00,21,2,8,12,10,0,15
2026-04-20 11:00:00,15,2,19,8,11,0,22
2026-04-20 11:15:00,22,5,24,30,11,0,13
2026-04-20 11:30:00,13,4,21,24,11,0,7
2026-04-20 11:45:00,7,5,19,20,11,0,7
2026-04-20 12:00:00,7,3,28,12,12,0,25
2026-04-20 12:15:00,25,4,20,16,12,0,29
2026-04-20 12:30:00,29,3,21,18,12,0,32
2026-04-20 12:45:00,32,4,24,20,12,0,36
2026-04-20 13:00:00,36,3,19,21,13,0,31
2026-04-20 13:15:00,31,2,23,12,13,0,44
2026-04-20 13:30:00,44,2,15,8,13,0,54
2026-04-20 13:45:00,54,5,21,25,13,0,46
2026-04-20 14:00:00,46,5,13,20,14,0,39
2026-04-20 14:15:00,39,5,23,25,14,0,35
2026-04-20 14:30:00,35,5,18,25,14,0,29
2026-04-20 14:45:00,29,5,17,35,14,0,14
2026-04-20 15:00:00,14,4,15,20,15,0,9
2026-04-20 15:15:00,9,5,21,25,15,0,6
2026-04-20 15:30:00,6,5,20,25,15,0,1
2026-04-20 15:45:00,1,2,20,14,15,0,8
2026-04-20 16:00:00,8,5,19,20,16,0,5
2026-04-20 16:15:00,5,2,22,12,16,0,13
2026-04-20 16:30:00,13,5,9,35,16,0,1
2026-04-20 16:45:00,1,3,20,15,16,0,4
2026-04-20 17:00:00,4,4,17,28,17,0,1
2026-04-20 17:15:00,1,4,20,28,17,0,1
2026-04-20 17:30:00,1,5,15,30,17,0,1
2026-04-20 17:45:00,1,3,19,15,17,0,4
2026-04-20 18:00:00,4,3,16,18,18,0,4
2026-04-20 18:15:00,4,4,11,16,18,0,1
2026-04-20 18:30:00,1,4,14,20,18,0,1
2026-04-20 18:45:00,1,3,17,21,18,0,1
2026-04-20 19:00:00,1,4,17,28,19,0,1
2026-04-20 19:15:00,1,2,8,8,19,0,1
2026-04-20 19:30:00,1,5,23,25,19,0,1
2026-04-20 19:45:00,1,2,8,12,19,0,1
2026-04-20 20:00:00,1,5,3,25,20,0,1
2026-04-20 20:15:00,1,5,12,35,20,0,1
2026-04-20 20:30:00,1,4,11,28,20,0,1
2026-04-20 20:45:00,1,5,2,20,20,0,1
2026-04-20 21:00:00,1,3,11,21,21,0,1
2026-04-20 21:15:00,1,4,11,24,21,0,1
2026-04-20 21:30:00,1,5,5,35,21,0,1
2026-04-20 21:45:00,1,2,10,8,21,0,2
2026-04-20 22:00:00,2,4,4,16,22,0,1
2026-04-20 22:15:00,1,4,9,28,22,0,1
2026-04-20 22:30:00,1,5,12,25,22,0,1
2026-04-20 22:45:00,1,3,9,21,22,0,1
2026-04-20 23:00:00,1,4,11,16,23,0,1
2026-04-20 23:15:00,1,4,9,20,23,0,1
2026-04-20 23:30:00,1,5,1,30,23,0,1
2026-04-20 23:45:00,1,2,4,8,23,0,1
2026-04-21 00:00:00,1,4,10,24,0,1,1
2026-04-21 00:15:00,1,2,14,10,0,1,4
2026-04-21 00:30:00,4,2,5,14,0,1,1
2026-04-21 00:45:00,1,5,12,25,0,1,1
2026-04-21 01:00:00,1,5,11,30,1,1,1
2026-04-21 01:15:00,1,3,10,21,1,1,1
2026-04-21 01:30:00,1,5,0,25,1,1,1
2026-04-21 01:45:00,1,2,5,14,1,1,1
2026-04-21 02:00:00,1,3,8,12,2,1,1
2026-04-21 02:15:00,1,3,10,18,2,1,1
2026-04-21 02:30:00,1,5,19,30,2,1,1
2026-04-21 02:45:00,1,3,0,15,2,1,1
2026-04-21 03:00:00,1,3,13,18,3,1,1
2026-04-21 03:15:00,1,4,12,16,3,1,1
2026-04-21 03:30:00,1,5,10,25,3,1,1
2026-04-21 03:45:00,1,4,9,20,3,1,1
2026-04-21 04:00:00,1,5,9,20,4,1,1
2026-04-21 04:15:00,1,4,6,24,4,1,1
2026-04-21 04:30:00,1,2,0,8,4,1,1
2026-04-21 04:45:00,1,4,2,20,4,1,1
2026-04-21 05:00:00,1,3,6,15,5,1,1
2026-04-21 05:15:00,1,3,13,18,5,1,1
2026-04-21 05:30:00,1,2,2,12,5,1,1
2026-04-21 05:45:00,1,3,9,18,5,1,1
2026-04-21 06:00:00,1,3,5,12,6,1,1
2026-04-21 06:15:00,1,4,6,24,6,1,1
2026-04-21 06:30:00,1,5,9,25,6,1,1
2026-04-21 06:45:00,1,3,3,15,6,1,1
2026-04-21 07:00:00,1,5,8,35,7,1,1
2026-04-21 07:15:00,1,3,4,15,7,1,1
2026-04-21 07:30:00,1,4,6,24,7,1,1
2026-04-21 07:45:00,1,2,11,10,7,1,5
2026-04-21 08:00:00,5,4,12,16,8,1,2
2026-04-21 08:15:00,2,4,2,24,8,1,1
2026-04-21 08:30:00,1,4,16,20,8,1,1
2026-04-21 08:45:00,1,2,12,12,8,1,1
2026-04-21 09:00:00,1,5,22,25,9,1,1
2026-04-21 09:15:00,1,2,27,14,9,1,15
2026-04-21 09:30:00,15,3,22,12,9,1,26
2026-04-21 09:45:00,26,3,23,21,9,1,27
2026-04-21 10:00:00,27,3,20,15,10,1,32
2026-04-21 10:15:00,32,5,25,20,10,1,36
2026-04-21 10:30:00,36,5,24,35,10,1,22
2026-04-21 10:45:00,22,5,19,25,10,1,10
2026-04-21 11:00:00,10,4,19,16,11,1,14
2026-04-21 11:15:00,14,4,15,20,11,1,11
2026-04-21 11:30:00,11,5,19,30,11,1,1
2026-04-21 11:45:00,1,5,21,35,11,1,1
2026-04-21 12:00:00,1,5,21,25,12,1,1
2026-04-21 12:15:00,1,5,22,30,12,1,1
2026-04-21 12:30:00,1,4,24,28,12,1,1
2026-04-21 12:45:00,1,5,24,30,12,1,1
2026-04-21 13:00:00,1,5,26,35,13,1,1
2026-04-21 13:15:00,1,5,19,30,13,1,1
2026-04-21 13:30:00,1,4,24,28,13,1,1
2026-04-21 13:45:00,1,5,17,20,13,1,1
2026-04-21 14:00:00,1,4,17,16,14,1,1
2026-04-21 14:15:00,1,2,11,10,14,1,2
2026-04-21 14:30:00,2,3,16,15,14,1,3
2026-04-21 14:45:00,3,4,16,28,14,1,1
2026-04-21 15:00:00,1,3,16,18,15,1,1
2026-04-21 15:15:00,1,4,17,28,15,1,1
2026-04-21 15:30:00,1,4,18,28,15,1,1
2026-04-21 15:45:00,1,3,18,12,15,1,8
2026-04-21 16:00:00,8,4,16,16,16,1,7
2026-04-21 16:15:00,7,4,9,28,16,1,1
2026-04-21 16:30:00,1,3,19,21,16,1,1
2026-04-21 16:45:00,1,4,20,24,16,1,1
2026-04-21 17:00:00,1,3,19,12,17,1,10
2026-04-21 17:15:00,10,3,23,21,17,1,13
2026-04-21 17:30:00,13,4,15,24,17,1,5
2026-04-21 17:45:00,5,3,13,18,17,1,1
2026-04-21 18:00:00,1,2,11,12,18,1,1
2026-04-21 18:15:00,1,3,16,15,18,1,4
2026-04-21 18:30:00,4,3,12,12,18,1,5
2026-04-21 18:45:00,5,5,21,35,18,1,1
2026-04-21 19:00:00,1,4,15,28,19,1,1
2026-04-21 19:15:00,1,3,14,15,19,1,3
2026-04-21 19:30:00,3,3,13,21,19,1,1
2026-04-21 19:45:00,1,4,14,20,19,1,1
2026-04-21 20:00:00,1,2,8,12,20,1,1
2026-04-21 20:15:00,1,3,3,15,20,1,1
2026-04-21 20:30:00,1,4,6,16,20,1,1
2026-04-21 20:45:00,1,5,8,35,20,1,1
2026-04-21 21:00:00,1,4,8,28,21,1,1
2026-04-21 21:15:00,1,3,9,21,21,1,1
2026-04-21 21:30:00,1,2,15,12,21,1,2
2026-04-21 21:45:00,2,4,8,16,21,1,1
2026-04-21 22:00:00,1,2,12,14,22,1,1
2026-04-21 22:15:00,1,5,8,20,22,1,1
2026-04-21 22:30:00,1,4,7,28,22,1,1
2026-04-21 22:45:00,1,2,6,14,22,1,1
2026-04-21 23:00:00,1,4,7,24,23,1,1
2026-04-21 23:15:00,1,3,10,12,23,1,1
2026-04-21 23:30:00,1,5,8,35,23,1,1
2026-04-21 23:45:00,1,5,6,25,23,1,1
2026-04-22 00:00:00,1,2,11,8,0,2,3
2026-04-22 00:15:00,3,3,14,18,0,2,1
2026-04-22 00:30:00,1,3,9,18,0,2,1
2026-04-22 00:45:00,1,2,7,14,0,2,1
2026-04-22 01:00:00,1,2,3,14,1,2,1
2026-04-22 01:15:00,1,4,15,16,1,2,1
2026-04-22 01:30:00,1,4,12,20,1,2,1
2026-04-22 01:45:00,1,4,9,20,1,2,1
2026-04-22 02:00:00,1,4,7,20,2,2,1
2026-04-22 02:15:00,1,3,5,15,2,2,1
2026-04-22 02:30:00,1,5,6,20,2,2,1
2026-04-22 02:45:00,1,2,15,10,2,2,4
2026-04-22 03:00:00,4,3,8,12,3,2,1
2026-04-22 03:15:00,1,2,15,12,3,2,1
2026-04-22 03:30:00,1,5,15,20,3,2,1
2026-04-22 03:45:00,1,5,14,20,3,2,1
2026-04-22 04:00:00,1,4,2,28,4,2,1
2026-04-22 04:15:00,1,5,6,20,4,2,1
2026-04-22 04:30:00,1,3,10,12,4,2,1
2026-04-22 04:45:00,1,4,6,24,4,2,1
2026-04-22 05:00:00,1,4,1,20,5,2,1
2026-04-22 05:15:00,1,4,13,28,5,2,1
2026-04-22 05:30:00,1,4,14,20,5,2,1
2026-04-22 05:45:00,1,2,8,10,5,2,1
2026-04-22 06:00:00,1,2,8,12,6,2,1
2026-04-22 06:15:00,1,5,9,30,6,2,1
2026-04-22 06:30:00,1,2,0,8,6,2,1
2026-04-22 06:45:00,1,4,15,28,6,2,1
2026-04-22 07:00:00,1,2,6,10,7,2,1
2026-04-22 07:15:00,1,4,6,20,7,2,1
2026-04-22 07:30:00,1,2,2,8,7,2,1
2026-04-22 07:45:00,1,2,7,10,7,2,1
2026-04-22 08:00:00,1,4,11,24,8,2,1
2026-04-22 08:15:00,1,5,6,35,8,2,1
2026-04-22 08:30:00,1,4,12,16,8,2,1
2026-04-22 08:45:00,1,5,2,25,8,2,1
2026-04-22 09:00:00,1,3,19,18,9,2,1
2026-04-22 09:15:00,1,2,19,12,9,2,5
2026-04-22 09:30:00,5,3,18,15,9,2,13
2026-04-22 09:45:00,13,4,11,16,9,2,9
2026-04-22 10:00:00,9,4,21,28,10,2,1
2026-04-22 10:15:00,1,5,26,35,10,2,1
2026-04-22 10:30:00,1,2,22,14,10,2,9
2026-04-22 10:45:00,9,3,26,12,10,2,22
2026-04-22 11:00:00,22,5,13,35,11,2,1
2026-04-22 11:15:00,1,4,25,16,11,2,10
2026-04-22 11:30:00,10,4,24,16,11,2,14
2026-04-22 11:45:00,14,4,19,28,11,2,7
2026-04-22 12:00:00,7,5,30,25,12,2,10
2026-04-22 12:15:00,10,5,20,35,12,2,1
2026-04-22 12:30:00,1,3,17,15,12,2,3
2026-04-22 12:45:00,3,2,20,14,12,2,10
2026-04-22 13:00:00,10,4,20,24,13,2,5
2026-04-22 13:15:00,5,4,22,16,13,2,9
2026-04-22 13:30:00,9,4,20,20,13,2,9
2026-04-22 13:45:00,9,2,15,8,13,2,20
2026-04-22 14:00:00,20,2,24,12,14,2,29
2026-04-22 14:15:00,29,2,17,10,14,2,34
2026-04-22 14:30:00,34,3,14,12,14,2,35
2026-04-22 14:45:00,35,5,20,20,14,2,36
2026-04-22 15:00:00,36,3,22,21,15,2,40
2026-04-22 15:15:00,40,2,11,10,15,2,40
2026-04-22 15:30:00,40,4,12,16,15,2,34
2026-04-22 15:45:00,34,4,17,16,15,2,38
2026-04-22 16:00:00,38,5,10,35,16,2,10
2026-04-22 16:15:00,10,2,18,10,16,2,17
2026-04-22 16:30:00,17,2,13,8,16,2,21
2026-04-22 16:45:00,21,5,12,35,16,2,1
2026-04-22 17:00:00,1,2,10,10,17,2,1
2026-04-22 17:15:00,1,5,23,20,17,2,2
2026-04-22 17:30:00,2,4,17,28,17,2,1
2026-04-22 17:45:00,1,2,13,14,17,2,1
2026-04-22 18:00:00,1,3,19,12,18,2,8
2026-04-22 18:15:00,8,3,14,18,18,2,2
2026-04-22 18:30:00,2,2,15,12,18,2,1
2026-04-22 18:45:00,1,4,4,16,18,2,1
2026-04-22 19:00:00,1,3,12,12,19,2,1
2026-04-22 19:15:00,1,5,13,25,19,2,1
2026-04-22 19:30:00,1,4,11,16,19,2,1
2026-04-22 19:45:00,1,5,13,25,19,2,1
2026-04-22 20:00:00,1,4,2,24,20,2,1
2026-04-22 20:15:00,1,2,8,14,20,2,1
2026-04-22 20:30:00,1,4,11,28,20,2,1
2026-04-22 20:45:00,1,4,16,20,20,2,1
2026-04-22 21:00:00,1,4,10,28,21,2,1
2026-04-22 21:15:00,1,4,10,20,21,2,1
2026-04-22 21:30:00,1,3,10,21,21,2,1
2026-04-22 21:45:00,1,5,9,35,21,2,1
2026-04-22 22:00:00,1,2,4,10,22,2,1
2026-04-22 22:15:00,1,5,11,30,22,2,1
2026-04-22 22:30:00,1,5,7,30,22,2,1
2026-04-22 22:45:00,1,3,13,18,22,2,1
2026-04-22 23:00:00,1,5,7,30,23,2,1
2026-04-22 23:15:00,1,2,2,14,23,2,1
2026-04-22 23:30:00,1,5,7,25,23,2,1
2026-04-22 23:45:00,1,2,3,10,23,2,1
2026-04-23 00:00:00,1,3,9,15,0,3,1
2026-04-23 00:15:00,1,3,4,18,0,3,1
2026-04-23 00:30:00,1,2,11,10,0,3,2
2026-04-23 00:45:00,2,4,10,24,0,3,1
2026-04-23 01:00:00,1,3,13,12,1,3,1
2026-04-23 01:15:00,1,3,12,12,1,3,3
2026-04-23 01:30:00,3,3,7,15,1,3,1
2026-04-23 01:45:00,1,2,9,14,1,3,1
2026-04-23 02:00:00,1,4,9,24,2,3,1
2026-04-23 02:15:00,1,5,8,30,2,3,1
2026-04-23 02:30:00,1,3,13,15,2,3,1
2026-04-23 02:45:00,1,3,10,21,2,3,1
2026-04-23 03:00:00,1,4,14,24,3,3,1
2026-04-23 03:15:00,1,4,1,28,3,3,1
2026-04-23 03:30:00,1,5,5,20,3,3,1
2026-04-23 03:45:00,1,4,12,24,3,3,1
2026-04-23 04:00:00,1,2,6,8,4,3,1
2026-04-23 04:15:00,1,2,5,14,4,3,1
2026-04-23 04:30:00,1,4,8,16,4,3,1
2026-04-23 04:45:00,1,3,14,21,4,3,1
2026-04-23 05:00:00,1,4,0,28,5,3,1
2026-04-23 05:15:00,1,5,18,20,5,3,1
2026-04-23 05:30:00,1,5,9,30,5,3,1
2026-04-23 05:45:00,1,5,3,30,5,3,1
2026-04-23 06:00:00,1,5,6,35,6,3,1
2026-04-23 06:15:00,1,2,2,8,6,3,1
2026-04-23 06:30:00,1,5,14,20,6,3,1
2026-04-23 06:45:00,1,3,13,18,6,3,1
2026-04-23 07:00:00,1,2,9,10,7,3,1
2026-04-23 07:15:00,1,2,10,8,7,3,1
2026-04-23 07:30:00,1,2,6,8,7,3,1
2026-04-23 07:45:00,1,4,11,20,7,3,1
2026-04-23 08:00:00,1,3,8,15,8,3,1
2026-04-23 08:15:00,1,3,9,15,8,3,1
2026-04-23 08:30:00,1,2,9,14,8,3,1
2026-04-23 08:45:00,1,5,9,35,8,3,1
2026-04-23 09:00:00,1,4,23,28,9,3,1
2026-04-23 09:15:00,1,5,24,30,9,3,1
2026-04-23 09:30:00,1,2,20,10,9,3,9
2026-04-23 09:45:00,9,5,23,20,9,3,13
2026-04-23 10:00:00,13,5,22,20,10,3,17
2026-04-23 10:15:00,17,3,14,15,10,3,16
2026-04-23 10:30:00,16,2,26,8,10,3,32
2026-04-23 10:45:00,32,3,25,15,10,3,42
2026-04-23 11:00:00,42,4,19,20,11,3,43
2026-04-23 11:15:00,43,4,20,24,11,3,32
2026-04-23 11:30:00,32,2,22,10,11,3,46
2026-04-23 11:45:00,46,5,14,30,11,3,30
2026-04-23 12:00:00,30,3,25,18,12,3,32
2026-04-23 12:15:00,32,2,11,12,12,3,31
2026-04-23 12:30:00,31,5,23,20,12,3,35
2026-04-23 12:45:00,35,3,23,21,12,3,36
2026-04-23 13:00:00,36,3,20,18,13,3,37
2026-04-23 13:15:00,37,4,19,16,13,3,41
2026-04-23 13:30:00,41,2,17,12,13,3,42
2026-04-23 13:45:00,42,2,18,10,13,3,51
2026-04-23 14:00:00,51,2,12,14,14,3,52
2026-04-23 14:15:00,52,4,19,20,14,3,56
2026-04-23 14:30:00,56,5,14,25,14,3,45
2026-04-23 14:45:00,45,3,16,12,14,3,48
2026-04-23 15:00:00,48,2,24,8,15,3,62
2026-04-23 15:15:00,62,3,20,21,15,3,60
2026-04-23 15:30:00,60,5,16,30,15,3,46
2026-04-23 15:45:00,46,3,11,18,15,3,38
2026-04-23 16:00:00,38,5,18,25,16,3,29
2026-04-23 16:15:00,29,4,18,16,16,3,30
2026-04-23 16:30:00,30,3,21,15,16,3,37
2026-04-23 16:45:00,37,2,11,8,16,3,39
2026-04-23 17:00:00,39,2,13,14,17,3,37
2026-04-23 17:15:00,37,5,12,30,17,3,18
2026-04-23 17:30:00,18,5,17,20,17,3,15
2026-04-23 17:45:00,15,3,17,21,17,3,12
2026-04-23 18:00:00,12,3,18,15,18,3,12
2026-04-23 18:15:00,12,5,14,20,18,3,5
2026-04-23 18:30:00,5,5,11,25,18,3,1
2026-04-23 18:45:00,1,3,7,12,18,3,1
2026-04-23 19:00:00,1,3,12,15,19,3,1
2026-04-23 19:15:00,1,5,21,35,19,3,1
2026-04-23 19:30:00,1,5,19,25,19,3,1
2026-04-23 19:45:00,1,3,20,15,19,3,6
2026-04-23 20:00:00,6,3,4,12,20,3,1
2026-04-23 20:15:00,1,3,8,21,20,3,1
2026-04-23 20:30:00,1,2,7,10,20,3,1
2026-04-23 20:45:00,1,2,14,8,20,3,4
2026-04-23 21:00:00,4,3,7,21,21,3,1
2026-04-23 21:15:00,1,5,13,20,21,3,1
2026-04-23 21:30:00,1,5,2,35,21,3,1
2026-04-23 21:45:00,1,4,9,20,21,3,1
2026-04-23 22:00:00,1,4,9,24,22,3,1
2026-04-23 22:15:00,1,3,2,21,22,3,1
2026-04-23 22:30:00,1,2,6,8,22,3,1
2026-04-23 22:45:00,1,4,3,20,22,3,1
2026-04-23 23:00:00,1,5,12,35,23,3,1
2026-04-23 23:15:00,1,3,8,18,23,3,1
2026-04-23 23:30:00,1,3,10,12,23,3,1
2026-04-23 23:45:00,1,3,12,18,23,3,1
2026-04-24 00:00:00,1,5,11,35,0,4,1
2026-04-24 00:15:00,1,2,12,8,0,4,6
2026-04-24 00:30:00,6,3,7,12,0,4,1
2026-04-24 00:45:00,1,2,11,8,0,4,3
2026-04-24 01:00:00,3,2,7,12,1,4,1
2026-04-24 01:15:00,1,5,4,35,1,4,1
2026-04-24 01:30:00,1,5,5,35,1,4,1
2026-04-24 01:45:00,1,3,9,18,1,4,1
2026-04-24 02:00:00,1,5,9,30,2,4,1
2026-04-24 02:15:00,1,5,12,25,2,4,1
2026-04-24 02:30:00,1,4,12,24,2,4,1
2026-04-24 02:45:00,1,5,13,20,2,4,1
2026-04-24 03:00:00,1,3,10,15,3,4,1
2026-04-24 03:15:00,1,5,4,30,3,4,1
2026-04-24 03:30:00,1,4,6,28,3,4,1
2026-04-24 03:45:00,1,4,10,24,3,4,1
2026-04-24 04:00:00,1,4,8,16,4,4,1
2026-04-24 04:15:00,1,2,8,14,4,4,1
2026-04-24 04:30:00,1,5,7,20,4,4,1
2026-04-24 04:45:00,1,2,7,8,4,4,1
2026-04-24 05:00:00,1,4,3,20,5,4,1
2026-04-24 05:15:00,1,5,9,35,5,4,1
2026-04-24 05:30:00,1,4,7,28,5,4,1
2026-04-24 05:45:00,1,3,3,15,5,4,1
2026-04-24 06:00:00,1,5,6,35,6,4,1
2026-04-24 06:15:00,1,2,7,14,6,4,1
2026-04-24 06:30:00,1,4,19,24,6,4,1
2026-04-24 06:45:00,1,3,15,18,6,4,1
2026-04-24 07:00:00,1,2,10,8,7,4,2
2026-04-24 07:15:00,2,2,5,8,7,4,1
2026-04-24 07:30:00,1,2,7,12,7,4,1
2026-04-24 07:45:00,1,3,12,12,7,4,2
2026-04-24 08:00:00,2,4,5,28,8,4,1
2026-04-24 08:15:00,1,5,13,25,8,4,1
2026-04-24 08:30:00,1,3,5,12,8,4,1
2026-04-24 08:45:00,1,2,9,10,8,4,1
2026-04-24 09:00:00,1,2,21,8,9,4,15
2026-04-24 09:15:00,15,4,27,16,9,4,25
2026-04-24 09:30:00,25,2,12,12,9,4,24
2026-04-24 09:45:00,24,2,21,14,9,4,34
2026-04-24 10:00:00,34,2,20,14,10,4,42
2026-04-24 10:15:00,42,2,22,14,10,4,50
2026-04-24 10:30:00,50,5,18,20,10,4,47
2026-04-24 10:45:00,47,2,17,8,10,4,57
2026-04-24 11:00:00,57,2,33,14,11,4,77
2026-04-24 11:15:00,77,4,24,28,11,4,75
2026-04-24 11:30:00,75,2,22,8,11,4,86
2026-04-24 11:45:00,86,5,20,35,11,4,72
2026-04-24 12:00:00,72,4,24,24,12,4,73
2026-04-24 12:15:00,73,4,25,20,12,4,72
2026-04-24 12:30:00,72,2,19,8,12,4,85
2026-04-24 12:45:00,85,2,16,12,12,4,91
2026-04-24 13:00:00,91,5,16,20,13,4,87
2026-04-24 13:15:00,87,3,20,15,13,4,95
2026-04-24 13:30:00,95,2,15,10,13,4,98
2026-04-24 13:45:00,98,5,20,25,13,4,93
2026-04-24 14:00:00,93,4,14,28,14,4,82
2026-04-24 14:15:00,82,2,17,10,14,4,88
2026-04-24 14:30:00,88,5,15,30,14,4,74
2026-04-24 14:45:00,74,5,21,20,14,4,75
2026-04-24 15:00:00,75,4,18,20,15,4,72
2026-04-24 15:15:00,72,5,22,25,15,4,71
2026-04-24 15:30:00,71,5,22,35,15,4,57
2026-04-24 15:45:00,57,5,18,25,15,4,46
2026-04-24 16:00:00,46,2,21,14,16,4,53
2026-04-24 16:15:00,53,3,15,15,16,4,50
2026-04-24 16:30:00,50,5,17,20,16,4,48
2026-04-24 16:45:00,48,5,18,25,16,4,43
2026-04-24 17:00:00,43,5,23,20,17,4,44
2026-04-24 17:15:00,44,4,11,16,17,4,39
2026-04-24 17:30:00,39,4,17,20,17,4,36
2026-04-24 17:45:00,36,3,15,12,17,4,38
2026-04-24 18:00:00,38,3,15,15,18,4,35
2026-04-24 18:15:00,35,2,11,8,18,4,42
2026-04-24 18:30:00,42,5,13,25,18,4,27
2026-04-24 18:45:00,27,5,18,20,18,4,25
2026-04-24 19:00:00,25,2,12,12,19,4,22
2026-04-24 19:15:00,22,2,15,14,19,4,23
2026-04-24 19:30:00,23,4,16,16,19,4,23
2026-04-24 19:45:00,23,3,16,18,19,4,20
2026-04-24 20:00:00,20,3,13,15,20,4,20
2026-04-24 20:15:00,20,2,14,12,20,4,23
2026-04-24 20:30:00,23,4,5,24,20,4,2
2026-04-24 20:45:00,2,5,6,35,20,4,1
2026-04-24 21:00:00,1,5,10,35,21,4,1
2026-04-24 21:15:00,1,3,16,15,21,4,2
2026-04-24 21:30:00,2,4,5,16,21,4,1
2026-04-24 21:45:00,1,2,0,10,21,4,1
2026-04-24 22:00:00,1,4,11,28,22,4,1
2026-04-24 22:15:00,1,2,12,8,22,4,4
2026-04-24 22:30:00,4,4,4,20,22,4,1
2026-04-24 22:45:00,1,3,13,12,22,4,1
2026-04-24 23:00:00,1,2,12,14,23,4,1
2026-04-24 23:15:00,1,2,11,10,23,4,2
2026-04-24 23:30:00,2,2,12,14,23,4,1
2026-04-24 23:45:00,1,2,0,14,23,4,1
2026-04-25 00:00:00,1,5,5,20,0,5,1
2026-04-25 00:15:00,1,2,14,10,0,5,6
2026-04-25 00:30:00,6,4,8,24,0,5,1
2026-04-25 00:45:00,1,2,4,10,0,5,1
2026-04-25 01:00:00,1,3,2,15,1,5,1
2026-04-25 01:15:00,1,2,8,12,1,5,1
2026-04-25 01:30:00,1,3,8,18,1,5,1
2026-04-25 01:45:00,1,4,0,24,1,5,1
2026-04-25 02:00:00,1,2,10,14,2,5,1
2026-04-25 02:15:00,1,2,5,14,2,5,1
2026-04-25 02:30:00,1,3,2,15,2,5,1
2026-04-25 02:45:00,1,3,2,21,2,5,1
2026-04-25 03:00:00,1,2,4,10,3,5,1
2026-04-25 03:15:00,1,5,4,20,3,5,1
2026-04-25 03:30:00,1,5,10,20,3,5,1
2026-04-25 03:45:00,1,4,13,28,3,5,1
2026-04-25 04:00:00,1,4,4,20,4,5,1
2026-04-25 04:15:00,1,2,11,12,4,5,1
2026-04-25 04:30:00,1,3,6,21,4,5,1
2026-04-25 04:45:00,1,3,4,18,4,5,1
2026-04-25 05:00:00,1,5,11,35,5,5,1
2026-04-25 05:15:00,1,4,7,16,5,5,1
2026-04-25 05:30:00,1,5,4,20,5,5,1
2026-04-25 05:45:00,1,3,14,21,5,5,1
2026-04-25 06:00:00,1,2,12,8,6,5,7
2026-04-25 06:15:00,7,2,0,8,6,5,1
2026-04-25 06:30:00,1,5,3,30,6,5,1
2026-04-25 06:45:00,1,5,5,20,6,5,1
2026-04-25 07:00:00,1,4,1,20,7,5,1
2026-04-25 07:15:00,1,5,1,35,7,5,1
2026-04-25 07:30:00,1,2,11,14,7,5,1
2026-04-25 07:45:00,1,2,3,8,7,5,1
2026-04-25 08:00:00,1,2,6,14,8,5,1
2026-04-25 08:15:00,1,3,5,21,8,5,1
2026-04-25 08:30:00,1,3,9,21,8,5,1
2026-04-25 08:45:00,1,4,1,16,8,5,1
2026-04-25 09:00:00,1,2,17,14,9,5,4
2026-04-25 09:15:00,4,5,10,35,9,5,1
2026-04-25 09:30:00,1,5,19,20,9,5,1
2026-04-25 09:45:00,1,5,19,25,9,5,1
2026-04-25 10:00:00,1,3,18,12,10,5,1
2026-04-25 10:15:00,1,3,22,18,10,5,1
2026-04-25 10:30:00,1,3,13,21,10,5,1
2026-04-25 10:45:00,1,5,16,25,10,5,1
2026-04-25 11:00:00,1,4,15,24,11,5,1
2026-04-25 11:15:00,1,2,19,14,11,5,6
2026-04-25 11:30:00,6,5,23,25,11,5,4
2026-04-25 11:45:00,4,5,14,20,11,5,1
2026-04-25 12:00:00,1,4,17,24,12,5,1
2026-04-25 12:15:00,1,2,21,14,12,5,9
2026-04-25 12:30:00,9,3,18,18,12,5,9
2026-04-25 12:45:00,9,2,16,12,12,5,13
2026-04-25 13:00:00,13,3,14,12,13,5,16
2026-04-25 13:15:00,16,2,8,10,13,5,14
2026-04-25 13:30:00,14,3,14,15,13,5,11
2026-04-25 13:45:00,11,2,15,14,13,5,12
2026-04-25 14:00:00,12,2,17,8,14,5,20
2026-04-25 14:15:00,20,4,21,20,14,5,23
2026-04-25 14:30:00,23,3,14,15,14,5,18
2026-04-25 14:45:00,18,2,14,12,14,5,21
2026-04-25 15:00:00,21,2,12,14,15,5,19
2026-04-25 15:15:00,19,2,14,10,15,5,26
2026-04-25 15:30:00,26,2,21,14,15,5,34
2026-04-25 15:45:00,34,3,11,18,15,5,30
2026-04-25 16:00:00,30,2,6,12,16,5,23
2026-04-25 16:15:00,23,3,10,15,16,5,18
2026-04-25 16:30:00,18,5,15,30,16,5,1
2026-04-25 16:45:00,1,3,8,12,16,5,1
2026-04-25 17:00:00,1,5,8,35,17,5,1
2026-04-25 17:15:00,1,3,18,12,17,5,10
2026-04-25 17:30:00,10,5,17,30,17,5,1
2026-04-25 17:45:00,1,4,9,16,17,5,1
2026-04-25 18:00:00,1,3,10,18,18,5,1
2026-04-25 18:15:00,1,4,19,16,18,5,1
2026-04-25 18:30:00,1,4,11,24,18,5,1
2026-04-25 18:45:00,1,4,13,28,18,5,1
2026-04-25 19:00:00,1,3,9,15,19,5,1
2026-04-25 19:15:00,1,3,12,18,19,5,1
2026-04-25 19:30:00,1,5,17,25,19,5,1
2026-04-25 19:45:00,1,3,11,21,19,5,1
2026-04-25 20:00:00,1,5,11,20,20,5,1
2026-04-25 20:15:00,1,2,6,12,20,5,1
2026-04-25 20:30:00,1,5,4,20,20,5,1
2026-04-25 20:45:00,1,2,4,10,20,5,1
2026-04-25 21:00:00,1,2,5,12,21,5,1
2026-04-25 21:15:00,1,5,8,30,21,5,1
2026-04-25 21:30:00,1,4,8,28,21,5,1
2026-04-25 21:45:00,1,5,2,20,21,5,1
2026-04-25 22:00:00,1,3,3,21,22,5,1
2026-04-25 22:15:00,1,2,10,8,22,5,7
2026-04-25 22:30:00,7,2,6,14,22,5,3
2026-04-25 22:45:00,3,2,6,14,22,5,1
2026-04-25 23:00:00,1,5,8,35,23,5,1
2026-04-25 23:15:00,1,4,0,24,23,5,1
2026-04-25 23:30:00,1,3,11,21,23,5,1
2026-04-25 23:45:00,1,2,10,14,23,5,1
2026-04-26 00:00:00,1,3,5,21,0,6,1
2026-04-26 00:15:00,1,2,0,8,0,6,1
2026-04-26 00:30:00,1,4,4,20,0,6,1
2026-04-26 00:45:00,1,3,9,21,0,6,1
2026-04-26 01:00:00,1,3,16,15,1,6,1
2026-04-26 01:15:00,1,4,1,20,1,6,1
2026-04-26 01:30:00,1,5,7,20,1,6,1
2026-04-26 01:45:00,1,3,9,12,1,6,1
2026-04-26 02:00:00,1,4,0,24,2,6,1
2026-04-26 02:15:00,1,2,4,8,2,6,1
2026-04-26 02:30:00,1,5,4,25,2,6,1
2026-04-26 02:45:00,1,5,4,20,2,6,1
2026-04-26 03:00:00,1,5,1,25,3,6,1
2026-04-26 03:15:00,1,3,2,15,3,6,1
2026-04-26 03:30:00,1,2,3,10,3,6,1
2026-04-26 03:45:00,1,5,3,30,3,6,1
2026-04-26 04:00:00,1,4,7,16,4,6,1
2026-04-26 04:15:00,1,2,3,8,4,6,1
2026-04-26 04:30:00,1,4,10,20,4,6,1
2026-04-26 04:45:00,1,4,7,16,4,6,1
2026-04-26 05:00:00,1,3,0,21,5,6,1
2026-04-26 05:15:00,1,4,3,28,5,6,1
2026-04-26 05:30:00,1,2,12,8,5,6,4
2026-04-26 05:45:00,4,4,7,20,5,6,1
2026-04-26 06:00:00,1,4,11,24,6,6,1
2026-04-26 06:15:00,1,3,2,18,6,6,1
2026-04-26 06:30:00,1,4,3,20,6,6,1
2026-04-26 06:45:00,1,3,5,15,6,6,1
2026-04-26 07:00:00,1,4,6,24,7,6,1
2026-04-26 07:15:00,1,2,7,8,7,6,1
2026-04-26 07:30:00,1,4,2,28,7,6,1
2026-04-26 07:45:00,1,5,12,25,7,6,1
2026-04-26 08:00:00,1,4,3,28,8,6,1
2026-04-26 08:15:00,1,5,7,20,8,6,1
2026-04-26 08:30:00,1,2,0,10,8,6,1
2026-04-26 08:45:00,1,5,0,20,8,6,1
2026-04-26 09:00:00,1,3,16,15,9,6,3
2026-04-26 09:15:00,3,3,9,18,9,6,1
2026-04-26 09:30:00,1,2,21,10,9,6,12
2026-04-26 09:45:00,12,4,15,28,9,6,1
2026-04-26 10:00:00,1,3,13,18,10,6,1
2026-04-26 10:15:00,1,2,11,14,10,6,1
2026-04-26 10:30:00,1,5,28,25,10,6,3
2026-04-26 10:45:00,3,3,22,12,10,6,13
2026-04-26 11:00:00,13,5,16,35,11,6,1
2026-04-26 11:15:00,1,5,18,35,11,6,1
2026-04-26 11:30:00,1,2,21,8,11,6,12
2026-04-26 11:45:00,12,2,22,10,11,6,26
2026-04-26 12:00:00,26,3,23,18,12,6,29
2026-04-26 12:15:00,29,4,23,16,12,6,37
2026-04-26 12:30:00,37,3,16,15,12,6,36
2026-04-26 12:45:00,36,2,19,12,12,6,43
2026-04-26 13:00:00,43,3,19,18,13,6,43
2026-04-26 13:15:00,43,2,8,12,13,6,42
2026-04-26 13:30:00,42,2,5,8,13,6,38
2026-04-26 13:45:00,38,2,11,14,13,6,32
2026-04-26 14:00:00,32,4,15,24,14,6,23
2026-04-26 14:15:00,23,3,14,18,14,6,15
2026-04-26 14:30:00,15,3,21,18,14,6,15
2026-04-26 14:45:00,15,3,9,21,14,6,5
2026-04-26 15:00:00,5,5,19,30,15,6,1
2026-04-26 15:15:00,1,2,8,14,15,6,1
2026-04-26 15:30:00,1,4,13,20,15,6,1
2026-04-26 15:45:00,1,2,8,14,15,6,1
2026-04-26 16:00:00,1,2,9,12,16,6,1
2026-04-26 16:15:00,1,5,18,25,16,6,1
2026-04-26 16:30:00,1,5,20,35,16,6,1
2026-04-26 16:45:00,1,4,14,24,16,6,1
2026-04-26 17:00:00,1,4,8,20,17,6,1
2026-04-26 17:15:00,1,4,10,20,17,6,1
2026-04-26 17:30:00,1,2,5,10,17,6,1
2026-04-26 17:45:00,1,4,5,16,17,6,1
2026-04-26 18:00:00,1,4,11,20,18,6,1
2026-04-26 18:15:00,1,4,12,28,18,6,1
2026-04-26 18:30:00,1,2,11,14,18,6,1
2026-04-26 18:45:00,1,3,8,12,18,6,1
2026-04-26 19:00:00,1,5,12,35,19,6,1
2026-04-26 19:15:00,1,3,16,12,19,6,6
2026-04-26 19:30:00,6,5,10,30,19,6,1
2026-04-26 19:45:00,1,5,12,35,19,6,1
2026-04-26 20:00:00,1,5,13,30,20,6,1
2026-04-26 20:15:00,1,5,6,25,20,6,1
2026-04-26 20:30:00,1,4,3,20,20,6,1
2026-04-26 20:45:00,1,3,5,15,20,6,1
2026-04-26 21:00:00,1,2,0,14,21,6,1
2026-04-26 21:15:00,1,5,1,20,21,6,1
2026-04-26 21:30:00,1,4,8,28,21,6,1
2026-04-26 21:45:00,1,3,3,12,21,6,1
2026-04-26 22:00:00,1,5,14,25,22,6,1
2026-04-26 22:15:00,1,2,3,14,22,6,1
2026-04-26 22:30:00,1,5,7,35,22,6,1
2026-04-26 22:45:00,1,2,3,12,22,6,1
2026-04-26 23:00:00,1,5,10,35,23,6,1
2026-04-26 23:15:00,1,3,8,18,23,6,1
2026-04-26 23:30:00,1,5,10,35,23,6,1
2026-04-26 23:45:00,1,3,2,21,23,6,1
2026-04-27 00:00:00,1,3,9,12,0,0,1
2026-04-27 00:15:00,1,3,5,21,0,0,1
2026-04-27 00:30:00,1,4,13,28,0,0,1
2026-04-27 00:45:00,1,5,10,25,0,0,1
2026-04-27 01:00:00,1,3,6,18,1,0,1
2026-04-27 01:15:00,1,4,11,28,1,0,1
2026-04-27 01:30:00,1,2,9,12,1,0,1
2026-04-27 01:45:00,1,2,10,10,1,0,1
2026-04-27 02:00:00,1,3,2,12,2,0,1
2026-04-27 02:15:00,1,2,14,14,2,0,3
2026-04-27 02:30:00,3,5,7,30,2,0,1
2026-04-27 02:45:00,1,2,13,8,2,0,5
2026-04-27 03:00:00,5,3,10,12,3,0,1
2026-04-27 03:15:00,1,5,3,35,3,0,1
2026-04-27 03:30:00,1,4,9,16,3,0,1
2026-04-27 03:45:00,1,2,10,8,3,0,2
2026-04-27 04:00:00,2,3,4,15,4,0,1
2026-04-27 04:15:00,1,2,3,8,4,0,1
2026-04-27 04:30:00,1,2,3,14,4,0,1
2026-04-27 04:45:00,1,4,11,24,4,0,1
2026-04-27 05:00:00,1,5,4,20,5,0,1
2026-04-27 05:15:00,1,4,6,24,5,0,1
2026-04-27 05:30:00,1,4,16,28,5,0,1
2026-04-27 05:45:00,1,2,10,8,5,0,3
2026-04-27 06:00:00,3,4,17,16,6,0,2
2026-04-27 06:15:00,2,5,11,20,6,0,1
2026-04-27 06:30:00,1,3,12,15,6,0,1
2026-04-27 06:45:00,1,3,14,12,6,0,1
2026-04-27 07:00:00,1,4,12,16,7,0,1
2026-04-27 07:15:00,1,2,21,10,7,0,12
2026-04-27 07:30:00,12,3,3,12,7,0,2
2026-04-27 07:45:00,2,3,5,21,7,0,1
2026-04-27 08:00:00,1,2,3,12,8,0,1
2026-04-27 08:15:00,1,4,5,24,8,0,1
2026-04-27 08:30:00,1,4,8,16,8,0,1
2026-04-27 08:45:00,1,5,7,25,8,0,1
2026-04-27 09:00:00,1,4,18,16,9,0,1
2026-04-27 09:15:00,1,5,18,35,9,0,1
2026-04-27 09:30:00,1,3,25,12,9,0,11
2026-04-27 09:45:00,11,2,23,14,9,0,18
2026-04-27 10:00:00,18,4,17,20,10,0,12
2026-04-27 10:15:00,12,5,19,25,10,0,9
2026-04-27 10:30:00,9,5,14,30,10,0,1
2026-04-27 10:45:00,1,4,21,28,10,0,1
2026-04-27 11:00:00,1,3,15,15,11,0,1
2026-04-27 11:15:00,1,4,23,28,11,0,1
2026-04-27 11:30:00,1,3,23,21,11,0,3
2026-04-27 11:45:00,3,3,20,15,11,0,9
2026-04-27 12:00:00,9,5,19,30,12,0,1
2026-04-27 12:15:00,1,2,17,10,12,0,12
2026-04-27 12:30:00,12,3,21,18,12,0,14
2026-04-27 12:45:00,14,4,21,16,12,0,18
2026-04-27 13:00:00,18,4,17,28,13,0,9
2026-04-27 13:15:00,9,3,18,21,13,0,5
2026-04-27 13:30:00,5,2,21,8,13,0,14
2026-04-27 13:45:00,14,2,13,14,13,0,14
2026-04-27 14:00:00,14,5,20,25,14,0,11
2026-04-27 14:15:00,11,4,14,28,14,0,1
2026-04-27 14:30:00,1,3,17,12,14,0,3
2026-04-27 14:45:00,3,2,22,8,14,0,13
2026-04-27 15:00:00,13,3,12,12,15,0,15
2026-04-27 15:15:00,15,2,18,14,15,0,16
2026-04-27 15:30:00,16,4,14,24,15,0,4
2026-04-27 15:45:00,4,5,16,35,15,0,1
2026-04-27 16:00:00,1,4,22,20,16,0,3
2026-04-27 16:15:00,3,4,20,16,16,0,9
2026-04-27 16:30:00,9,4,18,20,16,0,5
2026-04-27 16:45:00,5,5,16,35,16,0,1
2026-04-27 17:00:00,1,5,16,30,17,0,1
2026-04-27 17:15:00,1,5,6,25,17,0,1
2026-04-27 17:30:00,1,3,18,15,17,0,8
2026-04-27 17:45:00,8,3,10,15,17,0,3
2026-04-27 18:00:00,3,5,16,35,18,0,1
2026-04-27 18:15:00,1,4,13,28,18,0,1
2026-04-27 18:30:00,1,3,12,12,18,0,2
2026-04-27 18:45:00,2,3,12,18,18,0,1
2026-04-27 19:00:00,1,3,16,15,19,0,1
2026-04-27 19:15:00,1,3,19,12,19,0,4
2026-04-27 19:30:00,4,5,13,25,19,0,1
2026-04-27 19:45:00,1,4,13,28,19,0,1
2026-04-27 20:00:00,1,2,1,14,20,0,1
2026-04-27 20:15:00,1,3,12,21,20,0,1
2026-04-27 20:30:00,1,5,9,25,20,0,1
2026-04-27 20:45:00,1,4,7,20,20,0,1
2026-04-27 21:00:00,1,5,15,25,21,0,1
2026-04-27 21:15:00,1,4,14,28,21,0,1
2026-04-27 21:30:00,1,3,6,21,21,0,1
2026-04-27 21:45:00,1,4,7,24,21,0,1
2026-04-27 22:00:00,1,2,6,12,22,0,1
2026-04-27 22:15:00,1,4,4,24,22,0,1
2026-04-27 22:30:00,1,3,8,18,22,0,1
2026-04-27 22:45:00,1,3,7,12,22,0,1
2026-04-27 23:00:00,1,3,8,18,23,0,1
2026-04-27 23:15:00,1,3,9,18,23,0,1
2026-04-27 23:30:00,1,4,11,28,23,0,1
2026-04-27 23:45:00,1,3,15,18,23,0,1
2026-04-28 00:00:00,1,2,5,10,0,1,1
2026-04-28 00:15:00,1,4,12,24,0,1,1
2026-04-28 00:30:00,1,4,7,20,0,1,1
2026-04-28 00:45:00,1,5,7,35,0,1,1
2026-04-28 01:00:00,1,4,11,16,1,1,1
2026-04-28 01:15:00,1,3,12,15,1,1,1
2026-04-28 01:30:00,1,4,7,16,1,1,1
2026-04-28 01:45:00,1,4,3,16,1,1,1
2026-04-28 02:00:00,1,5,11,20,2,1,1
2026-04-28 02:15:00,1,4,12,20,2,1,1
2026-04-28 02:30:00,1,3,10,12,2,1,1
2026-04-28 02:45:00,1,5,14,25,2,1,1
2026-04-28 03:00:00,1,4,6,28,3,1,1
2026-04-28 03:15:00,1,4,10,16,3,1,1
2026-04-28 03:30:00,1,5,6,35,3,1,1
2026-04-28 03:45:00,1,3,4,12,3,1,1
2026-04-28 04:00:00,1,2,15,14,4,1,1
2026-04-28 04:15:00,1,5,17,30,4,1,1
2026-04-28 04:30:00,1,2,6,8,4,1,1
2026-04-28 04:45:00,1,3,2,12,4,1,1
2026-04-28 05:00:00,1,2,14,10,5,1,7
2026-04-28 05:15:00,7,4,10,16,5,1,1
2026-04-28 05:30:00,1,2,0,10,5,1,1
2026-04-28 05:45:00,1,4,15,16,5,1,1
2026-04-28 06:00:00,1,2,8,14,6,1,1
2026-04-28 06:15:00,1,4,4,24,6,1,1
2026-04-28 06:30:00,1,2,10,12,6,1,1
2026-04-28 06:45:00,1,4,17,24,6,1,1
2026-04-28 07:00:00,1,3,6,18,7,1,1
2026-04-28 07:15:00,1,3,13,15,7,1,1
2026-04-28 07:30:00,1,5,15,30,7,1,1
2026-04-28 07:45:00,1,3,4,12,7,1,1
2026-04-28 08:00:00,1,5,5,30,8,1,1
2026-04-28 08:15:00,1,4,4,28,8,1,1
2026-04-28 08:30:00,1,3,13,15,8,1,1
2026-04-28 08:45:00,1,2,8,10,8,1,1
2026-04-28 09:00:00,1,2,17,8,9,1,10
2026-04-28 09:15:00,10,3,21,15,9,1,15
2026-04-28 09:30:00,15,5,21,20,9,1,13
2026-04-28 09:45:00,13,5,24,30,9,1,6
2026-04-28 10:00:00,6,2,17,8,10,1,16
2026-04-28 10:15:00,16,2,13,14,10,1,14
2026-04-28 10:30:00,14,4,20,20,10,1,13
2026-04-28 10:45:00,13,5,17,20,10,1,8
2026-04-28 11:00:00,8,3,13,15,11,1,6
2026-04-28 11:15:00,6,2,26,10,11,1,22
2026-04-28 11:30:00,22,2,19,10,11,1,28
2026-04-28 11:45:00,28,3,16,12,11,1,32
2026-04-28 12:00:00,32,4,17,24,12,1,23
2026-04-28 12:15:00,23,2,17,10,12,1,25
2026-04-28 12:30:00,25,2,21,8,12,1,36
2026-04-28 12:45:00,36,4,25,24,12,1,36
2026-04-28 13:00:00,36,2,8,10,13,1,30
2026-04-28 13:15:00,30,2,21,14,13,1,39
2026-04-28 13:30:00,39,5,21,25,13,1,32
2026-04-28 13:45:00,32,4,21,24,13,1,26
2026-04-28 14:00:00,26,3,23,15,14,1,29
2026-04-28 14:15:00,29,4,17,24,14,1,19
2026-04-28 14:30:00,19,5,22,30,14,1,9
2026-04-28 14:45:00,9,2,20,12,14,1,18
2026-04-28 15:00:00,18,4,12,16,15,1,16
2026-04-28 15:15:00,16,5,20,35,15,1,1
2026-04-28 15:30:00,1,3,19,12,15,1,9
2026-04-28 15:45:00,9,4,17,28,15,1,1
2026-04-28 16:00:00,1,3,20,12,16,1,11
2026-04-28 16:15:00,11,4,11,16,16,1,3
2026-04-28 16:30:00,3,4,25,16,16,1,11
2026-04-28 16:45:00,11,4,12,16,16,1,6
2026-04-28 17:00:00,6,4,15,20,17,1,1
2026-04-28 17:15:00,1,5,25,20,17,1,5
2026-04-28 17:30:00,5,3,20,15,17,1,11
2026-04-28 17:45:00,11,5,7,25,17,1,1
2026-04-28 18:00:00,1,4,11,20,18,1,1
2026-04-28 18:15:00,1,5,11,25,18,1,1
2026-04-28 18:30:00,1,5,13,30,18,1,1
2026-04-28 18:45:00,1,3,15,15,18,1,1
2026-04-28 19:00:00,1,3,14,12,19,1,1
2026-04-28 19:15:00,1,5,17,35,19,1,1
2026-04-28 19:30:00,1,2,17,10,19,1,6
2026-04-28 19:45:00,6,4,16,28,19,1,1
2026-04-28 20:00:00,1,3,8,18,20,1,1
2026-04-28 20:15:00,1,3,3,21,20,1,1
2026-04-28 20:30:00,1,2,11,14,20,1,1
2026-04-28 20:45:00,1,5,12,25,20,1,1
2026-04-28 21:00:00,1,4,9,16,21,1,1
2026-04-28 21:15:00,1,5,8,20,21,1,1
2026-04-28 21:30:00,1,2,3,12,21,1,1
2026-04-28 21:45:00,1,4,16,28,21,1,1
2026-04-28 22:00:00,1,5,8,25,22,1,1
2026-04-28 22:15:00,1,2,5,10,22,1,1
2026-04-28 22:30:00,1,3,8,18,22,1,1
2026-04-28 22:45:00,1,3,9,12,22,1,1
2026-04-28 23:00:00,1,2,11,10,23,1,1
2026-04-28 23:15:00,1,4,11,28,23,1,1
2026-04-28 23:30:00,1,4,7,20,23,1,1
2026-04-28 23:45:00,1,4,10,28,23,1,1
2026-04-29 00:00:00,1,4,9,16,0,2,1
2026-04-29 00:15:00,1,2,14,8,0,2,6
2026-04-29 00:30:00,6,2,0,14,0,2,1
2026-04-29 00:45:00,1,4,8,20,0,2,1
2026-04-29 01:00:00,1,5,9,35,1,2,1
2026-04-29 01:15:00,1,4,8,24,1,2,1
2026-04-29 01:30:00,1,2,4,10,1,2,1
2026-04-29 01:45:00,1,4,8,24,1,2,1
2026-04-29 02:00:00,1,5,9,35,2,2,1
2026-04-29 02:15:00,1,3,9,21,2,2,1
2026-04-29 02:30:00,1,5,8,20,2,2,1
2026-04-29 02:45:00,1,3,13,12,2,2,3
2026-04-29 03:00:00,3,3,3,18,3,2,1
2026-04-29 03:15:00,1,2,12,12,3,2,2
2026-04-29 03:30:00,2,5,11,30,3,2,1
2026-04-29 03:45:00,1,2,17,12,3,2,8
2026-04-29 04:00:00,8,5,6,35,4,2,1
2026-04-29 04:15:00,1,3,7,21,4,2,1
2026-04-29 04:30:00,1,3,9,15,4,2,1
2026-04-29 04:45:00,1,4,13,20,4,2,1
2026-04-29 05:00:00,1,2,7,10,5,2,1
2026-04-29 05:15:00,1,4,15,24,5,2,1
2026-04-29 05:30:00,1,4,1,24,5,2,1
2026-04-29 05:45:00,1,4,18,16,5,2,4
2026-04-29 06:00:00,4,3,7,21,6,2,1
2026-04-29 06:15:00,1,5,4,30,6,2,1
2026-04-29 06:30:00,1,3,13,15,6,2,1
2026-04-29 06:45:00,1,4,7,24,6,2,1
2026-04-29 07:00:00,1,2,15,12,7,2,5
2026-04-29 07:15:00,5,4,8,24,7,2,1
2026-04-29 07:30:00,1,5,10,35,7,2,1
2026-04-29 07:45:00,1,2,4,12,7,2,1
2026-04-29 08:00:00,1,4,4,24,8,2,1
2026-04-29 08:15:00,1,3,2,18,8,2,1
2026-04-29 08:30:00,1,5,13,20,8,2,1
2026-04-29 08:45:00,1,4,8,28,8,2,1
2026-04-29 09:00:00,1,2,20,14,9,2,1
2026-04-29 09:15:00,1,4,21,24,9,2,1
2026-04-29 09:30:00,1,5,20,30,9,2,1
2026-04-29 09:45:00,1,4,17,24,9,2,1
2026-04-29 10:00:00,1,4,20,24,10,2,1
2026-04-29 10:15:00,1,3,16,21,10,2,1
2026-04-29 10:30:00,1,3,20,18,10,2,7
2026-04-29 10:45:00,7,2,23,12,10,2,18
2026-04-29 11:00:00,18,3,18,18,11,2,17
2026-04-29 11:15:00,17,3,21,15,11,2,26
2026-04-29 11:30:00,26,5,20,30,11,2,16
2026-04-29 11:45:00,16,2,14,14,11,2,17
2026-04-29 12:00:00,17,4,24,20,12,2,18
2026-04-29 12:15:00,18,4,18,24,12,2,15
2026-04-29 12:30:00,15,5,21,35,12,2,3
2026-04-29 12:45:00,3,2,19,12,12,2,11
2026-04-29 13:00:00,11,5,12,30,13,2,1
2026-04-29 13:15:00,1,3,15,15,13,2,1
2026-04-29 13:30:00,1,3,21,18,13,2,2
2026-04-29 13:45:00,2,4,16,16,13,2,3
2026-04-29 14:00:00,3,5,20,35,14,2,1
2026-04-29 14:15:00,1,5,20,25,14,2,1
2026-04-29 14:30:00,1,3,15,18,14,2,1
2026-04-29 14:45:00,1,4,18,24,14,2,1
2026-04-29 15:00:00,1,2,23,8,15,2,16
2026-04-29 15:15:00,16,5,19,25,15,2,6
2026-04-29 15:30:00,6,5,15,25,15,2,1
2026-04-29 15:45:00,1,5,14,25,15,2,1
2026-04-29 16:00:00,1,3,26,12,16,2,15
2026-04-29 16:15:00,15,5,23,30,16,2,11
2026-04-29 16:30:00,11,5,23,25,16,2,7
2026-04-29 16:45:00,7,3,16,18,16,2,8
2026-04-29 17:00:00,8,4,15,20,17,2,3
2026-04-29 17:15:00,3,4,24,16,17,2,10
2026-04-29 17:30:00,10,3,14,12,17,2,13
2026-04-29 17:45:00,13,2,15,12,17,2,15
2026-04-29 18:00:00,15,3,9,12,18,2,10
2026-04-29 18:15:00,10,4,14,24,18,2,1
2026-04-29 18:30:00,1,2,15,8,18,2,8
2026-04-29 18:45:00,8,3,22,12,18,2,19
2026-04-29 19:00:00,19,5,13,20,19,2,12
2026-04-29 19:15:00,12,2,15,10,19,2,17
2026-04-29 19:30:00,17,3,23,15,19,2,25
2026-04-29 19:45:00,25,3,11,12,19,2,29
2026-04-29 20:00:00,29,4,9,16,20,2,22
2026-04-29 20:15:00,22,5,15,25,20,2,10
2026-04-29 20:30:00,10,2,10,14,20,2,5
2026-04-29 20:45:00,5,2,9,14,20,2,1
2026-04-29 21:00:00,1,2,7,14,21,2,1
2026-04-29 21:15:00,1,4,1,24,21,2,1
2026-04-29 21:30:00,1,4,6,16,21,2,1
2026-04-29 21:45:00,1,5,0,25,21,2,1
2026-04-29 22:00:00,1,3,15,21,22,2,1
2026-04-29 22:15:00,1,4,14,20,22,2,1
2026-04-29 22:30:00,1,2,12,12,22,2,1
2026-04-29 22:45:00,1,4,8,16,22,2,1
2026-04-29 23:00:00,1,3,3,15,23,2,1
2026-04-29 23:15:00,1,4,7,16,23,2,1
2026-04-29 23:30:00,1,4,7,28,23,2,1
2026-04-29 23:45:00,1,4,9,20,23,2,1
2026-04-30 00:00:00,1,3,12,12,0,3,1
2026-04-30 00:15:00,1,2,7,12,0,3,1
2026-04-30 00:30:00,1,5,8,30,0,3,1
2026-04-30 00:45:00,1,3,12,15,0,3,1
2026-04-30 01:00:00,1,4,9,24,1,3,1
2026-04-30 01:15:00,1,3,10,21,1,3,1
2026-04-30 01:30:00,1,5,12,30,1,3,1
2026-04-30 01:45:00,1,4,3,20,1,3,1
2026-04-30 02:00:00,1,4,2,16,2,3,1
2026-04-30 02:15:00,1,4,8,24,2,3,1
2026-04-30 02:30:00,1,2,10,12,2,3,1
2026-04-30 02:45:00,1,4,15,24,2,3,1
2026-04-30 03:00:00,1,3,3,21,3,3,1
2026-04-30 03:15:00,1,3,9,18,3,3,1
2026-04-30 03:30:00,1,4,10,24,3,3,1
2026-04-30 03:45:00,1,3,6,18,3,3,1
2026-04-30 04:00:00,1,5,6,25,4,3,1
2026-04-30 04:15:00,1,5,3,20,4,3,1
2026-04-30 04:30:00,1,2,0,12,4,3,1
2026-04-30 04:45:00,1,4,10,24,4,3,1
2026-04-30 05:00:00,1,3,3,15,5,3,1
2026-04-30 05:15:00,1,2,10,14,5,3,1
2026-04-30 05:30:00,1,2,6,12,5,3,1
2026-04-30 05:45:00,1,3,7,21,5,3,1
2026-04-30 06:00:00,1,2,11,12,6,3,1
2026-04-30 06:15:00,1,5,9,25,6,3,1
2026-04-30 06:30:00,1,2,7,10,6,3,1
2026-04-30 06:45:00,1,2,5,8,6,3,1
2026-04-30 07:00:00,1,2,7,8,7,3,1
2026-04-30 07:15:00,1,3,9,18,7,3,1
2026-04-30 07:30:00,1,5,13,20,7,3,1
2026-04-30 07:45:00,1,3,19,15,7,3,10
2026-04-30 08:00:00,10,2,13,10,8,3,12
2026-04-30 08:15:00,12,3,9,18,8,3,4
2026-04-30 08:30:00,4,2,4,14,8,3,1
2026-04-30 08:45:00,1,3,5,18,8,3,1
2026-04-30 09:00:00,1,3,22,15,9,3,3
2026-04-30 09:15:00,3,2,22,10,9,3,18
2026-04-30 09:30:00,18,3,23,12,9,3,29
2026-04-30 09:45:00,29,4,19,28,9,3,22
2026-04-30 10:00:00,22,2,18,14,10,3,24
2026-04-30 10:15:00,24,4,24,20,10,3,24
2026-04-30 10:30:00,24,5,24,20,10,3,28
2026-04-30 10:45:00,28,2,16,14,10,3,29
2026-04-30 11:00:00,29,5,19,20,11,3,24
2026-04-30 11:15:00,24,5,23,20,11,3,27
2026-04-30 11:30:00,27,3,30,21,11,3,33
2026-04-30 11:45:00,33,4,18,20,11,3,33
2026-04-30 12:00:00,33,3,21,15,12,3,37
2026-04-30 12:15:00,37,2,19,10,12,3,44
2026-04-30 12:30:00,44,4,11,28,12,3,27
2026-04-30 12:45:00,27,4,26,24,12,3,29
2026-04-30 13:00:00,29,5,18,20,13,3,29
2026-04-30 13:15:00,29,4,9,28,13,3,10
2026-04-30 13:30:00,10,5,16,30,13,3,1
2026-04-30 13:45:00,1,2,14,8,13,3,9
2026-04-30 14:00:00,9,2,17,10,14,3,13
2026-04-30 14:15:00,13,2,7,14,14,3,6
2026-04-30 14:30:00,6,3,19,15,14,3,10
2026-04-30 14:45:00,10,5,19,25,14,3,3
2026-04-30 15:00:00,3,5,21,35,15,3,1
2026-04-30 15:15:00,1,5,14,30,15,3,1
2026-04-30 15:30:00,1,2,22,8,15,3,15
2026-04-30 15:45:00,15,3,13,18,15,3,6
2026-04-30 16:00:00,6,3,22,15,16,3,13
2026-04-30 16:15:00,13,4,20,16,16,3,18
2026-04-30 16:30:00,18,2,24,10,16,3,30
2026-04-30 16:45:00,30,3,27,12,16,3,47
2026-04-30 17:00:00,47,5,13,20,17,3,39
2026-04-30 17:15:00,39,4,25,24,17,3,40
2026-04-30 17:30:00,40,4,12,20,17,3,34
2026-04-30 17:45:00,34,5,10,30,17,3,13
2026-04-30 18:00:00,13,3,7,15,18,3,7
2026-04-30 18:15:00,7,5,13,25,18,3,1
2026-04-30 18:30:00,1,5,18,20,18,3,1
2026-04-30 18:45:00,1,2,9,14,18,3,1
2026-04-30 19:00:00,1,5,10,30,19,3,1
2026-04-30 19:15:00,1,3,11,15,19,3,1
2026-04-30 19:30:00,1,4,4,24,19,3,1
2026-04-30 19:45:00,1,2,14,14,19,3,3
2026-04-30 20:00:00,3,3,13,21,20,3,1
2026-04-30 20:15:00,1,4,6,20,20,3,1
2026-04-30 20:30:00,1,2,11,8,20,3,3
2026-04-30 20:45:00,3,4,16,28,20,3,1
2026-04-30 21:00:00,1,2,7,14,21,3,1
2026-04-30 21:15:00,1,5,6,25,21,3,1
2026-04-30 21:30:00,1,2,10,10,21,3,3
2026-04-30 21:45:00,3,5,5,35,21,3,1
2026-04-30 22:00:00,1,5,1,20,22,3,1
2026-04-30 22:15:00,1,4,10,28,22,3,1
2026-04-30 22:30:00,1,3,11,18,22,3,1
2026-04-30 22:45:00,1,5,3,20,22,3,1
2026-04-30 23:00:00,1,4,13,24,23,3,1
2026-04-30 23:15:00,1,3,12,12,23,3,1
2026-04-30 23:30:00,1,5,8,25,23,3,1
2026-04-30 23:45:00,1,3,13,18,23,3,1
2026-05-01 00:00:00,1,2,5,14,0,4,1
2026-05-01 00:15:00,1,2,8,10,0,4,1
2026-05-01 00:30:00,1,4,5,28,0,4,1
2026-05-01 00:45:00,1,4,12,20,0,4,1
2026-05-01 01:00:00,1,5,8,35,1,4,1
2026-05-01 01:15:00,1,4,7,28,1,4,1
2026-05-01 01:30:00,1,2,0,10,1,4,1
2026-05-01 01:45:00,1,3,11,15,1,4,1
2026-05-01 02:00:00,1,3,2,12,2,4,1
2026-05-01 02:15:00,1,2,12,14,2,4,1
2026-05-01 02:30:00,1,3,9,21,2,4,1
2026-05-01 02:45:00,1,2,10,14,2,4,1
2026-05-01 03:00:00,1,3,14,18,3,4,1
2026-05-01 03:15:00,1,3,10,21,3,4,1
2026-05-01 03:30:00,1,3,5,12,3,4,1
2026-05-01 03:45:00,1,3,17,18,3,4,1
2026-05-01 04:00:00,1,2,6,10,4,4,1
2026-05-01 04:15:00,1,5,5,30,4,4,1
2026-05-01 04:30:00,1,2,5,10,4,4,1
2026-05-01 04:45:00,1,5,11,30,4,4,1
2026-05-01 05:00:00,1,5,17,20,5,4,1
2026-05-01 05:15:00,1,5,1,35,5,4,1
2026-05-01 05:30:00,1,4,13,20,5,4,1
2026-05-01 05:45:00,1,2,9,10,5,4,1
2026-05-01 06:00:00,1,3,11,15,6,4,1
2026-05-01 06:15:00,1,3,8,12,6,4,1
2026-05-01 06:30:00,1,3,13,12,6,4,2
2026-05-01 06:45:00,2,2,13,10,6,4,4
2026-05-01 07:00:00,4,4,3,28,7,4,1
2026-05-01 07:15:00,1,3,7,12,7,4,1
2026-05-01 07:30:00,1,3,9,21,7,4,1
2026-05-01 07:45:00,1,2,9,10,7,4,1
2026-05-01 08:00:00,1,5,9,20,8,4,1
2026-05-01 08:15:00,1,3,9,21,8,4,1
2026-05-01 08:30:00,1,2,12,10,8,4,5
2026-05-01 08:45:00,5,2,4,8,8,4,6
2026-05-01 09:00:00,6,3,18,15,9,4,8
2026-05-01 09:15:00,8,2,21,10,9,4,16
2026-05-01 09:30:00,16,5,23,30,9,4,9
2026-05-01 09:45:00,9,2,18,12,9,4,11
2026-05-01 10:00:00,11,3,17,12,10,4,18
2026-05-01 10:15:00,18,5,21,30,10,4,10
2026-05-01 10:30:00,10,2,24,14,10,4,18
2026-05-01 10:45:00,18,3,28,15,10,4,27
2026-05-01 11:00:00,27,4,20,24,11,4,25
2026-05-01 11:15:00,25,2,21,14,11,4,32
2026-05-01 11:30:00,32,4,23,28,11,4,24
2026-05-01 11:45:00,24,4,15,20,11,4,16
2026-05-01 12:00:00,16,2,22,12,12,4,25
2026-05-01 12:15:00,25,3,21,15,12,4,26
2026-05-01 12:30:00,26,3,13,12,12,4,29
2026-05-01 12:45:00,29,3,19,21,12,4,28
2026-05-01 13:00:00,28,2,15,10,13,4,33
2026-05-01 13:15:00,33,3,23,21,13,4,38
2026-05-01 13:30:00,38,5,8,30,13,4,13
2026-05-01 13:45:00,13,3,14,15,13,4,13
2026-05-01 14:00:00,13,2,17,8,14,4,23
2026-05-01 14:15:00,23,4,22,16,14,4,29
2026-05-01 14:30:00,29,5,14,30,14,4,12
2026-05-01 14:45:00,12,5,18,25,14,4,4
2026-05-01 15:00:00,4,5,17,25,15,4,1
2026-05-01 15:15:00,1,2,11,8,15,4,5
2026-05-01 15:30:00,5,3,19,12,15,4,9
2026-05-01 15:45:00,9,4,16,16,15,4,11
2026-05-01 16:00:00,11,3,14,21,16,4,4
2026-05-01 16:15:00,4,5,15,20,16,4,1
2026-05-01 16:30:00,1,3,6,18,16,4,1
2026-05-01 16:45:00,1,3,13,18,16,4,1
2026-05-01 17:00:00,1,3,17,21,17,4,1
2026-05-01 17:15:00,1,5,7,30,17,4,1
2026-05-01 17:30:00,1,2,18,12,17,4,7
2026-05-01 17:45:00,7,5,16,35,17,4,1
2026-05-01 18:00:00,1,2,18,12,18,4,6
2026-05-01 18:15:00,6,5,20,20,18,4,11
2026-05-01 18:30:00,11,5,11,35,18,4,1
2026-05-01 18:45:00,1,2,15,12,18,4,5
2026-05-01 19:00:00,5,5,12,25,19,4,1
2026-05-01 19:15:00,1,3,8,12,19,4,1
2026-05-01 19:30:00,1,3,14,12,19,4,2
2026-05-01 19:45:00,2,2,15,14,19,4,5
2026-05-01 20:00:00,5,2,7,14,20,4,1
2026-05-01 20:15:00,1,4,6,20,20,4,1
2026-05-01 20:30:00,1,5,14,20,20,4,1
2026-05-01 20:45:00,1,4,8,28,20,4,1
2026-05-01 21:00:00,1,2,5,14,21,4,1
2026-05-01 21:15:00,1,2,12,10,21,4,1
2026-05-01 21:30:00,1,5,6,30,21,4,1
2026-05-01 21:45:00,1,4,12,24,21,4,1
2026-05-01 22:00:00,1,5,0,30,22,4,1
2026-05-01 22:15:00,1,2,7,10,22,4,1
2026-05-01 22:30:00,1,4,11,20,22,4,1
2026-05-01 22:45:00,1,2,9,8,22,4,4
2026-05-01 23:00:00,4,2,15,14,23,4,7
2026-05-01 23:15:00,7,2,6,12,23,4,1
2026-05-01 23:30:00,1,3,15,15,23,4,1
2026-05-01 23:45:00,1,3,3,15,23,4,1
2026-05-02 00:00:00,1,4,7,20,0,5,1
2026-05-02 00:15:00,1,3,2,21,0,5,1
2026-05-02 00:30:00,1,5,12,25,0,5,1
2026-05-02 00:45:00,1,5,7,30,0,5,1
2026-05-02 01:00:00,1,3,2,15,1,5,1
2026-05-02 01:15:00,1,2,4,8,1,5,1
2026-05-02 01:30:00,1,5,8,30,1,5,1
2026-05-02 01:45:00,1,5,4,30,1,5,1
2026-05-02 02:00:00,1,5,7,35,2,5,1
2026-05-02 02:15:00,1,3,8,12,2,5,1
2026-05-02 02:30:00,1,5,6,20,2,5,1
2026-05-02 02:45:00,1,2,0,8,2,5,1
2026-05-02 03:00:00,1,2,9,10,3,5,1
2026-05-02 03:15:00,1,3,10,12,3,5,1
2026-05-02 03:30:00,1,3,4,15,3,5,1
2026-05-02 03:45:00,1,2,6,10,3,5,1
2026-05-02 04:00:00,1,2,6,10,4,5,1
2026-05-02 04:15:00,1,5,6,25,4,5,1
2026-05-02 04:30:00,1,2,9,8,4,5,5
2026-05-02 04:45:00,5,2,5,8,4,5,1
2026-05-02 05:00:00,1,4,10,16,5,5,1
2026-05-02 05:15:00,1,5,5,25,5,5,1
2026-05-02 05:30:00,1,3,3,21,5,5,1
2026-05-02 05:45:00,1,2,9,10,5,5,1
2026-05-02 06:00:00,1,4,2,16,6,5,1
2026-05-02 06:15:00,1,2,11,14,6,5,1
2026-05-02 06:30:00,1,2,9,14,6,5,1
2026-05-02 06:45:00,1,3,7,12,6,5,1
2026-05-02 07:00:00,1,2,4,8,7,5,1
2026-05-02 07:15:00,1,3,2,18,7,5,1
2026-05-02 07:30:00,1,2,9,8,7,5,1
2026-05-02 07:45:00,1,2,8,8,7,5,2
2026-05-02 08:00:00,2,2,8,12,8,5,1
2026-05-02 08:15:00,1,4,2,16,8,5,1
2026-05-02 08:30:00,1,2,1,8,8,5,1
2026-05-02 08:45:00,1,3,4,12,8,5,1
2026-05-02 09:00:00,1,5,22,35,9,5,1
2026-05-02 09:15:00,1,3,13,21,9,5,1
2026-05-02 09:30:00,1,3,21,18,9,5,1
2026-05-02 09:45:00,1,3,17,18,9,5,1
2026-05-02 10:00:00,1,2,21,14,10,5,7
2026-05-02 10:15:00,7,4,23,16,10,5,12
2026-05-02 10:30:00,12,3,18,15,10,5,13
2026-05-02 10:45:00,13,5,24,30,10,5,7
2026-05-02 11:00:00,7,3,19,18,11,5,9
2026-05-02 11:15:00,9,4,21,16,11,5,16
2026-05-02 11:30:00,16,3,22,18,11,5,19
2026-05-02 11:45:00,19,2,19,14,11,5,23
2026-05-02 12:00:00,23,5,21,25,12,5,15
2026-05-02 12:15:00,15,3,18,21,12,5,10
2026-05-02 12:30:00,10,2,19,12,12,5,15
2026-05-02 12:45:00,15,4,16,24,12,5,5
2026-05-02 13:00:00,5,4,28,24,13,5,11
2026-05-02 13:15:00,11,3,11,15,13,5,8
2026-05-02 13:30:00,8,3,14,12,13,5,8
2026-05-02 13:45:00,8,4,13,24,13,5,1
2026-05-02 14:00:00,1,4,15,16,14,5,1
2026-05-02 14:15:00,1,2,16,14,14,5,5
2026-05-02 14:30:00,5,5,18,35,14,5,1
2026-05-02 14:45:00,1,2,13,8,14,5,7
2026-05-02 15:00:00,7,3,16,18,15,5,6
2026-05-02 15:15:00,6,4,18,16,15,5,6
2026-05-02 15:30:00,6,3,19,15,15,5,9
2026-05-02 15:45:00,9,3,13,21,15,5,5
2026-05-02 16:00:00,5,4,14,16,16,5,1
2026-05-02 16:15:00,1,5,19,35,16,5,1
2026-05-02 16:30:00,1,4,14,20,16,5,1
2026-05-02 16:45:00,1,4,15,28,16,5,1
2026-05-02 17:00:00,1,4,11,16,17,5,1
2026-05-02 17:15:00,1,4,22,16,17,5,9
2026-05-02 17:30:00,9,2,11,12,17,5,10
2026-05-02 17:45:00,10,5,15,30,17,5,1
2026-05-02 18:00:00,1,2,14,8,18,5,4
2026-05-02 18:15:00,4,2,20,12,18,5,11
2026-05-02 18:30:00,11,4,15,16,18,5,7
2026-05-02 18:45:00,7,3,9,15,18,5,1
2026-05-02 19:00:00,1,3,6,21,19,5,1
2026-05-02 19:15:00,1,3,15,12,19,5,4
2026-05-02 19:30:00,4,2,9,8,19,5,4
2026-05-02 19:45:00,4,5,10,25,19,5,1
2026-05-02 20:00:00,1,3,10,21,20,5,1
2026-05-02 20:15:00,1,4,1,28,20,5,1
2026-05-02 20:30:00,1,3,6,21,20,5,1
2026-05-02 20:45:00,1,3,0,18,20,5,1
2026-05-02 21:00:00,1,2,3,12,21,5,1
2026-05-02 21:15:00,1,2,6,8,21,5,1
2026-05-02 21:30:00,1,2,4,12,21,5,1
2026-05-02 21:45:00,1,4,11,28,21,5,1
2026-05-02 22:00:00,1,5,6,30,22,5,1
2026-05-02 22:15:00,1,2,5,12,22,5,1
2026-05-02 22:30:00,1,2,10,8,22,5,1
2026-05-02 22:45:00,1,2,8,12,22,5,1
2026-05-02 23:00:00,1,5,12,25,23,5,1
2026-05-02 23:15:00,1,5,0,35,23,5,1
2026-05-02 23:30:00,1,3,2,21,23,5,1
2026-05-02 23:45:00,1,5,0,25,23,5,1
2026-05-03 00:00:00,1,2,6,8,0,6,1
2026-05-03 00:15:00,1,3,7,15,0,6,1
2026-05-03 00:30:00,1,4,0,16,0,6,1
2026-05-03 00:45:00,1,2,4,12,0,6,1
2026-05-03 01:00:00,1,2,4,10,1,6,1
2026-05-03 01:15:00,1,3,7,12,1,6,1
2026-05-03 01:30:00,1,2,11,14,1,6,1
2026-05-03 01:45:00,1,3,9,12,1,6,1
2026-05-03 02:00:00,1,4,4,16,2,6,1
2026-05-03 02:15:00,1,3,4,12,2,6,1
2026-05-03 02:30:00,1,5,8,20,2,6,1
2026-05-03 02:45:00,1,5,2,35,2,6,1
2026-05-03 03:00:00,1,2,2,12,3,6,1
2026-05-03 03:15:00,1,5,12,30,3,6,1
2026-05-03 03:30:00,1,4,7,16,3,6,1
2026-05-03 03:45:00,1,4,4,28,3,6,1
2026-05-03 04:00:00,1,5,6,30,4,6,1
2026-05-03 04:15:00,1,4,14,20,4,6,1
2026-05-03 04:30:00,1,5,0,20,4,6,1
2026-05-03 04:45:00,1,2,7,12,4,6,1
2026-05-03 05:00:00,1,3,13,15,5,6,1
2026-05-03 05:15:00,1,5,9,25,5,6,1
2026-05-03 05:30:00,1,3,7,12,5,6,1
2026-05-03 05:45:00,1,3,8,15,5,6,1
2026-05-03 06:00:00,1,4,0,16,6,6,1
2026-05-03 06:15:00,1,3,2,15,6,6,1
2026-05-03 06:30:00,1,5,11,25,6,6,1
2026-05-03 06:45:00,1,2,12,14,6,6,1
2026-05-03 07:00:00,1,4,5,28,7,6,1
2026-05-03 07:15:00,1,2,1,14,7,6,1
2026-05-03 07:30:00,1,4,3,16,7,6,1
2026-05-03 07:45:00,1,5,8,35,7,6,1
2026-05-03 08:00:00,1,2,6,12,8,6,1
2026-05-03 08:15:00,1,5,0,30,8,6,1
2026-05-03 08:30:00,1,3,3,18,8,6,1
2026-05-03 08:45:00,1,3,7,12,8,6,1
2026-05-03 09:00:00,1,2,17,8,9,6,7
2026-05-03 09:15:00,7,3,13,15,9,6,5
2026-05-03 09:30:00,5,2,19,10,9,6,13
2026-05-03 09:45:00,13,3,10,18,9,6,1
2026-05-03 10:00:00,1,2,18,12,10,6,5
2026-05-03 10:15:00,5,5,21,20,10,6,4
2026-05-03 10:30:00,4,4,16,28,10,6,1
2026-05-03 10:45:00,1,5,20,25,10,6,1
2026-05-03 11:00:00,1,3,18,18,11,6,2
2026-05-03 11:15:00,2,2,16,8,11,6,8
2026-05-03 11:30:00,8,4,18,24,11,6,3
2026-05-03 11:45:00,3,4,16,24,11,6,1
2026-05-03 12:00:00,1,5,25,20,12,6,6
2026-05-03 12:15:00,6,5,15,25,12,6,1
2026-05-03 12:30:00,1,5,16,30,12,6,1
2026-05-03 12:45:00,1,4,17,28,12,6,1
2026-05-03 13:00:00,1,5,9,20,13,6,1
2026-05-03 13:15:00,1,4,6,20,13,6,1
2026-05-03 13:30:00,1,4,13,28,13,6,1
2026-05-03 13:45:00,1,5,14,35,13,6,1
2026-05-03 14:00:00,1,3,8,18,14,6,1
2026-05-03 14:15:00,1,2,18,12,14,6,7
2026-05-03 14:30:00,7,4,14,16,14,6,4
2026-05-03 14:45:00,4,5,17,30,14,6,1
2026-05-03 15:00:00,1,5,18,35,15,6,1
2026-05-03 15:15:00,1,4,8,28,15,6,1
2026-05-03 15:30:00,1,4,13,16,15,6,1
2026-05-03 15:45:00,1,3,19,15,15,6,3
2026-05-03 16:00:00,3,2,11,10,16,6,1
2026-05-03 16:15:00,1,4,8,28,16,6,1
2026-05-03 16:30:00,1,4,8,28,16,6,1
2026-05-03 16:45:00,1,4,15,16,16,6,1
2026-05-03 17:00:00,1,5,18,25,17,6,1
2026-05-03 17:15:00,1,2,16,8,17,6,8
2026-05-03 17:30:00,8,4,12,24,17,6,1
2026-05-03 17:45:00,1,2,15,10,17,6,6
2026-05-03 18:00:00,6,5,14,25,18,6,1
2026-05-03 18:15:00,1,3,16,18,18,6,1
2026-05-03 18:30:00,1,5,12,20,18,6,1
2026-05-03 18:45:00,1,4,14,16,18,6,1
2026-05-03 19:00:00,1,4,12,16,19,6,1
2026-05-03 19:15:00,1,5,7,20,19,6,1
2026-05-03 19:30:00,1,2,9,10,19,6,2
2026-05-03 19:45:00,2,4,11,20,19,6,1
2026-05-03 20:00:00,1,5,6,25,20,6,1
2026-05-03 20:15:00,1,5,2,25,20,6,1
2026-05-03 20:30:00,1,5,0,30,20,6,1
2026-05-03 20:45:00,1,5,6,25,20,6,1
2026-05-03 21:00:00,1,2,13,14,21,6,1
2026-05-03 21:15:00,1,2,5,10,21,6,1
2026-05-03 21:30:00,1,2,12,8,21,6,7
2026-05-03 21:45:00,7,3,10,18,21,6,1
2026-05-03 22:00:00,1,5,5,20,22,6,1
2026-05-03 22:15:00,1,2,5,14,22,6,1
2026-05-03 22:30:00,1,2,9,14,22,6,1
2026-05-03 22:45:00,1,5,0,35,22,6,1
2026-05-03 23:00:00,1,4,7,28,23,6,1
2026-05-03 23:15:00,1,5,9,25,23,6,1
2026-05-03 23:30:00,1,3,4,15,23,6,1
2026-05-03 23:45:00,1,2,8,8,23,6,1
2026-05-04 00:00:00,1,3,9,21,0,0,1
2026-05-04 00:15:00,1,5,18,35,0,0,1
2026-05-04 00:30:00,1,5,9,30,0,0,1
2026-05-04 00:45:00,1,5,8,30,0,0,1
2026-05-04 01:00:00,1,5,14,30,1,0,1
2026-05-04 01:15:00,1,2,8,14,1,0,1
2026-05-04 01:30:00,1,5,12,35,1,0,1
2026-05-04 01:45:00,1,4,14,24,1,0,1
2026-05-04 02:00:00,1,2,9,8,2,0,1
2026-05-04 02:15:00,1,3,10,12,2,0,1
2026-05-04 02:30:00,1,4,8,28,2,0,1
2026-05-04 02:45:00,1,3,6,21,2,0,1
2026-05-04 03:00:00,1,2,10,10,3,0,4
2026-05-04 03:15:00,4,5,5,30,3,0,1
2026-05-04 03:30:00,1,2,11,14,3,0,1
2026-05-04 03:45:00,1,5,8,20,3,0,1
2026-05-04 04:00:00,1,3,13,21,4,0,1
2026-05-04 04:15:00,1,3,10,18,4,0,1
2026-05-04 04:30:00,1,5,10,25,4,0,1
2026-05-04 04:45:00,1,4,15,24,4,0,1
2026-05-04 05:00:00,1,3,12,18,5,0,1
2026-05-04 05:15:00,1,2,18,10,5,0,9
2026-05-04 05:30:00,9,2,5,12,5,0,1
2026-05-04 05:45:00,1,2,7,8,5,0,1
2026-05-04 06:00:00,1,2,14,14,6,0,1
2026-05-04 06:15:00,1,4,11,24,6,0,1
2026-05-04 06:30:00,1,4,9,20,6,0,1
2026-05-04 06:45:00,1,4,8,16,6,0,1
2026-05-04 07:00:00,1,2,18,12,7,0,6
2026-05-04 07:15:00,6,2,0,8,7,0,1
2026-05-04 07:30:00,1,4,7,16,7,0,1
2026-05-04 07:45:00,1,2,7,12,7,0,1
2026-05-04 08:00:00,1,4,5,28,8,0,1
2026-05-04 08:15:00,1,5,10,25,8,0,1
2026-05-04 08:30:00,1,4,12,16,8,0,1
2026-05-04 08:45:00,1,3,14,12,8,0,2
2026-05-04 09:00:00,2,4,17,16,9,0,1
2026-05-04 09:15:00,1,5,23,35,9,0,1
2026-05-04 09:30:00,1,2,15,12,9,0,2
2026-05-04 09:45:00,2,5,24,30,9,0,1
2026-05-04 10:00:00,1,5,28,20,10,0,9
2026-05-04 10:15:00,9,3,26,15,10,0,18
2026-05-04 10:30:00,18,3,16,21,10,0,14
2026-05-04 10:45:00,14,4,22,28,10,0,7
2026-05-04 11:00:00,7,4,20,28,11,0,1
2026-05-04 11:15:00,1,5,19,25,11,0,1
2026-05-04 11:30:00,1,2,22,12,11,0,11
2026-05-04 11:45:00,11,2,26,12,11,0,24
2026-05-04 12:00:00,24,3,24,18,12,0,31
2026-05-04 12:15:00,31,3,19,21,12,0,31
2026-05-04 12:30:00,31,2,24,10,12,0,48
2026-05-04 12:45:00,48,5,18,35,12,0,28
2026-05-04 13:00:00,28,4,15,20,13,0,23
2026-05-04 13:15:00,23,4,21,28,13,0,13
2026-05-04 13:30:00,13,2,19,8,13,0,27
2026-05-04 13:45:00,27,4,17,16,13,0,27
2026-05-04 14:00:00,27,5,12,25,14,0,15
2026-05-04 14:15:00,15,4,17,20,14,0,13
2026-05-04 14:30:00,13,5,13,25,14,0,2
2026-05-04 14:45:00,2,2,11,10,14,0,1
2026-05-04 15:00:00,1,5,15,30,15,0,1
2026-05-04 15:15:00,1,5,18,30,15,0,1
2026-05-04 15:30:00,1,5,21,30,15,0,1
2026-05-04 15:45:00,1,3,21,21,15,0,1
2026-05-04 16:00:00,1,2,14,8,16,0,9
2026-05-04 16:15:00,9,2,18,12,16,0,16
2026-05-04 16:30:00,16,5,16,25,16,0,10
2026-05-04 16:45:00,10,2,13,8,16,0,16
2026-05-04 17:00:00,16,5,14,35,17,0,1
2026-05-04 17:15:00,1,5,15,35,17,0,1
2026-05-04 17:30:00,1,3,18,15,17,0,5
2026-05-04 17:45:00,5,5,14,20,17,0,1
2026-05-04 18:00:00,1,5,11,25,18,0,1
2026-05-04 18:15:00,1,5,16,20,18,0,1
2026-05-04 18:30:00,1,5,20,25,18,0,1
2026-05-04 18:45:00,1,4,12,28,18,0,1
2026-05-04 19:00:00,1,3,13,21,19,0,1
2026-05-04 19:15:00,1,5,22,35,19,0,1
2026-05-04 19:30:00,1,2,6,14,19,0,1
2026-05-04 19:45:00,1,5,14,30,19,0,1
2026-05-04 20:00:00,1,2,11,8,20,0,4
2026-05-04 20:15:00,4,4,5,24,20,0,1
2026-05-04 20:30:00,1,4,4,16,20,0,1
2026-05-04 20:45:00,1,4,9,20,20,0,1
2026-05-04 21:00:00,1,3,8,12,21,0,1
2026-05-04 21:15:00,1,3,4,21,21,0,1
2026-05-04 21:30:00,1,3,5,21,21,0,1
2026-05-04 21:45:00,1,2,5,14,21,0,1
2026-05-04 22:00:00,1,2,4,12,22,0,1
2026-05-04 22:15:00,1,5,11,35,22,0,1
2026-05-04 22:30:00,1,3,16,15,22,0,4
2026-05-04 22:45:00,4,5,11,20,22,0,1
2026-05-04 23:00:00,1,4,11,16,23,0,1
2026-05-04 23:15:00,1,3,8,12,23,0,1
2026-05-04 23:30:00,1,5,4,25,23,0,1
2026-05-04 23:45:00,1,5,11,25,23,0,1
2026-05-05 00:00:00,1,2,9,14,0,1,1
2026-05-05 00:15:00,1,4,10,28,0,1,1
2026-05-05 00:30:00,1,4,17,28,0,1,1
2026-05-05 00:45:00,1,4,12,16,0,1,1
2026-05-05 01:00:00,1,5,14,30,1,1,1
2026-05-05 01:15:00,1,5,10,30,1,1,1
2026-05-05 01:30:00,1,5,12,25,1,1,1
2026-05-05 01:45:00,1,2,15,12,1,1,6
2026-05-05 02:00:00,6,4,7,28,2,1,1
2026-05-05 02:15:00,1,2,15,12,2,1,4
2026-05-05 02:30:00,4,4,3,28,2,1,1
2026-05-05 02:45:00,1,5,3,20,2,1,1
2026-05-05 03:00:00,1,2,5,10,3,1,1
2026-05-05 03:15:00,1,4,9,28,3,1,1
2026-05-05 03:30:00,1,2,7,12,3,1,1
2026-05-05 03:45:00,1,5,13,25,3,1,1
2026-05-05 04:00:00,1,5,9,20,4,1,1
2026-05-05 04:15:00,1,4,7,24,4,1,1
2026-05-05 04:30:00,1,5,12,25,4,1,1
2026-05-05 04:45:00,1,3,3,15,4,1,1
2026-05-05 05:00:00,1,4,6,20,5,1,1
2026-05-05 05:15:00,1,2,9,8,5,1,1
2026-05-05 05:30:00,1,4,9,16,5,1,1
2026-05-05 05:45:00,1,4,8,16,5,1,1
2026-05-05 06:00:00,1,5,5,25,6,1,1
2026-05-05 06:15:00,1,4,2,20,6,1,1
2026-05-05 06:30:00,1,5,4,25,6,1,1
2026-05-05 06:45:00,1,2,10,10,6,1,2
2026-05-05 07:00:00,2,5,2,30,7,1,1
2026-05-05 07:15:00,1,2,9,8,7,1,1
2026-05-05 07:30:00,1,5,10,25,7,1,1
2026-05-05 07:45:00,1,4,15,20,7,1,1
2026-05-05 08:00:00,1,3,16,18,8,1,1
2026-05-05 08:15:00,1,5,1,30,8,1,1
2026-05-05 08:30:00,1,5,14,30,8,1,1
2026-05-05 08:45:00,1,3,8,21,8,1,1
2026-05-05 09:00:00,1,4,21,16,9,1,8
2026-05-05 09:15:00,8,4,18,20,9,1,7
2026-05-05 09:30:00,7,5,16,35,9,1,1
2026-05-05 09:45:00,1,5,28,30,9,1,2
2026-05-05 10:00:00,2,2,19,14,10,1,9
2026-05-05 10:15:00,9,2,27,10,10,1,24
2026-05-05 10:30:00,24,2,22,14,10,1,30
2026-05-05 10:45:00,30,3,14,15,10,1,27
2026-05-05 11:00:00,27,2,18,8,11,1,34
2026-05-05 11:15:00,34,4,17,28,11,1,23
2026-05-05 11:30:00,23,5,19,25,11,1,21
2026-05-05 11:45:00,21,5,20,25,11,1,19
2026-05-05 12:00:00,19,4,17,24,12,1,9
2026-05-05 12:15:00,9,5,18,30,12,1,1
2026-05-05 12:30:00,1,3,20,12,12,1,7
2026-05-05 12:45:00,7,2,15,10,12,1,13
2026-05-05 13:00:00,13,2,24,8,13,1,28
2026-05-05 13:15:00,28,5,24,25,13,1,26
2026-05-05 13:30:00,26,5,25,30,13,1,22
2026-05-05 13:45:00,22,5,23,25,13,1,19
2026-05-05 14:00:00,19,4,12,20,14,1,9
2026-05-05 14:15:00,9,2,16,8,14,1,16
2026-05-05 14:30:00,16,3,16,15,14,1,20
2026-05-05 14:45:00,20,3,15,18,14,1,14
2026-05-05 15:00:00,14,2,21,10,15,1,28
2026-05-05 15:15:00,28,4,16,20,15,1,26
2026-05-05 15:30:00,26,2,19,12,15,1,27
2026-05-05 15:45:00,27,3,10,21,15,1,18
2026-05-05 16:00:00,18,4,15,28,16,1,4
2026-05-05 16:15:00,4,5,17,20,16,1,1
2026-05-05 16:30:00,1,3,14,15,16,1,1
2026-05-05 16:45:00,1,5,16,30,16,1,1
2026-05-05 17:00:00,1,3,11,18,17,1,1
2026-05-05 17:15:00,1,3,14,21,17,1,1
2026-05-05 17:30:00,1,5,15,35,17,1,1
2026-05-05 17:45:00,1,4,11,16,17,1,1
2026-05-05 18:00:00,1,5,11,35,18,1,1
2026-05-05 18:15:00,1,2,8,10,18,1,1
2026-05-05 18:30:00,1,4,16,20,18,1,1
2026-05-05 18:45:00,1,5,8,35,18,1,1
2026-05-05 19:00:00,1,5,16,35,19,1,1
2026-05-05 19:15:00,1,2,16,10,19,1,6
2026-05-05 19:30:00,6,3,14,21,19,1,1
2026-05-05 19:45:00,1,5,11,20,19,1,1
2026-05-05 20:00:00,1,2,7,10,20,1,1
2026-05-05 20:15:00,1,3,12,12,20,1,2
2026-05-05 20:30:00,2,3,10,21,20,1,1
2026-05-05 20:45:00,1,4,17,20,20,1,1
2026-05-05 21:00:00,1,2,11,12,21,1,1
2026-05-05 21:15:00,1,5,13,30,21,1,1
2026-05-05 21:30:00,1,4,7,24,21,1,1
2026-05-05 21:45:00,1,3,10,21,21,1,1
2026-05-05 22:00:00,1,2,3,14,22,1,1
2026-05-05 22:15:00,1,3,9,12,22,1,1
2026-05-05 22:30:00,1,4,8,28,22,1,1
2026-05-05 22:45:00,1,4,11,16,22,1,1
2026-05-05 23:00:00,1,5,8,35,23,1,1
2026-05-05 23:15:00,1,5,9,25,23,1,1
2026-05-05 23:30:00,1,2,13,10,23,1,4
2026-05-05 23:45:00,4,5,5,30,23,1,1
2026-05-06 00:00:00,1,3,9,18,0,2,1
2026-05-06 00:15:00,1,5,10,20,0,2,1
2026-05-06 00:30:00,1,5,13,35,0,2,1
2026-05-06 00:45:00,1,5,8,25,0,2,1
2026-05-06 01:00:00,1,4,5,28,1,2,1
2026-05-06 01:15:00,1,2,14,10,1,2,4
2026-05-06 01:30:00,4,4,14,24,1,2,1
2026-05-06 01:45:00,1,2,9,14,1,2,1
2026-05-06 02:00:00,1,4,15,28,2,2,1
2026-05-06 02:15:00,1,2,14,8,2,2,10
2026-05-06 02:30:00,10,2,11,8,2,2,12
2026-05-06 02:45:00,12,2,8,10,2,2,9
2026-05-06 03:00:00,9,2,12,12,3,2,7
2026-05-06 03:15:00,7,5,7,20,3,2,1
2026-05-06 03:30:00,1,2,13,12,3,2,1
2026-05-06 03:45:00,1,4,11,28,3,2,1
2026-05-06 04:00:00,1,3,8,15,4,2,1
2026-05-06 04:15:00,1,2,6,8,4,2,1
2026-05-06 04:30:00,1,5,7,20,4,2,1
2026-05-06 04:45:00,1,5,6,30,4,2,1
2026-05-06 05:00:00,1,2,7,10,5,2,1
2026-05-06 05:15:00,1,4,6,16,5,2,1
2026-05-06 05:30:00,1,4,13,16,5,2,1
2026-05-06 05:45:00,1,5,17,25,5,2,1
2026-05-06 06:00:00,1,3,8,21,6,2,1
2026-05-06 06:15:00,1,4,6,20,6,2,1
2026-05-06 06:30:00,1,3,19,21,6,2,1
2026-05-06 06:45:00,1,4,8,16,6,2,1
2026-05-06 07:00:00,1,2,4,8,7,2,1
2026-05-06 07:15:00,1,4,6,16,7,2,1
2026-05-06 07:30:00,1,3,18,21,7,2,1
2026-05-06 07:45:00,1,2,14,8,7,2,9
2026-05-06 08:00:00,9,5,3,35,8,2,1
2026-05-06 08:15:00,1,5,2,35,8,2,1
2026-05-06 08:30:00,1,5,9,35,8,2,1
2026-05-06 08:45:00,1,2,12,12,8,2,1
2026-05-06 09:00:00,1,3,20,18,9,2,5
2026-05-06 09:15:00,5,3,23,12,9,2,14
2026-05-06 09:30:00,14,4,26,28,9,2,14
2026-05-06 09:45:00,14,4,25,28,9,2,13
2026-05-06 10:00:00,13,5,26,20,10,2,18
2026-05-06 10:15:00,18,2,15,14,10,2,22
2026-05-06 10:30:00,22,5,21,35,10,2,8
2026-05-06 10:45:00,8,3,24,18,10,2,16
2026-05-06 11:00:00,16,3,18,12,11,2,26
2026-05-06 11:15:00,26,3,22,12,11,2,38
2026-05-06 11:30:00,38,3,23,15,11,2,45
2026-05-06 11:45:00,45,3,23,12,11,2,56
2026-05-06 12:00:00,56,3,26,15,12,2,60
2026-05-06 12:15:00,60,3,13,18,12,2,51
2026-05-06 12:30:00,51,2,16,14,12,2,47
2026-05-06 12:45:00,47,3,25,12,12,2,60
2026-05-06 13:00:00,60,3,24,21,13,2,59
2026-05-06 13:15:00,59,5,24,20,13,2,61
2026-05-06 13:30:00,61,4,18,20,13,2,60
2026-05-06 13:45:00,60,2,24,14,13,2,69
2026-05-06 14:00:00,69,4,19,24,14,2,64
2026-05-06 14:15:00,64,3,19,21,14,2,60
2026-05-06 14:30:00,60,4,23,24,14,2,59
2026-05-06 14:45:00,59,2,25,12,14,2,69
2026-05-06 15:00:00,69,3,21,15,15,2,77
2026-05-06 15:15:00,77,3,21,12,15,2,84
2026-05-06 15:30:00,84,2,19,10,15,2,95
2026-05-06 15:45:00,95,2,26,10,15,2,100
2026-05-06 16:00:00,100,3,15,21,16,2,92
2026-05-06 16:15:00,92,4,15,20,16,2,87
2026-05-06 16:30:00,87,2,8,12,16,2,83
2026-05-06 16:45:00,83,5,9,25,16,2,67
2026-05-06 17:00:00,67,5,17,20,17,2,66
2026-05-06 17:15:00,66,2,18,14,17,2,71
2026-05-06 17:30:00,71,3,14,18,17,2,67
2026-05-06 17:45:00,67,5,17,25,17,2,62
2026-05-06 18:00:00,62,3,13,18,18,2,54
2026-05-06 18:15:00,54,2,17,8,18,2,61
2026-05-06 18:30:00,61,5,16,35,18,2,43
2026-05-06 18:45:00,43,2,11,10,18,2,43
2026-05-06 19:00:00,43,3,11,21,19,2,35
2026-05-06 19:15:00,35,5,10,25,19,2,18
2026-05-06 19:30:00,18,4,14,20,19,2,15
2026-05-06 19:45:00,15,3,14,21,19,2,5
2026-05-06 20:00:00,5,2,8,14,20,2,1
2026-05-06 20:15:00,1,3,7,21,20,2,1
2026-05-06 20:30:00,1,4,5,16,20,2,1
2026-05-06 20:45:00,1,5,3,20,20,2,1
2026-05-06 21:00:00,1,3,7,15,21,2,1
2026-05-06 21:15:00,1,5,4,25,21,2,1
2026-05-06 21:30:00,1,5,6,25,21,2,1
2026-05-06 21:45:00,1,2,13,12,21,2,1
2026-05-06 22:00:00,1,2,7,12,22,2,1
2026-05-06 22:15:00,1,4,15,24,22,2,1
2026-05-06 22:30:00,1,2,9,12,22,2,1
2026-05-06 22:45:00,1,4,12,24,22,2,1
2026-05-06 23:00:00,1,2,5,10,23,2,1
2026-05-06 23:15:00,1,4,5,24,23,2,1
2026-05-06 23:30:00,1,3,3,12,23,2,1
2026-05-06 23:45:00,1,2,11,12,23,2,1
2026-05-07 00:00:00,1,3,7,15,0,3,1
2026-05-07 00:15:00,1,2,11,10,0,3,2
2026-05-07 00:30:00,2,5,2,35,0,3,1
2026-05-07 00:45:00,1,4,10,16,0,3,1
2026-05-07 01:00:00,1,5,4,20,1,3,1
2026-05-07 01:15:00,1,5,8,20,1,3,1
2026-05-07 01:30:00,1,5,15,30,1,3,1
2026-05-07 01:45:00,1,5,10,30,1,3,1
2026-05-07 02:00:00,1,4,7,28,2,3,1
2026-05-07 02:15:00,1,5,11,30,2,3,1
2026-05-07 02:30:00,1,5,17,25,2,3,1
2026-05-07 02:45:00,1,2,0,12,2,3,1
2026-05-07 03:00:00,1,5,6,25,3,3,1
2026-05-07 03:15:00,1,4,6,20,3,3,1
2026-05-07 03:30:00,1,5,10,20,3,3,1
2026-05-07 03:45:00,1,5,15,25,3,3,1
2026-05-07 04:00:00,1,4,19,24,4,3,1
2026-05-07 04:15:00,1,2,11,10,4,3,4
2026-05-07 04:30:00,4,5,8,25,4,3,1
2026-05-07 04:45:00,1,3,8,15,4,3,1
2026-05-07 05:00:00,1,4,4,20,5,3,1
2026-05-07 05:15:00,1,3,6,12,5,3,1
2026-05-07 05:30:00,1,2,10,8,5,3,2
2026-05-07 05:45:00,2,4,6,24,5,3,1
2026-05-07 06:00:00,1,3,10,21,6,3,1
2026-05-07 06:15:00,1,4,5,16,6,3,1
2026-05-07 06:30:00,1,2,8,10,6,3,1
2026-05-07 06:45:00,1,2,8,14,6,3,1
2026-05-07 07:00:00,1,4,10,24,7,3,1
2026-05-07 07:15:00,1,3,11,21,7,3,1
2026-05-07 07:30:00,1,5,5,35,7,3,1
2026-05-07 07:45:00,1,4,9,24,7,3,1
2026-05-07 08:00:00,1,5,6,30,8,3,1
2026-05-07 08:15:00,1,2,3,14,8,3,1
2026-05-07 08:30:00,1,5,9,30,8,3,1
2026-05-07 08:45:00,1,3,11,21,8,3,1
2026-05-07 09:00:00,1,2,17,10,9,3,6
2026-05-07 09:15:00,6,5,16,35,9,3,1
2026-05-07 09:30:00,1,5,21,25,9,3,1
2026-05-07 09:45:00,1,2,19,8,9,3,14
2026-05-07 10:00:00,14,5,15,20,10,3,11
2026-05-07 10:15:00,11,4,23,16,10,3,17
2026-05-07 10:30:00,17,2,22,10,10,3,26
2026-05-07 10:45:00,26,5,21,20,10,3,28
2026-05-07 11:00:00,28,2,23,10,11,3,40
2026-05-07 11:15:00,40,5,17,25,11,3,33
2026-05-07 11:30:00,33,2,25,8,11,3,50
2026-05-07 11:45:00,50,2,21,8,11,3,65
2026-05-07 12:00:00,65,3,21,12,12,3,75
2026-05-07 12:15:00,75,2,18,8,12,3,85
2026-05-07 12:30:00,85,3,15,18,12,3,80
2026-05-07 12:45:00,80,2,16,12,12,3,88
2026-05-07 13:00:00,88,4,17,28,13,3,77
2026-05-07 13:15:00,77,5,20,35,13,3,60
2026-05-07 13:30:00,60,2,16,10,13,3,67
2026-05-07 13:45:00,67,3,16,18,13,3,66
2026-05-07 14:00:00,66,4,13,28,14,3,50
2026-05-07 14:15:00,50,2,12,8,14,3,52
2026-05-07 14:30:00,52,2,23,12,14,3,61
2026-05-07 14:45:00,61,4,18,28,14,3,51
2026-05-07 15:00:00,51,4,21,24,15,3,47
2026-05-07 15:15:00,47,5,22,30,15,3,36
2026-05-07 15:30:00,36,2,16,10,15,3,41
2026-05-07 15:45:00,41,3,19,15,15,3,48
2026-05-07 16:00:00,48,4,16,24,16,3,37
2026-05-07 16:15:00,37,5,19,35,16,3,22
2026-05-07 16:30:00,22,2,13,10,16,3,24
2026-05-07 16:45:00,24,3,15,15,16,3,24
2026-05-07 17:00:00,24,2,21,8,17,3,37
2026-05-07 17:15:00,37,2,15,8,17,3,42
2026-05-07 17:30:00,42,2,16,14,17,3,45
2026-05-07 17:45:00,45,2,15,8,17,3,51
2026-05-07 18:00:00,51,5,16,20,18,3,50
2026-05-07 18:15:00,50,2,17,14,18,3,52
2026-05-07 18:30:00,52,5,13,25,18,3,42
2026-05-07 18:45:00,42,2,8,8,18,3,42
2026-05-07 19:00:00,42,3,17,12,19,3,46
2026-05-07 19:15:00,46,5,12,20,19,3,37
2026-05-07 19:30:00,37,4,19,20,19,3,37
2026-05-07 19:45:00,37,4,11,24,19,3,21
2026-05-07 20:00:00,21,2,11,12,20,3,19
2026-05-07 20:15:00,19,3,14,18,20,3,13
2026-05-07 20:30:00,13,2,10,12,20,3,12
2026-05-07 20:45:00,12,4,8,24,20,3,1
2026-05-07 21:00:00,1,5,3,25,21,3,1
2026-05-07 21:15:00,1,2,7,10,21,3,1
2026-05-07 21:30:00,1,3,6,15,21,3,1
2026-05-07 21:45:00,1,3,7,12,21,3,1
2026-05-07 22:00:00,1,5,4,20,22,3,1
2026-05-07 22:15:00,1,4,9,16,22,3,1
2026-05-07 22:30:00,1,2,9,8,22,3,1
2026-05-07 22:45:00,1,2,18,12,22,3,6
2026-05-07 23:00:00,6,3,9,21,23,3,1
2026-05-07 23:15:00,1,3,7,18,23,3,1
2026-05-07 23:30:00,1,2,13,10,23,3,3
2026-05-07 23:45:00,3,4,13,20,23,3,1
2026-05-08 00:00:00,1,2,13,14,0,4,1
2026-05-08 00:15:00,1,3,6,12,0,4,1
2026-05-08 00:30:00,1,2,10,14,0,4,1
2026-05-08 00:45:00,1,4,8,28,0,4,1
2026-05-08 01:00:00,1,4,10,28,1,4,1
2026-05-08 01:15:00,1,5,9,35,1,4,1
2026-05-08 01:30:00,1,3,5,12,1,4,1
2026-05-08 01:45:00,1,4,0,28,1,4,1
2026-05-08 02:00:00,1,2,10,14,2,4,1
2026-05-08 02:15:00,1,3,9,12,2,4,1
2026-05-08 02:30:00,1,4,7,20,2,4,1
2026-05-08 02:45:00,1,2,12,10,2,4,3
2026-05-08 03:00:00,3,2,10,14,3,4,1
2026-05-08 03:15:00,1,3,16,21,3,4,1
2026-05-08 03:30:00,1,3,9,12,3,4,1
2026-05-08 03:45:00,1,4,9,24,3,4,1
2026-05-08 04:00:00,1,4,9,20,4,4,1
2026-05-08 04:15:00,1,4,9,24,4,4,1
2026-05-08 04:30:00,1,5,6,35,4,4,1
2026-05-08 04:45:00,1,3,9,21,4,4,1
2026-05-08 05:00:00,1,3,3,21,5,4,1
2026-05-08 05:15:00,1,4,4,16,5,4,1
2026-05-08 05:30:00,1,3,6,18,5,4,1
2026-05-08 05:45:00,1,4,13,28,5,4,1
2026-05-08 06:00:00,1,4,9,16,6,4,1
2026-05-08 06:15:00,1,2,10,14,6,4,1
2026-05-08 06:30:00,1,4,7,24,6,4,1
2026-05-08 06:45:00,1,4,4,28,6,4,1
2026-05-08 07:00:00,1,3,8,15,7,4,1
2026-05-08 07:15:00,1,3,8,21,7,4,1
2026-05-08 07:30:00,1,3,7,15,7,4,1
2026-05-08 07:45:00,1,4,2,24,7,4,1
2026-05-08 08:00:00,1,2,7,8,8,4,3
2026-05-08 08:15:00,3,2,7,10,8,4,2
2026-05-08 08:30:00,2,5,13,20,8,4,1
2026-05-08 08:45:00,1,5,6,20,8,4,1
2026-05-08 09:00:00,1,5,22,30,9,4,1
2026-05-08 09:15:00,1,4,23,20,9,4,1
2026-05-08 09:30:00,1,3,20,18,9,4,3
2026-05-08 09:45:00,3,2,17,12,9,4,9
2026-05-08 10:00:00,9,4,23,28,10,4,2
2026-05-08 10:15:00,2,2,22,14,10,4,11
2026-05-08 10:30:00,11,4,24,28,10,4,7
2026-05-08 10:45:00,7,2,24,8,10,4,22
2026-05-08 11:00:00,22,4,25,24,11,4,22
2026-05-08 11:15:00,22,2,21,8,11,4,34
2026-05-08 11:30:00,34,5,19,20,11,4,30
2026-05-08 11:45:00,30,4,17,28,11,4,20
2026-05-08 12:00:00,20,2,24,10,12,4,35
2026-05-08 12:15:00,35,5,23,20,12,4,37
2026-05-08 12:30:00,37,2,20,12,12,4,42
2026-05-08 12:45:00,42,2,10,8,12,4,43
2026-05-08 13:00:00,43,5,16,35,13,4,22
2026-05-08 13:15:00,22,5,10,30,13,4,3
2026-05-08 13:30:00,3,4,12,20,13,4,1
2026-05-08 13:45:00,1,4,21,24,13,4,1
2026-05-08 14:00:00,1,5,19,35,14,4,1
2026-05-08 14:15:00,1,5,21,30,14,4,1
2026-05-08 14:30:00,1,3,12,15,14,4,1
2026-05-08 14:45:00,1,3,20,18,14,4,1
2026-05-08 15:00:00,1,5,17,25,15,4,1
2026-05-08 15:15:00,1,4,19,16,15,4,2
2026-05-08 15:30:00,2,4,10,24,15,4,1
2026-05-08 15:45:00,1,4,18,24,15,4,1
2026-05-08 16:00:00,1,3,12,12,16,4,1
2026-05-08 16:15:00,1,2,22,8,16,4,15
2026-05-08 16:30:00,15,5,9,30,16,4,1
2026-05-08 16:45:00,1,4,17,24,16,4,1
2026-05-08 17:00:00,1,4,18,20,17,4,1
2026-05-08 17:15:00,1,3,18,21,17,4,1
2026-05-08 17:30:00,1,4,16,16,17,4,3
2026-05-08 17:45:00,3,5,13,30,17,4,1
2026-05-08 18:00:00,1,3,17,12,18,4,8
2026-05-08 18:15:00,8,3,14,21,18,4,1
2026-05-08 18:30:00,1,3,13,12,18,4,2
2026-05-08 18:45:00,2,2,12,12,18,4,2
2026-05-08 19:00:00,2,3,13,12,19,4,1
2026-05-08 19:15:00,1,5,14,30,19,4,1
2026-05-08 19:30:00,1,5,11,30,19,4,1
2026-05-08 19:45:00,1,2,12,8,19,4,3
2026-05-08 20:00:00,3,2,10,12,20,4,1
2026-05-08 20:15:00,1,2,2,10,20,4,1
2026-05-08 20:30:00,1,2,2,14,20,4,1
2026-05-08 20:45:00,1,4,6,28,20,4,1
2026-05-08 21:00:00,1,3,7,15,21,4,1
2026-05-08 21:15:00,1,2,5,10,21,4,1
2026-05-08 21:30:00,1,4,2,16,21,4,1
2026-05-08 21:45:00,1,4,10,20,21,4,1
2026-05-08 22:00:00,1,2,7,10,22,4,1
2026-05-08 22:15:00,1,5,9,30,22,4,1
2026-05-08 22:30:00,1,4,7,28,22,4,1
2026-05-08 22:45:00,1,4,6,28,22,4,1
2026-05-08 23:00:00,1,3,5,21,23,4,1
2026-05-08 23:15:00,1,5,8,35,23,4,1
2026-05-08 23:30:00,1,4,2,24,23,4,1
2026-05-08 23:45:00,1,3,14,18,23,4,1
2026-05-09 00:00:00,1,3,6,21,0,5,1
2026-05-09 00:15:00,1,4,8,24,0,5,1
2026-05-09 00:30:00,1,2,6,10,0,5,1
2026-05-09 00:45:00,1,2,13,8,0,5,6
2026-05-09 01:00:00,6,2,1,8,1,5,1
2026-05-09 01:15:00,1,3,2,15,1,5,1
2026-05-09 01:30:00,1,2,12,12,1,5,1
2026-05-09 01:45:00,1,2,0,10,1,5,1
2026-05-09 02:00:00,1,4,0,28,2,5,1
2026-05-09 02:15:00,1,2,8,10,2,5,1
2026-05-09 02:30:00,1,4,9,20,2,5,1
2026-05-09 02:45:00,1,4,3,24,2,5,1
2026-05-09 03:00:00,1,5,9,35,3,5,1
2026-05-09 03:15:00,1,4,5,24,3,5,1
2026-05-09 03:30:00,1,4,8,20,3,5,1
2026-05-09 03:45:00,1,5,3,35,3,5,1
2026-05-09 04:00:00,1,5,10,25,4,5,1
2026-05-09 04:15:00,1,3,7,21,4,5,1
2026-05-09 04:30:00,1,2,5,12,4,5,1
2026-05-09 04:45:00,1,5,8,35,4,5,1
2026-05-09 05:00:00,1,5,4,20,5,5,1
2026-05-09 05:15:00,1,2,6,8,5,5,1
2026-05-09 05:30:00,1,2,8,14,5,5,1
2026-05-09 05:45:00,1,2,10,10,5,5,1
2026-05-09 06:00:00,1,4,10,28,6,5,1
2026-05-09 06:15:00,1,2,12,10,6,5,3
2026-05-09 06:30:00,3,4,6,24,6,5,1
2026-05-09 06:45:00,1,5,5,35,6,5,1
2026-05-09 07:00:00,1,2,11,14,7,5,1
2026-05-09 07:15:00,1,2,7,10,7,5,1
2026-05-09 07:30:00,1,4,9,28,7,5,1
2026-05-09 07:45:00,1,2,9,14,7,5,1
2026-05-09 08:00:00,1,5,1,25,8,5,1
2026-05-09 08:15:00,1,3,4,12,8,5,1
2026-05-09 08:30:00,1,2,6,12,8,5,1
2026-05-09 08:45:00,1,2,5,8,8,5,1
2026-05-09 09:00:00,1,2,14,12,9,5,2
2026-05-09 09:15:00,2,5,21,35,9,5,1
2026-05-09 09:30:00,1,5,16,25,9,5,1
2026-05-09 09:45:00,1,5,10,20,9,5,1
2026-05-09 10:00:00,1,5,9,35,10,5,1
2026-05-09 10:15:00,1,2,21,14,10,5,5
2026-05-09 10:30:00,5,4,15,28,10,5,1
2026-05-09 10:45:00,1,4,15,24,10,5,1
2026-05-09 11:00:00,1,5,23,20,11,5,3
2026-05-09 11:15:00,3,2,18,8,11,5,14
2026-05-09 11:30:00,14,3,10,18,11,5,4
2026-05-09 11:45:00,4,4,17,28,11,5,1
2026-05-09 12:00:00,1,2,13,10,12,5,4
2026-05-09 12:15:00,4,2,18,12,12,5,7
2026-05-09 12:30:00,7,3,16,12,12,5,7
2026-05-09 12:45:00,7,5,10,25,12,5,1
2026-05-09 13:00:00,1,3,25,15,13,5,12
2026-05-09 13:15:00,12,5,19,35,13,5,1
2026-05-09 13:30:00,1,5,11,25,13,5,1
2026-05-09 13:45:00,1,5,12,25,13,5,1
2026-05-09 14:00:00,1,4,14,16,14,5,1
2026-05-09 14:15:00,1,3,18,12,14,5,6
2026-05-09 14:30:00,6,5,13,35,14,5,1
2026-05-09 14:45:00,1,3,17,21,14,5,1
2026-05-09 15:00:00,1,4,20,16,15,5,1
2026-05-09 15:15:00,1,3,13,18,15,5,1
2026-05-09 15:30:00,1,3,6,18,15,5,1
2026-05-09 15:45:00,1,5,14,20,15,5,1
2026-05-09 16:00:00,1,2,10,14,16,5,1
2026-05-09 16:15:00,1,3,13,15,16,5,1
2026-05-09 16:30:00,1,2,16,10,16,5,4
2026-05-09 16:45:00,4,4,13,20,16,5,1
2026-05-09 17:00:00,1,5,4,20,17,5,1
2026-05-09 17:15:00,1,3,6,18,17,5,1
2026-05-09 17:30:00,1,2,15,14,17,5,2
2026-05-09 17:45:00,2,4,5,24,17,5,1
2026-05-09 18:00:00,1,2,14,14,18,5,1
2026-05-09 18:15:00,1,3,12,18,18,5,1
2026-05-09 18:30:00,1,2,13,14,18,5,1
2026-05-09 18:45:00,1,2,17,12,18,5,7
2026-05-09 19:00:00,7,4,7,24,19,5,1
2026-05-09 19:15:00,1,2,8,10,19,5,1
2026-05-09 19:30:00,1,3,13,12,19,5,1
2026-05-09 19:45:00,1,3,7,18,19,5,1
2026-05-09 20:00:00,1,3,5,12,20,5,1
2026-05-09 20:15:00,1,4,6,24,20,5,1
2026-05-09 20:30:00,1,4,7,16,20,5,1
2026-05-09 20:45:00,1,3,5,21,20,5,1
2026-05-09 21:00:00,1,5,1,30,21,5,1
2026-05-09 21:15:00,1,2,8,12,21,5,1
2026-05-09 21:30:00,1,4,9,16,21,5,1
2026-05-09 21:45:00,1,2,7,12,21,5,1
2026-05-09 22:00:00,1,2,6,10,22,5,1
2026-05-09 22:15:00,1,3,0,15,22,5,1
2026-05-09 22:30:00,1,2,10,12,22,5,2
2026-05-09 22:45:00,2,3,7,21,22,5,1
2026-05-09 23:00:00,1,4,2,28,23,5,1
2026-05-09 23:15:00,1,5,0,35,23,5,1
2026-05-09 23:30:00,1,4,6,28,23,5,1
2026-05-09 23:45:00,1,5,6,35,23,5,1
2026-05-10 00:00:00,1,3,9,18,0,6,1
2026-05-10 00:15:00,1,5,6,35,0,6,1
2026-05-10 00:30:00,1,2,1,14,0,6,1
2026-05-10 00:45:00,1,5,4,25,0,6,1
2026-05-10 01:00:00,1,4,0,16,1,6,1
2026-05-10 01:15:00,1,5,0,35,1,6,1
2026-05-10 01:30:00,1,5,12,30,1,6,1
2026-05-10 01:45:00,1,4,7,24,1,6,1
2026-05-10 02:00:00,1,4,5,28,2,6,1
2026-05-10 02:15:00,1,2,3,10,2,6,1
2026-05-10 02:30:00,1,5,0,20,2,6,1
2026-05-10 02:45:00,1,3,3,12,2,6,1
2026-05-10 03:00:00,1,4,4,28,3,6,1
2026-05-10 03:15:00,1,2,6,10,3,6,1
2026-05-10 03:30:00,1,4,8,24,3,6,1
2026-05-10 03:45:00,1,2,10,10,3,6,1
2026-05-10 04:00:00,1,2,6,14,4,6,1
2026-05-10 04:15:00,1,3,3,18,4,6,1
2026-05-10 04:30:00,1,5,3,20,4,6,1
2026-05-10 04:45:00,1,2,4,12,4,6,1
2026-05-10 05:00:00,1,2,2,8,5,6,1
2026-05-10 05:15:00,1,3,5,12,5,6,1
2026-05-10 05:30:00,1,2,0,12,5,6,1
2026-05-10 05:45:00,1,4,3,16,5,6,1
2026-05-10 06:00:00,1,5,4,25,6,6,1
2026-05-10 06:15:00,1,2,1,8,6,6,1
2026-05-10 06:30:00,1,5,3,25,6,6,1
2026-05-10 06:45:00,1,5,8,25,6,6,1
2026-05-10 07:00:00,1,3,6,21,7,6,1
2026-05-10 07:15:00,1,2,9,10,7,6,1
2026-05-10 07:30:00,1,2,0,8,7,6,1
2026-05-10 07:45:00,1,5,0,20,7,6,1
2026-05-10 08:00:00,1,5,0,25,8,6,1
2026-05-10 08:15:00,1,2,6,14,8,6,1
2026-05-10 08:30:00,1,3,3,18,8,6,1
2026-05-10 08:45:00,1,2,4,12,8,6,1
2026-05-10 09:00:00,1,3,20,12,9,6,7
2026-05-10 09:15:00,7,3,17,15,9,6,7
2026-05-10 09:30:00,7,4,15,20,9,6,3
2026-05-10 09:45:00,3,5,19,35,9,6,1
2026-05-10 10:00:00,1,2,8,10,10,6,1
2026-05-10 10:15:00,1,5,14,25,10,6,1
2026-05-10 10:30:00,1,4,14,28,10,6,1
2026-05-10 10:45:00,1,4,18,28,10,6,1
2026-05-10 11:00:00,1,5,12,35,11,6,1
2026-05-10 11:15:00,1,4,13,20,11,6,1
2026-05-10 11:30:00,1,3,24,12,11,6,10
2026-05-10 11:45:00,10,2,21,12,11,6,19
2026-05-10 12:00:00,19,2,17,14,12,6,23
2026-05-10 12:15:00,23,2,17,10,12,6,29
2026-05-10 12:30:00,29,2,19,12,12,6,37
2026-05-10 12:45:00,37,5,12,20,12,6,32
2026-05-10 13:00:00,32,3,22,21,13,6,35
2026-05-10 13:15:00,35,4,15,24,13,6,27
2026-05-10 13:30:00,27,2,8,14,13,6,22
2026-05-10 13:45:00,22,5,17,35,13,6,1
2026-05-10 14:00:00,1,5,13,30,14,6,1
2026-05-10 14:15:00,1,5,6,25,14,6,1
2026-05-10 14:30:00,1,2,10,8,14,6,8
2026-05-10 14:45:00,8,3,10,21,14,6,1
2026-05-10 15:00:00,1,2,13,14,15,6,1
2026-05-10 15:15:00,1,3,11,21,15,6,1
2026-05-10 15:30:00,1,5,12,25,15,6,1
2026-05-10 15:45:00,1,3,15,15,15,6,1
2026-05-10 16:00:00,1,3,15,21,16,6,1
2026-05-10 16:15:00,1,3,8,18,16,6,1
2026-05-10 16:30:00,1,5,15,25,16,6,1
2026-05-10 16:45:00,1,4,10,28,16,6,1
2026-05-10 17:00:00,1,5,13,25,17,6,1
2026-05-10 17:15:00,1,3,10,21,17,6,1
2026-05-10 17:30:00,1,4,17,24,17,6,1
2026-05-10 17:45:00,1,4,20,16,17,6,5
2026-05-10 18:00:00,5,5,11,30,18,6,1
2026-05-10 18:15:00,1,5,10,30,18,6,1
2026-05-10 18:30:00,1,2,15,10,18,6,6
2026-05-10 18:45:00,6,2,11,14,18,6,4
2026-05-10 19:00:00,4,2,14,8,19,6,11
2026-05-10 19:15:00,11,5,15,35,19,6,1
2026-05-10 19:30:00,1,4,9,20,19,6,1
2026-05-10 19:45:00,1,3,17,21,19,6,1
2026-05-10 20:00:00,1,3,1,12,20,6,1
2026-05-10 20:15:00,1,4,2,24,20,6,1
2026-05-10 20:30:00,1,3,5,21,20,6,1
2026-05-10 20:45:00,1,3,8,21,20,6,1
2026-05-10 21:00:00,1,3,12,21,21,6,1
2026-05-10 21:15:00,1,2,7,14,21,6,1
2026-05-10 21:30:00,1,5,8,35,21,6,1
2026-05-10 21:45:00,1,4,0,28,21,6,1
2026-05-10 22:00:00,1,4,8,20,22,6,1
2026-05-10 22:15:00,1,3,1,21,22,6,1
2026-05-10 22:30:00,1,4,6,28,22,6,1
2026-05-10 22:45:00,1,4,5,28,22,6,1
2026-05-10 23:00:00,1,4,6,28,23,6,1
2026-05-10 23:15:00,1,3,9,21,23,6,1
2026-05-10 23:30:00,1,2,7,10,23,6,1
2026-05-10 23:45:00,1,3,4,15,23,6,1
2026-05-11 00:00:00,1,4,0,20,0,0,1
2026-05-11 00:15:00,1,3,2,18,0,0,1
2026-05-11 00:30:00,1,4,8,20,0,0,1
2026-05-11 00:45:00,1,3,16,12,0,0,5
2026-05-11 01:00:00,5,2,13,14,1,0,3
2026-05-11 01:15:00,3,5,1,35,1,0,1
2026-05-11 01:30:00,1,4,11,20,1,0,1
2026-05-11 01:45:00,1,3,13,15,1,0,1
2026-05-11 02:00:00,1,2,11,10,2,0,2
2026-05-11 02:15:00,2,2,8,12,2,0,1
2026-05-11 02:30:00,1,4,8,16,2,0,1
2026-05-11 02:45:00,1,2,10,12,2,0,1
2026-05-11 03:00:00,1,3,7,15,3,0,1
2026-05-11 03:15:00,1,3,7,18,3,0,1
2026-05-11 03:30:00,1,4,10,16,3,0,1
2026-05-11 03:45:00,1,3,13,18,3,0,1
2026-05-11 04:00:00,1,3,8,12,4,0,1
2026-05-11 04:15:00,1,4,10,16,4,0,1
2026-05-11 04:30:00,1,2,5,8,4,0,1
2026-05-11 04:45:00,1,5,0,20,4,0,1
2026-05-11 05:00:00,1,2,8,10,5,0,1
2026-05-11 05:15:00,1,2,7,12,5,0,1
2026-05-11 05:30:00,1,4,5,24,5,0,1
2026-05-11 05:45:00,1,4,12,28,5,0,1
2026-05-11 06:00:00,1,3,4,18,6,0,1
2026-05-11 06:15:00,1,2,10,10,6,0,1
2026-05-11 06:30:00,1,4,4,16,6,0,1
2026-05-11 06:45:00,1,3,1,18,6,0,1
2026-05-11 07:00:00,1,4,13,24,7,0,1
2026-05-11 07:15:00,1,4,10,24,7,0,1
2026-05-11 07:30:00,1,5,9,35,7,0,1
2026-05-11 07:45:00,1,3,10,12,7,0,1
2026-05-11 08:00:00,1,3,12,18,8,0,1
2026-05-11 08:15:00,1,4,5,16,8,0,1
2026-05-11 08:30:00,1,4,13,20,8,0,1
2026-05-11 08:45:00,1,4,11,16,8,0,1
2026-05-11 09:00:00,1,4,22,16,9,0,9
2026-05-11 09:15:00,9,3,27,15,9,0,21
2026-05-11 09:30:00,21,4,14,24,9,0,12
2026-05-11 09:45:00,12,4,16,16,9,0,10
2026-05-11 10:00:00,10,5,22,20,10,0,15
2026-05-11 10:15:00,15,4,20,28,10,0,9
2026-05-11 10:30:00,9,5,15,20,10,0,3
2026-05-11 10:45:00,3,2,11,8,10,0,5
2026-05-11 11:00:00,5,3,20,18,11,0,8
2026-05-11 11:15:00,8,4,21,28,11,0,4
2026-05-11 11:30:00,4,3,16,18,11,0,2
2026-05-11 11:45:00,2,5,9,25,11,0,1
2026-05-11 12:00:00,1,4,10,28,12,0,1
2026-05-11 12:15:00,1,2,18,14,12,0,7
2026-05-11 12:30:00,7,4,24,28,12,0,6
2026-05-11 12:45:00,6,2,22,12,12,0,14
2026-05-11 13:00:00,14,4,17,24,13,0,5
2026-05-11 13:15:00,5,3,15,12,13,0,8
2026-05-11 13:30:00,8,3,19,21,13,0,6
2026-05-11 13:45:00,6,3,18,15,13,0,6
2026-05-11 14:00:00,6,5,16,30,14,0,1
2026-05-11 14:15:00,1,3,23,15,14,0,11
2026-05-11 14:30:00,11,5,15,30,14,0,1
2026-05-11 14:45:00,1,3,22,18,14,0,4
2026-05-11 15:00:00,4,5,19,20,15,0,1
2026-05-11 15:15:00,1,3,23,15,15,0,11
2026-05-11 15:30:00,11,2,24,10,15,0,27
2026-05-11 15:45:00,27,3,21,12,15,0,35
2026-05-11 16:00:00,35,4,25,20,16,0,38
2026-05-11 16:15:00,38,2,17,12,16,0,42
2026-05-11 16:30:00,42,4,21,16,16,0,51
2026-05-11 16:45:00,51,3,12,12,16,0,52
2026-05-11 17:00:00,52,2,9,12,17,0,47
2026-05-11 17:15:00,47,4,9,28,17,0,28
2026-05-11 17:30:00,28,5,10,35,17,0,2
2026-05-11 17:45:00,2,4,6,24,17,0,1
2026-05-11 18:00:00,1,5,18,25,18,0,1
2026-05-11 18:15:00,1,5,18,30,18,0,1
2026-05-11 18:30:00,1,3,14,12,18,0,1
2026-05-11 18:45:00,1,2,20,10,18,0,13
2026-05-11 19:00:00,13,3,14,12,19,0,13
2026-05-11 19:15:00,13,5,18,35,19,0,1
2026-05-11 19:30:00,1,2,19,14,19,0,5
2026-05-11 19:45:00,5,5,14,20,19,0,1
2026-05-11 20:00:00,1,4,8,28,20,0,1
2026-05-11 20:15:00,1,3,5,21,20,0,1
2026-05-11 20:30:00,1,3,7,18,20,0,1
2026-05-11 20:45:00,1,5,4,35,20,0,1
2026-05-11 21:00:00,1,5,1,30,21,0,1
2026-05-11 21:15:00,1,3,8,15,21,0,1
2026-05-11 21:30:00,1,5,11,25,21,0,1
2026-05-11 21:45:00,1,3,5,15,21,0,1
2026-05-11 22:00:00,1,2,17,12,22,0,6
2026-05-11 22:15:00,6,5,13,35,22,0,1
2026-05-11 22:30:00,1,5,13,20,22,0,1
2026-05-11 22:45:00,1,3,11,18,22,0,1
2026-05-11 23:00:00,1,3,12,12,23,0,5
2026-05-11 23:15:00,5,4,12,24,23,0,1
2026-05-11 23:30:00,1,5,8,20,23,0,1
2026-05-11 23:45:00,1,5,10,35,23,0,1
2026-05-12 00:00:00,1,2,12,14,0,1,1
2026-05-12 00:15:00,1,5,12,30,0,1,1
2026-05-12 00:30:00,1,3,2,18,0,1,1
2026-05-12 00:45:00,1,3,15,21,0,1,1
2026-05-12 01:00:00,1,5,2,30,1,1,1
2026-05-12 01:15:00,1,4,12,28,1,1,1
2026-05-12 01:30:00,1,3,4,21,1,1,1
2026-05-12 01:45:00,1,4,4,28,1,1,1
2026-05-12 02:00:00,1,2,10,12,2,1,2
2026-05-12 02:15:00,2,5,8,35,2,1,1
2026-05-12 02:30:00,1,3,2,21,2,1,1
2026-05-12 02:45:00,1,4,10,24,2,1,1
2026-05-12 03:00:00,1,5,8,20,3,1,1
2026-05-12 03:15:00,1,5,8,30,3,1,1
2026-05-12 03:30:00,1,2,0,12,3,1,1
2026-05-12 03:45:00,1,4,15,24,3,1,1
2026-05-12 04:00:00,1,3,13,18,4,1,1
2026-05-12 04:15:00,1,2,11,8,4,1,4
2026-05-12 04:30:00,4,3,12,21,4,1,1
2026-05-12 04:45:00,1,3,10,18,4,1,1
2026-05-12 05:00:00,1,5,4,30,5,1,1
2026-05-12 05:15:00,1,4,4,16,5,1,1
2026-05-12 05:30:00,1,2,13,14,5,1,1
2026-05-12 05:45:00,1,5,13,35,5,1,1
2026-05-12 06:00:00,1,2,3,12,6,1,1
2026-05-12 06:15:00,1,5,9,25,6,1,1
2026-05-12 06:30:00,1,2,3,12,6,1,1
2026-05-12 06:45:00,1,5,6,35,6,1,1
2026-05-12 07:00:00,1,2,11,12,7,1,1
2026-05-12 07:15:00,1,3,9,12,7,1,1
2026-05-12 07:30:00,1,4,12,20,7,1,1
2026-05-12 07:45:00,1,2,1,8,7,1,1
2026-05-12 08:00:00,1,4,14,24,8,1,1
2026-05-12 08:15:00,1,4,2,24,8,1,1
2026-05-12 08:30:00,1,3,12,15,8,1,1
2026-05-12 08:45:00,1,2,7,12,8,1,1
2026-05-12 09:00:00,1,3,27,15,9,1,12
2026-05-12 09:15:00,12,5,23,20,9,1,12
2026-05-12 09:30:00,12,2,19,10,9,1,19
2026-05-12 09:45:00,19,2,24,8,9,1,34
2026-05-12 10:00:00,34,2,11,12,10,1,35
2026-05-12 10:15:00,35,5,27,20,10,1,46
2026-05-12 10:30:00,46,4,24,16,10,1,55
2026-05-12 10:45:00,55,5,28,35,10,1,45
2026-05-12 11:00:00,45,5,22,30,11,1,40
2026-05-12 11:15:00,40,4,16,16,11,1,40
2026-05-12 11:30:00,40,5,11,30,11,1,21
2026-05-12 11:45:00,21,4,23,16,11,1,26
2026-05-12 12:00:00,26,3,15,15,12,1,26
2026-05-12 12:15:00,26,4,22,16,12,1,33
2026-05-12 12:30:00,33,3,22,18,12,1,34
2026-05-12 12:45:00,34,3,18,12,12,1,40
2026-05-12 13:00:00,40,2,12,8,13,1,42
2026-05-12 13:15:00,42,4,23,20,13,1,42
2026-05-12 13:30:00,42,5,20,35,13,1,29
2026-05-12 13:45:00,29,3,15,18,13,1,22
2026-05-12 14:00:00,22,5,19,30,14,1,4
2026-05-12 14:15:00,4,5,12,35,14,1,1
2026-05-12 14:30:00,1,2,13,10,14,1,6
2026-05-12 14:45:00,6,5,20,25,14,1,1
2026-05-12 15:00:00,1,2,22,10,15,1,11
2026-05-12 15:15:00,11,3,20,18,15,1,12
2026-05-12 15:30:00,12,4,19,24,15,1,6
2026-05-12 15:45:00,6,3,14,12,15,1,11
2026-05-12 16:00:00,11,2,16,12,16,1,12
2026-05-12 16:15:00,12,2,14,12,16,1,9
2026-05-12 16:30:00,9,4,19,28,16,1,3
2026-05-12 16:45:00,3,4,23,16,16,1,9
2026-05-12 17:00:00,9,2,12,12,17,1,11
2026-05-12 17:15:00,11,4,10,28,17,1,1
2026-05-12 17:30:00,1,2,18,8,17,1,10
2026-05-12 17:45:00,10,3,15,15,17,1,8
2026-05-12 18:00:00,8,4,6,28,18,1,1
2026-05-12 18:15:00,1,4,8,16,18,1,1
2026-05-12 18:30:00,1,4,8,28,18,1,1
2026-05-12 18:45:00,1,5,18,30,18,1,1
2026-05-12 19:00:00,1,4,11,24,19,1,1
2026-05-12 19:15:00,1,5,13,20,19,1,1
2026-05-12 19:30:00,1,2,13,12,19,1,1
2026-05-12 19:45:00,1,3,12,15,19,1,1
2026-05-12 20:00:00,1,5,6,25,20,1,1
2026-05-12 20:15:00,1,4,18,16,20,1,5
2026-05-12 20:30:00,5,3,10,12,20,1,1
2026-05-12 20:45:00,1,3,12,21,20,1,1
2026-05-12 21:00:00,1,5,1,30,21,1,1
2026-05-12 21:15:00,1,5,3,20,21,1,1
2026-05-12 21:30:00,1,4,13,20,21,1,1
2026-05-12 21:45:00,1,2,5,8,21,1,1
2026-05-12 22:00:00,1,2,4,8,22,1,1
2026-05-12 22:15:00,1,2,7,14,22,1,1
2026-05-12 22:30:00,1,3,6,21,22,1,1
2026-05-12 22:45:00,1,2,8,14,22,1,1
2026-05-12 23:00:00,1,3,1,21,23,1,1
2026-05-12 23:15:00,1,3,8,18,23,1,1
2026-05-12 23:30:00,1,2,7,10,23,1,1
2026-05-12 23:45:00,1,3,10,18,23,1,1
2026-05-13 00:00:00,1,2,7,14,0,2,1
2026-05-13 00:15:00,1,3,4,15,0,2,1
2026-05-13 00:30:00,1,4,9,20,0,2,1
2026-05-13 00:45:00,1,3,6,21,0,2,1
2026-05-13 01:00:00,1,3,12,15,1,2,1
2026-05-13 01:15:00,1,5,7,20,1,2,1
2026-05-13 01:30:00,1,2,14,8,1,2,7
2026-05-13 01:45:00,7,4,13,24,1,2,1
2026-05-13 02:00:00,1,5,7,35,2,2,1
2026-05-13 02:15:00,1,2,5,12,2,2,1
2026-05-13 02:30:00,1,5,7,25,2,2,1
2026-05-13 02:45:00,1,3,5,21,2,2,1
2026-05-13 03:00:00,1,3,8,21,3,2,1
2026-05-13 03:15:00,1,2,3,14,3,2,1
2026-05-13 03:30:00,1,4,12,16,3,2,1
2026-05-13 03:45:00,1,5,1,30,3,2,1
2026-05-13 04:00:00,1,2,9,12,4,2,1
2026-05-13 04:15:00,1,3,9,21,4,2,1
2026-05-13 04:30:00,1,5,9,25,4,2,1
2026-05-13 04:45:00,1,4,3,20,4,2,1
2026-05-13 05:00:00,1,5,6,35,5,2,1
2026-05-13 05:15:00,1,4,6,20,5,2,1
2026-05-13 05:30:00,1,3,7,18,5,2,1
2026-05-13 05:45:00,1,2,9,8,5,2,1
2026-05-13 06:00:00,1,3,7,21,6,2,1
2026-05-13 06:15:00,1,5,9,25,6,2,1
2026-05-13 06:30:00,1,4,12,28,6,2,1
2026-05-13 06:45:00,1,3,10,12,6,2,1
2026-05-13 07:00:00,1,3,10,12,7,2,1
2026-05-13 07:15:00,1,2,6,12,7,2,1
2026-05-13 07:30:00,1,2,8,8,7,2,1
2026-05-13 07:45:00,1,4,10,28,7,2,1
2026-05-13 08:00:00,1,3,9,18,8,2,1
2026-05-13 08:15:00,1,4,8,28,8,2,1
2026-05-13 08:30:00,1,5,5,20,8,2,1
2026-05-13 08:45:00,1,5,9,25,8,2,1
2026-05-13 09:00:00,1,3,22,21,9,2,3
2026-05-13 09:15:00,3,2,19,10,9,2,10
2026-05-13 09:30:00,10,4,19,20,9,2,12
2026-05-13 09:45:00,12,5,24,20,9,2,14
2026-05-13 10:00:00,14,2,13,14,10,2,11
2026-05-13 10:15:00,11,5,20,35,10,2,1
2026-05-13 10:30:00,1,2,30,14,10,2,17
2026-05-13 10:45:00,17,3,20,21,10,2,19
2026-05-13 11:00:00,19,2,25,10,11,2,36
2026-05-13 11:15:00,36,5,20,20,11,2,36
2026-05-13 11:30:00,36,3,21,12,11,2,46
2026-05-13 11:45:00,46,4,24,16,11,2,56
2026-05-13 12:00:00,56,5,17,35,12,2,34
2026-05-13 12:15:00,34,5,23,20,12,2,34
2026-05-13 12:30:00,34,4,18,20,12,2,34
2026-05-13 12:45:00,34,5,12,30,12,2,19
2026-05-13 13:00:00,19,5,20,25,13,2,13
2026-05-13 13:15:00,13,3,17,12,13,2,18
2026-05-13 13:30:00,18,5,21,30,13,2,12
2026-05-13 13:45:00,12,3,17,15,13,2,15
2026-05-13 14:00:00,15,2,15,8,14,2,23
2026-05-13 14:15:00,23,4,16,28,14,2,11
2026-05-13 14:30:00,11,5,20,25,14,2,10
2026-05-13 14:45:00,10,3,20,12,14,2,19
2026-05-13 15:00:00,19,3,12,18,15,2,11
2026-05-13 15:15:00,11,4,13,20,15,2,5
2026-05-13 15:30:00,5,2,20,8,15,2,17
2026-05-13 15:45:00,17,2,15,14,15,2,15
2026-05-13 16:00:00,15,5,18,25,16,2,6
2026-05-13 16:15:00,6,5,11,25,16,2,1
2026-05-13 16:30:00,1,4,21,28,16,2,1
2026-05-13 16:45:00,1,5,14,35,16,2,1
2026-05-13 17:00:00,1,4,23,28,17,2,1
2026-05-13 17:15:00,1,5,15,20,17,2,1
2026-05-13 17:30:00,1,5,12,25,17,2,1
2026-05-13 17:45:00,1,5,11,30,17,2,1
2026-05-13 18:00:00,1,4,14,20,18,2,1
2026-05-13 18:15:00,1,4,16,24,18,2,1
2026-05-13 18:30:00,1,3,11,21,18,2,1
2026-05-13 18:45:00,1,3,14,15,18,2,1
2026-05-13 19:00:00,1,2,17,12,19,2,6
2026-05-13 19:15:00,6,3,16,12,19,2,9
2026-05-13 19:30:00,9,4,25,16,19,2,15
2026-05-13 19:45:00,15,5,15,35,19,2,1
2026-05-13 20:00:00,1,5,0,35,20,2,1
2026-05-13 20:15:00,1,2,13,14,20,2,1
2026-05-13 20:30:00,1,3,10,21,20,2,1
2026-05-13 20:45:00,1,4,9,28,20,2,1
2026-05-13 21:00:00,1,2,9,8,21,2,5
2026-05-13 21:15:00,5,3,12,15,21,2,1
2026-05-13 21:30:00,1,2,12,14,21,2,1
2026-05-13 21:45:00,1,4,8,20,21,2,1
2026-05-13 22:00:00,1,5,11,35,22,2,1
2026-05-13 22:15:00,1,4,16,20,22,2,1
2026-05-13 22:30:00,1,3,5,21,22,2,1
2026-05-13 22:45:00,1,5,9,20,22,2,1
2026-05-13 23:00:00,1,4,4,28,23,2,1
2026-05-13 23:15:00,1,4,11,16,23,2,1
2026-05-13 23:30:00,1,4,11,28,23,2,1
2026-05-13 23:45:00,1,4,11,24,23,2,1
2026-05-14 00:00:00,1,2,8,8,0,3,1
2026-05-14 00:15:00,1,4,3,28,0,3,1
2026-05-14 00:30:00,1,5,12,20,0,3,1
2026-05-14 00:45:00,1,5,12,25,0,3,1
2026-05-14 01:00:00,1,3,13,21,1,3,1
2026-05-14 01:15:00,1,3,7,12,1,3,1
2026-05-14 01:30:00,1,3,3,21,1,3,1
2026-05-14 01:45:00,1,2,12,12,1,3,6
2026-05-14 02:00:00,6,5,9,25,2,3,1
2026-05-14 02:15:00,1,4,4,16,2,3,1
2026-05-14 02:30:00,1,4,12,28,2,3,1
2026-05-14 02:45:00,1,2,10,8,2,3,1
2026-05-14 03:00:00,1,5,7,30,3,3,1
2026-05-14 03:15:00,1,5,12,30,3,3,1
2026-05-14 03:30:00,1,4,12,16,3,3,1
2026-05-14 03:45:00,1,5,7,30,3,3,1
2026-05-14 04:00:00,1,2,4,8,4,3,1
2026-05-14 04:15:00,1,2,11,14,4,3,1
2026-05-14 04:30:00,1,5,10,20,4,3,1
2026-05-14 04:45:00,1,3,9,12,4,3,1
2026-05-14 05:00:00,1,4,8,28,5,3,1
2026-05-14 05:15:00,1,4,12,16,5,3,1
2026-05-14 05:30:00,1,2,8,12,5,3,1
2026-05-14 05:45:00,1,4,15,28,5,3,1
2026-05-14 06:00:00,1,2,4,10,6,3,1
2026-05-14 06:15:00,1,2,7,14,6,3,1
2026-05-14 06:30:00,1,5,8,35,6,3,1
2026-05-14 06:45:00,1,4,10,24,6,3,1
2026-05-14 07:00:00,1,5,10,35,7,3,1
2026-05-14 07:15:00,1,2,6,8,7,3,1
2026-05-14 07:30:00,1,5,5,30,7,3,1
2026-05-14 07:45:00,1,5,5,30,7,3,1
2026-05-14 08:00:00,1,2,4,8,8,3,1
2026-05-14 08:15:00,1,5,6,25,8,3,1
2026-05-14 08:30:00,1,4,6,16,8,3,1
2026-05-14 08:45:00,1,3,5,15,8,3,1
2026-05-14 09:00:00,1,2,25,10,9,3,15
2026-05-14 09:15:00,15,3,13,15,9,3,13
2026-05-14 09:30:00,13,5,16,30,9,3,1
2026-05-14 09:45:00,1,2,20,12,9,3,8
2026-05-14 10:00:00,8,4,18,24,10,3,1
2026-05-14 10:15:00,1,5,23,35,10,3,1
2026-05-14 10:30:00,1,4,27,16,10,3,16
2026-05-14 10:45:00,16,5,22,25,10,3,14
2026-05-14 11:00:00,14,3,21,12,11,3,22
2026-05-14 11:15:00,22,4,21,28,11,3,18
2026-05-14 11:30:00,18,4,26,16,11,3,29
2026-05-14 11:45:00,29,2,22,14,11,3,38
2026-05-14 12:00:00,38,2,27,12,12,3,53
2026-05-14 12:15:00,53,4,26,20,12,3,59
2026-05-14 12:30:00,59,2,17,14,12,3,61
2026-05-14 12:45:00,61,4,17,16,12,3,60
2026-05-14 13:00:00,60,5,19,35,13,3,46
2026-05-14 13:15:00,46,5,15,30,13,3,29
2026-05-14 13:30:00,29,3,18,21,13,3,28
2026-05-14 13:45:00,28,2,21,10,13,3,40
2026-05-14 14:00:00,40,3,18,12,14,3,44
2026-05-14 14:15:00,44,5,16,35,14,3,24
2026-05-14 14:30:00,24,5,14,20,14,3,17
2026-05-14 14:45:00,17,2,21,10,14,3,29
2026-05-14 15:00:00,29,4,20,24,15,3,22
2026-05-14 15:15:00,22,3,23,15,15,3,29
2026-05-14 15:30:00,29,2,20,10,15,3,39
2026-05-14 15:45:00,39,4,18,24,15,3,31
2026-05-14 16:00:00,31,3,15,21,16,3,22
2026-05-14 16:15:00,22,3,16,18,16,3,19
2026-05-14 16:30:00,19,3,19,15,16,3,23
2026-05-14 16:45:00,23,3,15,21,16,3,18
2026-05-14 17:00:00,18,3,17,18,17,3,21
2026-05-14 17:15:00,21,3,14,18,17,3,15
2026-05-14 17:30:00,15,4,12,24,17,3,2
2026-05-14 17:45:00,2,3,16,21,17,3,1
2026-05-14 18:00:00,1,3,15,18,18,3,1
2026-05-14 18:15:00,1,2,15,12,18,3,1
2026-05-14 18:30:00,1,4,18,20,18,3,1
2026-05-14 18:45:00,1,3,19,21,18,3,1
2026-05-14 19:00:00,1,3,8,21,19,3,1
2026-05-14 19:15:00,1,5,18,30,19,3,1
2026-05-14 19:30:00,1,5,19,30,19,3,1
2026-05-14 19:45:00,1,5,13,25,19,3,1
2026-05-14 20:00:00,1,5,6,30,20,3,1
2026-05-14 20:15:00,1,5,7,20,20,3,1
2026-05-14 20:30:00,1,2,9,10,20,3,1
2026-05-14 20:45:00,1,2,14,14,20,3,2
2026-05-14 21:00:00,2,2,10,8,21,3,1
2026-05-14 21:15:00,1,5,6,20,21,3,1
2026-05-14 21:30:00,1,4,10,20,21,3,1
2026-05-14 21:45:00,1,2,14,10,21,3,3
2026-05-14 22:00:00,3,4,5,20,22,3,1
2026-05-14 22:15:00,1,2,16,12,22,3,4
2026-05-14 22:30:00,4,2,8,10,22,3,2
2026-05-14 22:45:00,2,2,12,12,22,3,4
2026-05-14 23:00:00,4,2,11,10,23,3,5
2026-05-14 23:15:00,5,2,20,8,23,3,17
2026-05-14 23:30:00,17,5,14,25,23,3,5
2026-05-14 23:45:00,5,2,10,12,23,3,4
2026-05-15 00:00:00,4,2,11,8,0,4,8
2026-05-15 00:15:00,8,5,10,20,0,4,1
2026-05-15 00:30:00,1,4,10,16,0,4,1
2026-05-15 00:45:00,1,4,2,16,0,4,1
2026-05-15 01:00:00,1,2,13,12,1,4,5
2026-05-15 01:15:00,5,5,6,25,1,4,1
2026-05-15 01:30:00,1,5,8,30,1,4,1
2026-05-15 01:45:00,1,5,9,35,1,4,1
2026-05-15 02:00:00,1,4,3,28,2,4,1
2026-05-15 02:15:00,1,2,13,10,2,4,2
2026-05-15 02:30:00,2,4,5,20,2,4,1
2026-05-15 02:45:00,1,4,11,24,2,4,1
2026-05-15 03:00:00,1,3,11,12,3,4,1
2026-05-15 03:15:00,1,3,11,15,3,4,1
2026-05-15 03:30:00,1,4,7,20,3,4,1
2026-05-15 03:45:00,1,3,9,15,3,4,1
2026-05-15 04:00:00,1,5,3,20,4,4,1
2026-05-15 04:15:00,1,3,12,18,4,4,1
2026-05-15 04:30:00,1,5,4,20,4,4,1
2026-05-15 04:45:00,1,4,9,20,4,4,1
2026-05-15 05:00:00,1,4,0,16,5,4,1
2026-05-15 05:15:00,1,2,7,14,5,4,1
2026-05-15 05:30:00,1,4,18,24,5,4,1
2026-05-15 05:45:00,1,4,4,20,5,4,1
2026-05-15 06:00:00,1,5,8,30,6,4,1
2026-05-15 06:15:00,1,4,17,24,6,4,1
2026-05-15 06:30:00,1,4,12,16,6,4,1
2026-05-15 06:45:00,1,2,6,14,6,4,1
2026-05-15 07:00:00,1,2,13,8,7,4,3
2026-05-15 07:15:00,3,4,9,16,7,4,1
2026-05-15 07:30:00,1,2,5,12,7,4,1
2026-05-15 07:45:00,1,4,11,20,7,4,1
2026-05-15 08:00:00,1,3,13,21,8,4,1
2026-05-15 08:15:00,1,4,3,20,8,4,1
2026-05-15 08:30:00,1,5,11,20,8,4,1
2026-05-15 08:45:00,1,5,1,25,8,4,1
2026-05-15 09:00:00,1,5,23,30,9,4,1
2026-05-15 09:15:00,1,5,18,20,9,4,1
2026-05-15 09:30:00,1,2,19,14,9,4,3
2026-05-15 09:45:00,3,2,14,14,9,4,2
2026-05-15 10:00:00,2,2,28,14,10,4,13
2026-05-15 10:15:00,13,3,25,12,10,4,30
2026-05-15 10:30:00,30,2,19,14,10,4,37
2026-05-15 10:45:00,37,2,24,10,10,4,50
2026-05-15 11:00:00,50,3,17,15,11,4,52
2026-05-15 11:15:00,52,4,26,28,11,4,49
2026-05-15 11:30:00,49,3,24,12,11,4,61
2026-05-15 11:45:00,61,5,19,35,11,4,47
2026-05-15 12:00:00,47,4,22,20,12,4,49
2026-05-15 12:15:00,49,5,22,30,12,4,39
2026-05-15 12:30:00,39,5,25,20,12,4,41
2026-05-15 12:45:00,41,2,20,8,12,4,52
2026-05-15 13:00:00,52,2,18,10,13,4,60
2026-05-15 13:15:00,60,2,23,12,13,4,71
2026-05-15 13:30:00,71,2,20,14,13,4,76
2026-05-15 13:45:00,76,5,14,30,13,4,58
2026-05-15 14:00:00,58,5,18,20,14,4,57
2026-05-15 14:15:00,57,4,13,28,14,4,45
2026-05-15 14:30:00,45,4,19,20,14,4,44
2026-05-15 14:45:00,44,4,8,24,14,4,26
2026-05-15 15:00:00,26,4,9,20,15,4,15
2026-05-15 15:15:00,15,4,11,28,15,4,1
2026-05-15 15:30:00,1,5,17,30,15,4,1
2026-05-15 15:45:00,1,4,14,16,15,4,3
2026-05-15 16:00:00,3,5,17,35,16,4,1
2026-05-15 16:15:00,1,2,13,12,16,4,1
2026-05-15 16:30:00,1,3,14,15,16,4,2
2026-05-15 16:45:00,2,3,30,18,16,4,15
2026-05-15 17:00:00,15,2,16,10,17,4,20
2026-05-15 17:15:00,20,3,8,12,17,4,13
2026-05-15 17:30:00,13,4,17,16,17,4,16
2026-05-15 17:45:00,16,3,18,21,17,4,12
2026-05-15 18:00:00,12,4,19,28,18,4,1
2026-05-15 18:15:00,1,5,23,35,18,4,1
2026-05-15 18:30:00,1,2,11,12,18,4,3
2026-05-15 18:45:00,3,4,14,16,18,4,2
2026-05-15 19:00:00,2,3,13,15,19,4,1
2026-05-15 19:15:00,1,3,13,12,19,4,4
2026-05-15 19:30:00,4,3,20,12,19,4,14
2026-05-15 19:45:00,14,3,11,12,19,4,12
2026-05-15 20:00:00,12,4,7,16,20,4,5
2026-05-15 20:15:00,5,4,4,20,20,4,1
2026-05-15 20:30:00,1,2,5,14,20,4,1
2026-05-15 20:45:00,1,4,7,16,20,4,1
2026-05-15 21:00:00,1,4,9,24,21,4,1
2026-05-15 21:15:00,1,3,3,15,21,4,1
2026-05-15 21:30:00,1,5,8,35,21,4,1
2026-05-15 21:45:00,1,5,11,35,21,4,1
2026-05-15 22:00:00,1,4,11,24,22,4,1
2026-05-15 22:15:00,1,3,14,12,22,4,1
2026-05-15 22:30:00,1,3,17,21,22,4,1
2026-05-15 22:45:00,1,2,6,8,22,4,1
2026-05-15 23:00:00,1,5,9,20,23,4,1
2026-05-15 23:15:00,1,5,0,35,23,4,1
2026-05-15 23:30:00,1,5,14,30,23,4,1
2026-05-15 23:45:00,1,2,1,14,23,4,1
2026-05-16 00:00:00,1,2,12,14,0,5,1
2026-05-16 00:15:00,1,3,6,18,0,5,1
2026-05-16 00:30:00,1,4,6,20,0,5,1
2026-05-16 00:45:00,1,4,6,16,0,5,1
2026-05-16 01:00:00,1,3,6,21,1,5,1
2026-05-16 01:15:00,1,5,2,25,1,5,1
2026-05-16 01:30:00,1,5,2,30,1,5,1
2026-05-16 01:45:00,1,5,6,25,1,5,1
2026-05-16 02:00:00,1,5,3,35,2,5,1
2026-05-16 02:15:00,1,4,5,16,2,5,1
2026-05-16 02:30:00,1,3,1,15,2,5,1
2026-05-16 02:45:00,1,5,6,35,2,5,1
2026-05-16 03:00:00,1,2,7,8,3,5,1
2026-05-16 03:15:00,1,5,3,35,3,5,1
2026-05-16 03:30:00,1,4,1,28,3,5,1
2026-05-16 03:45:00,1,3,7,18,3,5,1
2026-05-16 04:00:00,1,2,3,14,4,5,1
2026-05-16 04:15:00,1,3,8,21,4,5,1
2026-05-16 04:30:00,1,3,12,15,4,5,1
2026-05-16 04:45:00,1,3,1,18,4,5,1
2026-05-16 05:00:00,1,2,2,12,5,5,1
2026-05-16 05:15:00,1,3,5,15,5,5,1
2026-05-16 05:30:00,1,3,4,15,5,5,1
2026-05-16 05:45:00,1,3,11,18,5,5,1
2026-05-16 06:00:00,1,4,7,20,6,5,1
2026-05-16 06:15:00,1,2,5,8,6,5,1
2026-05-16 06:30:00,1,5,3,20,6,5,1
2026-05-16 06:45:00,1,4,0,20,6,5,1
2026-05-16 07:00:00,1,2,3,8,7,5,1
2026-05-16 07:15:00,1,2,6,14,7,5,1
2026-05-16 07:30:00,1,4,0,20,7,5,1
2026-05-16 07:45:00,1,5,3,25,7,5,1
2026-05-16 08:00:00,1,3,9,15,8,5,1
2026-05-16 08:15:00,1,2,2,12,8,5,1
2026-05-16 08:30:00,1,3,7,12,8,5,1
2026-05-16 08:45:00,1,5,9,35,8,5,1
2026-05-16 09:00:00,1,3,11,18,9,5,1
2026-05-16 09:15:00,1,5,16,25,9,5,1
2026-05-16 09:30:00,1,3,22,21,9,5,1
2026-05-16 09:45:00,1,2,19,8,9,5,10
2026-05-16 10:00:00,10,4,16,20,10,5,3
2026-05-16 10:15:00,3,5,20,20,10,5,5
2026-05-16 10:30:00,5,2,22,12,10,5,15
2026-05-16 10:45:00,15,5,17,30,10,5,1
2026-05-16 11:00:00,1,4,12,28,11,5,1
2026-05-16 11:15:00,1,5,20,30,11,5,1
2026-05-16 11:30:00,1,4,20,16,11,5,3
2026-05-16 11:45:00,3,5,15,30,11,5,1
2026-05-16 12:00:00,1,4,22,28,12,5,1
2026-05-16 12:15:00,1,4,11,24,12,5,1
2026-05-16 12:30:00,1,5,16,30,12,5,1
2026-05-16 12:45:00,1,4,21,20,12,5,1
2026-05-16 13:00:00,1,3,15,15,13,5,1
2026-05-16 13:15:00,1,5,23,20,13,5,1
2026-05-16 13:30:00,1,3,15,21,13,5,1
2026-05-16 13:45:00,1,3,13,15,13,5,1
2026-05-16 14:00:00,1,4,9,20,14,5,1
2026-05-16 14:15:00,1,3,9,15,14,5,1
2026-05-16 14:30:00,1,4,9,24,14,5,1
2026-05-16 14:45:00,1,5,7,25,14,5,1
2026-05-16 15:00:00,1,4,12,28,15,5,1
2026-05-16 15:15:00,1,3,13,21,15,5,1
2026-05-16 15:30:00,1,5,15,35,15,5,1
2026-05-16 15:45:00,1,4,13,28,15,5,1
2026-05-16 16:00:00,1,3,15,18,16,5,1
2026-05-16 16:15:00,1,2,12,14,16,5,1
2026-05-16 16:30:00,1,3,24,12,16,5,12
2026-05-16 16:45:00,12,3,15,21,16,5,8
2026-05-16 17:00:00,8,5,15,35,17,5,1
2026-05-16 17:15:00,1,2,11,10,17,5,2
2026-05-16 17:30:00,2,4,11,20,17,5,1
2026-05-16 17:45:00,1,5,12,30,17,5,1
2026-05-16 18:00:00,1,2,17,14,18,5,1
2026-05-16 18:15:00,1,3,6,21,18,5,1
2026-05-16 18:30:00,1,2,16,8,18,5,6
2026-05-16 18:45:00,6,2,16,8,18,5,12
2026-05-16 19:00:00,12,5,13,30,19,5,1
2026-05-16 19:15:00,1,3,11,12,19,5,1
2026-05-16 19:30:00,1,3,9,18,19,5,1
2026-05-16 19:45:00,1,2,13,14,19,5,1
2026-05-16 20:00:00,1,2,11,12,20,5,3
2026-05-16 20:15:00,3,2,3,8,20,5,1
2026-05-16 20:30:00,1,4,7,20,20,5,1
2026-05-16 20:45:00,1,3,3,21,20,5,1
2026-05-16 21:00:00,1,3,5,15,21,5,1
2026-05-16 21:15:00,1,2,14,14,21,5,1
2026-05-16 21:30:00,1,5,3,30,21,5,1
2026-05-16 21:45:00,1,4,1,16,21,5,1
2026-05-16 22:00:00,1,5,7,25,22,5,1
2026-05-16 22:15:00,1,5,0,35,22,5,1
2026-05-16 22:30:00,1,3,0,18,22,5,1
2026-05-16 22:45:00,1,5,0,20,22,5,1
2026-05-16 23:00:00,1,4,5,28,23,5,1
2026-05-16 23:15:00,1,2,5,12,23,5,1
2026-05-16 23:30:00,1,5,0,20,23,5,1
2026-05-16 23:45:00,1,5,3,30,23,5,1
2026-05-17 00:00:00,1,4,8,24,0,6,1
2026-05-17 00:15:00,1,2,1,10,0,6,1
2026-05-17 00:30:00,1,2,7,10,0,6,2
2026-05-17 00:45:00,2,4,6,16,0,6,1
2026-05-17 01:00:00,1,3,9,18,1,6,1
2026-05-17 01:15:00,1,3,12,21,1,6,1
2026-05-17 01:30:00,1,3,6,18,1,6,1
2026-05-17 01:45:00,1,2,7,14,1,6,1
2026-05-17 02:00:00,1,4,3,28,2,6,1
2026-05-17 02:15:00,1,2,0,8,2,6,1
2026-05-17 02:30:00,1,3,4,21,2,6,1
2026-05-17 02:45:00,1,3,1,15,2,6,1
2026-05-17 03:00:00,1,4,3,28,3,6,1
2026-05-17 03:15:00,1,3,3,21,3,6,1
2026-05-17 03:30:00,1,3,4,18,3,6,1
2026-05-17 03:45:00,1,2,1,8,3,6,1
2026-05-17 04:00:00,1,4,9,28,4,6,1
2026-05-17 04:15:00,1,5,8,20,4,6,1
2026-05-17 04:30:00,1,5,9,30,4,6,1
2026-05-17 04:45:00,1,4,12,28,4,6,1
2026-05-17 05:00:00,1,3,10,18,5,6,1
2026-05-17 05:15:00,1,3,0,21,5,6,1
2026-05-17 05:30:00,1,2,7,14,5,6,1
2026-05-17 05:45:00,1,2,0,12,5,6,1
2026-05-17 06:00:00,1,3,8,12,6,6,1
2026-05-17 06:15:00,1,3,6,18,6,6,1
2026-05-17 06:30:00,1,3,4,15,6,6,1
2026-05-17 06:45:00,1,5,7,25,6,6,1
2026-05-17 07:00:00,1,3,6,15,7,6,1
2026-05-17 07:15:00,1,3,10,18,7,6,1
2026-05-17 07:30:00,1,4,0,28,7,6,1
2026-05-17 07:45:00,1,3,0,15,7,6,1
2026-05-17 08:00:00,1,4,5,28,8,6,1
2026-05-17 08:15:00,1,4,0,20,8,6,1
2026-05-17 08:30:00,1,5,8,35,8,6,1
2026-05-17 08:45:00,1,2,2,10,8,6,1
2026-05-17 09:00:00,1,3,24,12,9,6,13
2026-05-17 09:15:00,13,4,15,28,9,6,1
2026-05-17 09:30:00,1,4,21,24,9,6,1
2026-05-17 09:45:00,1,2,15,8,9,6,10
2026-05-17 10:00:00,10,2,15,8,10,6,16
2026-05-17 10:15:00,16,2,17,14,10,6,18
2026-05-17 10:30:00,18,4,17,20,10,6,11
2026-05-17 10:45:00,11,5,17,20,10,6,5
2026-05-17 11:00:00,5,4,15,24,11,6,1
2026-05-17 11:15:00,1,2,8,14,11,6,1
2026-05-17 11:30:00,1,4,22,20,11,6,5
2026-05-17 11:45:00,5,5,19,20,11,6,4
2026-05-17 12:00:00,4,4,17,20,12,6,1
2026-05-17 12:15:00,1,5,13,30,12,6,1
2026-05-17 12:30:00,1,5,16,35,12,6,1
2026-05-17 12:45:00,1,4,15,16,12,6,1
2026-05-17 13:00:00,1,3,17,12,13,6,5
2026-05-17 13:15:00,5,5,16,35,13,6,1
2026-05-17 13:30:00,1,5,9,35,13,6,1
2026-05-17 13:45:00,1,3,11,12,13,6,1
2026-05-17 14:00:00,1,4,12,16,14,6,1
2026-05-17 14:15:00,1,5,15,25,14,6,1
2026-05-17 14:30:00,1,3,11,21,14,6,1
2026-05-17 14:45:00,1,5,21,20,14,6,1
2026-05-17 15:00:00,1,5,14,25,15,6,1
2026-05-17 15:15:00,1,2,5,14,15,6,1
2026-05-17 15:30:00,1,3,9,18,15,6,1
2026-05-17 15:45:00,1,5,20,20,15,6,1
2026-05-17 16:00:00,1,3,12,15,16,6,3
2026-05-17 16:15:00,3,5,14,30,16,6,1
2026-05-17 16:30:00,1,5,16,35,16,6,1
2026-05-17 16:45:00,1,2,17,14,16,6,4
2026-05-17 17:00:00,4,3,9,12,17,6,3
2026-05-17 17:15:00,3,4,10,24,17,6,1
2026-05-17 17:30:00,1,3,17,18,17,6,1
2026-05-17 17:45:00,1,4,8,24,17,6,1
2026-05-17 18:00:00,1,3,8,21,18,6,1
2026-05-17 18:15:00,1,5,13,25,18,6,1
2026-05-17 18:30:00,1,4,15,16,18,6,1
2026-05-17 18:45:00,1,3,11,12,18,6,1
2026-05-17 19:00:00,1,4,10,28,19,6,1
2026-05-17 19:15:00,1,2,6,10,19,6,1
2026-05-17 19:30:00,1,4,9,16,19,6,1
2026-05-17 19:45:00,1,4,11,16,19,6,1
2026-05-17 20:00:00,1,5,3,25,20,6,1
2026-05-17 20:15:00,1,5,4,30,20,6,1
2026-05-17 20:30:00,1,3,8,15,20,6,1
2026-05-17 20:45:00,1,5,10,35,20,6,1
2026-05-17 21:00:00,1,2,11,8,21,6,4
2026-05-17 21:15:00,4,3,12,21,21,6,1
2026-05-17 21:30:00,1,3,1,21,21,6,1
2026-05-17 21:45:00,1,3,3,18,21,6,1
2026-05-17 22:00:00,1,4,8,20,22,6,1
2026-05-17 22:15:00,1,2,6,10,22,6,1
2026-05-17 22:30:00,1,5,4,35,22,6,1
2026-05-17 22:45:00,1,5,3,25,22,6,1
2026-05-17 23:00:00,1,4,8,16,23,6,1
2026-05-17 23:15:00,1,4,9,28,23,6,1
2026-05-17 23:30:00,1,5,3,35,23,6,1
2026-05-17 23:45:00,1,5,3,35,23,6,1
2026-05-18 00:00:00,1,4,13,16,0,0,1
2026-05-18 00:15:00,1,4,10,16,0,0,1
2026-05-18 00:30:00,1,4,9,28,0,0,1
2026-05-18 00:45:00,1,2,1,8,0,0,1
2026-05-18 01:00:00,1,2,9,8,1,0,3
2026-05-18 01:15:00,3,2,10,12,1,0,5
2026-05-18 01:30:00,5,5,8,20,1,0,1
2026-05-18 01:45:00,1,4,5,16,1,0,1
2026-05-18 02:00:00,1,2,9,10,2,0,1
2026-05-18 02:15:00,1,4,5,28,2,0,1
2026-05-18 02:30:00,1,2,8,12,2,0,1
2026-05-18 02:45:00,1,3,2,12,2,0,1
2026-05-18 03:00:00,1,4,11,16,3,0,1
2026-05-18 03:15:00,1,3,5,21,3,0,1
2026-05-18 03:30:00,1,2,7,14,3,0,1
2026-05-18 03:45:00,1,2,7,8,3,0,1
2026-05-18 04:00:00,1,5,10,20,4,0,1
2026-05-18 04:15:00,1,3,12,12,4,0,3
2026-05-18 04:30:00,3,5,6,20,4,0,1
2026-05-18 04:45:00,1,5,4,20,4,0,1
2026-05-18 05:00:00,1,2,9,8,5,0,2
2026-05-18 05:15:00,2,3,8,15,5,0,1
2026-05-18 05:30:00,1,4,4,20,5,0,1
2026-05-18 05:45:00,1,3,6,12,5,0,1
2026-05-18 06:00:00,1,4,14,16,6,0,1
2026-05-18 06:15:00,1,3,11,12,6,0,1
2026-05-18 06:30:00,1,4,13,28,6,0,1
2026-05-18 06:45:00,1,3,9,21,6,0,1
2026-05-18 07:00:00,1,3,17,18,7,0,1
2026-05-18 07:15:00,1,3,11,15,7,0,1
2026-05-18 07:30:00,1,5,8,20,7,0,1
2026-05-18 07:45:00,1,4,10,24,7,0,1
2026-05-18 08:00:00,1,4,14,16,8,0,1
2026-05-18 08:15:00,1,5,14,35,8,0,1
2026-05-18 08:30:00,1,3,11,21,8,0,1
2026-05-18 08:45:00,1,5,7,25,8,0,1
2026-05-18 09:00:00,1,5,21,25,9,0,1
2026-05-18 09:15:00,1,2,14,8,9,0,4
2026-05-18 09:30:00,4,3,20,12,9,0,11
2026-05-18 09:45:00,11,4,10,28,9,0,1
2026-05-18 10:00:00,1,5,24,35,10,0,1
2026-05-18 10:15:00,1,2,25,14,10,0,14
2026-05-18 10:30:00,14,4,26,24,10,0,18
2026-05-18 10:45:00,18,3,23,21,10,0,16
2026-05-18 11:00:00,16,2,17,14,11,0,18
2026-05-18 11:15:00,18,4,24,28,11,0,12
2026-05-18 11:30:00,12,5,23,35,11,0,1
2026-05-18 11:45:00,1,4,18,24,11,0,1
2026-05-18 12:00:00,1,4,20,28,12,0,1
2026-05-18 12:15:00,1,5,19,25,12,0,1
2026-05-18 12:30:00,1,4,20,28,12,0,1
2026-05-18 12:45:00,1,5,19,35,12,0,1
2026-05-18 13:00:00,1,3,22,15,13,0,10
2026-05-18 13:15:00,10,3,10,21,13,0,1
2026-05-18 13:30:00,1,3,25,12,13,0,11
2026-05-18 13:45:00,11,3,22,12,13,0,21
2026-05-18 14:00:00,21,3,16,18,14,0,19
2026-05-18 14:15:00,19,3,15,18,14,0,11
2026-05-18 14:30:00,11,3,14,12,14,0,14
2026-05-18 14:45:00,14,5,21,25,14,0,8
2026-05-18 15:00:00,8,3,20,15,15,0,11
2026-05-18 15:15:00,11,2,15,10,15,0,13
2026-05-18 15:30:00,13,3,25,12,15,0,25
2026-05-18 15:45:00,25,5,22,20,15,0,25
2026-05-18 16:00:00,25,3,17,18,16,0,23
2026-05-18 16:15:00,23,4,22,24,16,0,19
2026-05-18 16:30:00,19,4,19,16,16,0,24
2026-05-18 16:45:00,24,5,13,25,16,0,10
2026-05-18 17:00:00,10,2,11,12,17,0,11
2026-05-18 17:15:00,11,2,10,12,17,0,9
2026-05-18 17:30:00,9,2,11,14,17,0,8
2026-05-18 17:45:00,8,2,13,10,17,0,10
2026-05-18 18:00:00,10,3,20,15,18,0,13
2026-05-18 18:15:00,13,2,15,12,18,0,14
2026-05-18 18:30:00,14,3,19,21,18,0,10
2026-05-18 18:45:00,10,3,13,18,18,0,6
2026-05-18 19:00:00,6,4,15,24,19,0,1
2026-05-18 19:15:00,1,3,21,15,19,0,7
2026-05-18 19:30:00,7,4,15,24,19,0,1
2026-05-18 19:45:00,1,2,13,8,19,0,1
2026-05-18 20:00:00,1,5,4,35,20,0,1
2026-05-18 20:15:00,1,3,3,21,20,0,1
2026-05-18 20:30:00,1,5,12,30,20,0,1
2026-05-18 20:45:00,1,3,10,12,20,0,1
2026-05-18 21:00:00,1,4,5,28,21,0,1
2026-05-18 21:15:00,1,2,17,8,21,0,8
2026-05-18 21:30:00,8,3,12,15,21,0,6
2026-05-18 21:45:00,6,4,6,20,21,0,1
2026-05-18 22:00:00,1,2,15,12,22,0,3
2026-05-18 22:15:00,3,5,8,30,22,0,1
2026-05-18 22:30:00,1,5,12,30,22,0,1
2026-05-18 22:45:00,1,2,8,8,22,0,1
2026-05-18 23:00:00,1,2,11,8,23,0,1
2026-05-18 23:15:00,1,5,5,20,23,0,1
2026-05-18 23:30:00,1,2,13,8,23,0,7
2026-05-18 23:45:00,7,5,5,35,23,0,1
2026-05-19 00:00:00,1,2,11,14,0,1,1
2026-05-19 00:15:00,1,2,8,8,0,1,1
2026-05-19 00:30:00,1,3,12,12,0,1,1
2026-05-19 00:45:00,1,4,18,24,0,1,1
2026-05-19 01:00:00,1,5,12,35,1,1,1
2026-05-19 01:15:00,1,5,17,20,1,1,1
2026-05-19 01:30:00,1,2,8,8,1,1,1
2026-05-19 01:45:00,1,5,9,20,1,1,1
2026-05-19 02:00:00,1,4,12,24,2,1,1
2026-05-19 02:15:00,1,2,11,14,2,1,1
2026-05-19 02:30:00,1,4,11,20,2,1,1
2026-05-19 02:45:00,1,5,5,25,2,1,1
2026-05-19 03:00:00,1,2,8,14,3,1,1
2026-05-19 03:15:00,1,5,7,20,3,1,1
2026-05-19 03:30:00,1,2,15,8,3,1,8
2026-05-19 03:45:00,8,5,11,25,3,1,1
2026-05-19 04:00:00,1,4,12,28,4,1,1
2026-05-19 04:15:00,1,2,9,12,4,1,1
2026-05-19 04:30:00,1,5,8,30,4,1,1
2026-05-19 04:45:00,1,5,11,20,4,1,1
2026-05-19 05:00:00,1,3,7,18,5,1,1
2026-05-19 05:15:00,1,3,8,12,5,1,1
2026-05-19 05:30:00,1,3,15,12,5,1,1
2026-05-19 05:45:00,1,5,7,25,5,1,1
2026-05-19 06:00:00,1,5,14,30,6,1,1
2026-05-19 06:15:00,1,2,8,10,6,1,1
2026-05-19 06:30:00,1,5,10,35,6,1,1
2026-05-19 06:45:00,1,5,5,20,6,1,1
2026-05-19 07:00:00,1,4,10,24,7,1,1
2026-05-19 07:15:00,1,5,15,30,7,1,1
2026-05-19 07:30:00,1,2,10,12,7,1,1
2026-05-19 07:45:00,1,2,10,12,7,1,1
2026-05-19 08:00:00,1,5,6,20,8,1,1
2026-05-19 08:15:00,1,3,6,12,8,1,1
2026-05-19 08:30:00,1,5,10,35,8,1,1
2026-05-19 08:45:00,1,4,7,24,8,1,1
2026-05-19 09:00:00,1,5,15,25,9,1,1
2026-05-19 09:15:00,1,2,24,10,9,1,17
2026-05-19 09:30:00,17,3,16,18,9,1,12
2026-05-19 09:45:00,12,5,24,20,9,1,17
2026-05-19 10:00:00,17,3,17,12,10,1,23
2026-05-19 10:15:00,23,4,19,20,10,1,22
2026-05-19 10:30:00,22,2,21,8,10,1,37
2026-05-19 10:45:00,37,5,27,30,10,1,34
2026-05-19 11:00:00,34,3,19,21,11,1,32
2026-05-19 11:15:00,32,5,15,35,11,1,12
2026-05-19 11:30:00,12,3,20,18,11,1,12
2026-05-19 11:45:00,12,4,24,24,11,1,14
2026-05-19 12:00:00,14,2,26,8,12,1,35
2026-05-19 12:15:00,35,4,17,28,12,1,24
2026-05-19 12:30:00,24,2,34,14,12,1,45
2026-05-19 12:45:00,45,5,20,25,12,1,43
2026-05-19 13:00:00,43,5,15,35,13,1,22
2026-05-19 13:15:00,22,2,15,10,13,1,28
2026-05-19 13:30:00,28,5,7,30,13,1,4
2026-05-19 13:45:00,4,4,22,28,13,1,1
2026-05-19 14:00:00,1,2,20,14,14,1,6
2026-05-19 14:15:00,6,5,12,20,14,1,1
2026-05-19 14:30:00,1,2,20,10,14,1,10
2026-05-19 14:45:00,10,3,16,15,14,1,13
2026-05-19 15:00:00,13,3,14,21,15,1,8
2026-05-19 15:15:00,8,3,22,18,15,1,13
2026-05-19 15:30:00,13,3,19,18,15,1,14
2026-05-19 15:45:00,14,4,20,20,15,1,13
2026-05-19 16:00:00,13,4,15,20,16,1,7
2026-05-19 16:15:00,7,4,23,28,16,1,1
2026-05-19 16:30:00,1,3,21,18,16,1,6
2026-05-19 16:45:00,6,2,17,12,16,1,11
2026-05-19 17:00:00,11,2,17,14,17,1,14
2026-05-19 17:15:00,14,2,11,8,17,1,14
2026-05-19 17:30:00,14,5,14,25,17,1,1
2026-05-19 17:45:00,1,4,12,28,17,1,1
2026-05-19 18:00:00,1,4,16,16,18,1,1
2026-05-19 18:15:00,1,4,11,28,18,1,1
2026-05-19 18:30:00,1,4,14,28,18,1,1
2026-05-19 18:45:00,1,5,16,35,18,1,1
2026-05-19 19:00:00,1,2,14,12,19,1,2
2026-05-19 19:15:00,2,2,14,8,19,1,7
2026-05-19 19:30:00,7,3,16,15,19,1,8
2026-05-19 19:45:00,8,3,11,21,19,1,1
2026-05-19 20:00:00,1,4,15,16,20,1,1
2026-05-19 20:15:00,1,2,8,10,20,1,1
2026-05-19 20:30:00,1,3,14,12,20,1,1
2026-05-19 20:45:00,1,4,9,24,20,1,1
2026-05-19 21:00:00,1,4,8,24,21,1,1
2026-05-19 21:15:00,1,5,7,20,21,1,1
2026-05-19 21:30:00,1,2,6,10,21,1,1
2026-05-19 21:45:00,1,4,10,24,21,1,1
2026-05-19 22:00:00,1,3,7,21,22,1,1
2026-05-19 22:15:00,1,3,13,15,22,1,1
2026-05-19 22:30:00,1,5,17,25,22,1,1
2026-05-19 22:45:00,1,5,8,35,22,1,1
2026-05-19 23:00:00,1,4,4,20,23,1,1
2026-05-19 23:15:00,1,2,6,12,23,1,1
2026-05-19 23:30:00,1,3,4,15,23,1,1
2026-05-19 23:45:00,1,4,10,16,23,1,1
2026-05-20 00:00:00,1,5,7,20,0,2,1
2026-05-20 00:15:00,1,3,15,12,0,2,5
2026-05-20 00:30:00,5,2,2,8,0,2,1
2026-05-20 00:45:00,1,5,2,35,0,2,1
2026-05-20 01:00:00,1,2,12,12,1,2,1
2026-05-20 01:15:00,1,4,7,28,1,2,1
2026-05-20 01:30:00,1,5,7,20,1,2,1
2026-05-20 01:45:00,1,2,1,14,1,2,1
2026-05-20 02:00:00,1,5,3,35,2,2,1
2026-05-20 02:15:00,1,3,7,21,2,2,1
2026-05-20 02:30:00,1,2,14,8,2,2,3
2026-05-20 02:45:00,3,4,10,16,2,2,1
2026-05-20 03:00:00,1,2,9,10,3,2,1
2026-05-20 03:15:00,1,5,18,30,3,2,1
2026-05-20 03:30:00,1,2,10,10,3,2,1
2026-05-20 03:45:00,1,4,7,28,3,2,1
2026-05-20 04:00:00,1,4,15,28,4,2,1
2026-05-20 04:15:00,1,3,11,18,4,2,1
2026-05-20 04:30:00,1,2,8,10,4,2,1
2026-05-20 04:45:00,1,5,13,25,4,2,1
2026-05-20 05:00:00,1,5,5,20,5,2,1
2026-05-20 05:15:00,1,3,8,18,5,2,1
2026-05-20 05:30:00,1,2,9,8,5,2,1
2026-05-20 05:45:00,1,3,1,18,5,2,1
2026-05-20 06:00:00,1,2,12,14,6,2,3
2026-05-20 06:15:00,3,4,10,20,6,2,1
2026-05-20 06:30:00,1,4,6,28,6,2,1
2026-05-20 06:45:00,1,3,3,18,6,2,1
2026-05-20 07:00:00,1,4,7,20,7,2,1
2026-05-20 07:15:00,1,2,7,14,7,2,1
2026-05-20 07:30:00,1,3,9,12,7,2,1
2026-05-20 07:45:00,1,2,15,12,7,2,5
2026-05-20 08:00:00,5,3,3,18,8,2,1
2026-05-20 08:15:00,1,5,3,35,8,2,1
2026-05-20 08:30:00,1,3,15,12,8,2,5
2026-05-20 08:45:00,5,2,2,14,8,2,1
2026-05-20 09:00:00,1,2,21,12,9,2,10
2026-05-20 09:15:00,10,3,23,15,9,2,17
2026-05-20 09:30:00,17,4,20,20,9,2,12
2026-05-20 09:45:00,12,3,22,18,9,2,15
2026-05-20 10:00:00,15,3,20,12,10,2,23
2026-05-20 10:15:00,23,2,27,8,10,2,41
2026-05-20 10:30:00,41,5,22,20,10,2,47
2026-05-20 10:45:00,47,4,28,16,10,2,57
2026-05-20 11:00:00,57,2,21,14,11,2,63
2026-05-20 11:15:00,63,3,12,12,11,2,62
2026-05-20 11:30:00,62,4,24,24,11,2,60
2026-05-20 11:45:00,60,3,24,18,11,2,66
2026-05-20 12:00:00,66,5,26,25,12,2,68
2026-05-20 12:15:00,68,3,19,12,12,2,75
2026-05-20 12:30:00,75,5,16,20,12,2,70
2026-05-20 12:45:00,70,2,22,14,12,2,76
2026-05-20 13:00:00,76,3,15,18,13,2,73
2026-05-20 13:15:00,73,2,25,12,13,2,84
2026-05-20 13:30:00,84,3,21,18,13,2,88
2026-05-20 13:45:00,88,3,17,21,13,2,83
2026-05-20 14:00:00,83,5,19,35,14,2,70
2026-05-20 14:15:00,70,4,19,24,14,2,65
2026-05-20 14:30:00,65,2,15,8,14,2,74
2026-05-20 14:45:00,74,4,18,16,14,2,76
2026-05-20 15:00:00,76,3,16,15,15,2,78
2026-05-20 15:15:00,78,5,22,25,15,2,78
2026-05-20 15:30:00,78,2,16,8,15,2,85
2026-05-20 15:45:00,85,2,18,12,15,2,93
2026-05-20 16:00:00,93,3,17,15,16,2,98
2026-05-20 16:15:00,98,2,14,8,16,2,100
2026-05-20 16:30:00,100,5,16,30,16,2,85
2026-05-20 16:45:00,85,4,19,20,16,2,85
2026-05-20 17:00:00,85,4,8,28,17,2,63
2026-05-20 17:15:00,63,5,15,25,17,2,51
2026-05-20 17:30:00,51,3,12,18,17,2,46
2026-05-20 17:45:00,46,4,12,16,17,2,41
2026-05-20 18:00:00,41,3,20,12,18,2,51
2026-05-20 18:15:00,51,3,16,18,18,2,50
2026-05-20 18:30:00,50,5,18,25,18,2,41
2026-05-20 18:45:00,41,3,13,18,18,2,34
2026-05-20 19:00:00,34,4,10,16,19,2,25
2026-05-20 19:15:00,25,2,18,14,19,2,30
2026-05-20 19:30:00,30,2,7,10,19,2,27
2026-05-20 19:45:00,27,5,11,30,19,2,8
2026-05-20 20:00:00,8,4,5,28,20,2,1
2026-05-20 20:15:00,1,4,6,20,20,2,1
2026-05-20 20:30:00,1,4,8,24,20,2,1
2026-05-20 20:45:00,1,2,5,12,20,2,1
2026-05-20 21:00:00,1,4,10,16,21,2,1
2026-05-20 21:15:00,1,2,9,8,21,2,2
2026-05-20 21:30:00,2,2,3,10,21,2,1
2026-05-20 21:45:00,1,5,12,20,21,2,1
2026-05-20 22:00:00,1,5,4,20,22,2,1
2026-05-20 22:15:00,1,2,12,10,22,2,3
2026-05-20 22:30:00,3,2,5,14,22,2,1
2026-05-20 22:45:00,1,2,4,8,22,2,1
2026-05-20 23:00:00,1,5,10,20,23,2,1
2026-05-20 23:15:00,1,5,5,30,23,2,1
2026-05-20 23:30:00,1,3,13,21,23,2,1
2026-05-20 23:45:00,1,4,10,16,23,2,1
2026-05-21 00:00:00,1,5,10,20,0,3,1
2026-05-21 00:15:00,1,3,9,18,0,3,1
2026-05-21 00:30:00,1,2,9,12,0,3,1
2026-05-21 00:45:00,1,2,12,14,0,3,1
2026-05-21 01:00:00,1,3,10,18,1,3,1
2026-05-21 01:15:00,1,4,13,20,1,3,1
2026-05-21 01:30:00,1,2,0,8,1,3,1
2026-05-21 01:45:00,1,2,2,10,1,3,1
2026-05-21 02:00:00,1,3,18,15,2,3,5
2026-05-21 02:15:00,5,5,15,25,2,3,1
2026-05-21 02:30:00,1,4,7,20,2,3,1
2026-05-21 02:45:00,1,5,12,25,2,3,1
2026-05-21 03:00:00,1,5,10,30,3,3,1
2026-05-21 03:15:00,1,4,10,20,3,3,1
2026-05-21 03:30:00,1,4,8,24,3,3,1
2026-05-21 03:45:00,1,4,13,24,3,3,1
2026-05-21 04:00:00,1,4,7,24,4,3,1
2026-05-21 04:15:00,1,5,5,35,4,3,1
2026-05-21 04:30:00,1,5,12,30,4,3,1
2026-05-21 04:45:00,1,2,10,14,4,3,1
2026-05-21 05:00:00,1,2,4,10,5,3,1
2026-05-21 05:15:00,1,2,11,14,5,3,1
2026-05-21 05:30:00,1,5,9,30,5,3,1
2026-05-21 05:45:00,1,3,7,21,5,3,1
2026-05-21 06:00:00,1,4,4,24,6,3,1
2026-05-21 06:15:00,1,5,9,20,6,3,1
2026-05-21 06:30:00,1,4,10,16,6,3,1
2026-05-21 06:45:00,1,3,10,15,6,3,1
2026-05-21 07:00:00,1,2,9,8,7,3,6
2026-05-21 07:15:00,6,2,6,14,7,3,1
2026-05-21 07:30:00,1,3,8,18,7,3,1
2026-05-21 07:45:00,1,4,12,20,7,3,1
2026-05-21 08:00:00,1,3,11,15,8,3,1
2026-05-21 08:15:00,1,3,7,15,8,3,1
2026-05-21 08:30:00,1,2,15,12,8,3,2
2026-05-21 08:45:00,2,5,7,35,8,3,1
2026-05-21 09:00:00,1,2,21,12,9,3,10
2026-05-21 09:15:00,10,5,20,20,9,3,11
2026-05-21 09:30:00,11,3,21,15,9,3,19
2026-05-21 09:45:00,19,5,22,30,9,3,10
2026-05-21 10:00:00,10,4,13,28,10,3,1
2026-05-21 10:15:00,1,2,23,8,10,3,17
2026-05-21 10:30:00,17,3,15,21,10,3,9
2026-05-21 10:45:00,9,4,22,20,10,3,13
2026-05-21 11:00:00,13,3,24,12,11,3,26
2026-05-21 11:15:00,26,4,26,16,11,3,36
2026-05-21 11:30:00,36,3,16,21,11,3,28
2026-05-21 11:45:00,28,3,20,12,11,3,37
2026-05-21 12:00:00,37,4,22,16,12,3,44
2026-05-21 12:15:00,44,2,21,14,12,3,50
2026-05-21 12:30:00,50,2,21,12,12,3,57
2026-05-21 12:45:00,57,5,19,30,12,3,41
2026-05-21 13:00:00,41,3,16,21,13,3,35
2026-05-21 13:15:00,35,5,18,30,13,3,22
2026-05-21 13:30:00,22,2,12,14,13,3,21
2026-05-21 13:45:00,21,2,15,8,13,3,26
2026-05-21 14:00:00,26,3,19,18,14,3,28
2026-05-21 14:15:00,28,2,16,8,14,3,34
2026-05-21 14:30:00,34,3,13,12,14,3,34
2026-05-21 14:45:00,34,5,16,30,14,3,21
2026-05-21 15:00:00,21,4,15,24,15,3,11
2026-05-21 15:15:00,11,5,20,20,15,3,8
2026-05-21 15:30:00,8,3,15,15,15,3,9
2026-05-21 15:45:00,9,3,12,18,15,3,4
2026-05-21 16:00:00,4,2,20,8,16,3,19
2026-05-21 16:15:00,19,3,19,15,16,3,27
2026-05-21 16:30:00,27,4,19,20,16,3,28
2026-05-21 16:45:00,28,2,17,14,16,3,29
2026-05-21 17:00:00,29,3,18,12,17,3,32
2026-05-21 17:15:00,32,5,14,25,17,3,18
2026-05-21 17:30:00,18,3,14,21,17,3,12
2026-05-21 17:45:00,12,4,12,20,17,3,3
2026-05-21 18:00:00,3,5,19,30,18,3,1
2026-05-21 18:15:00,1,3,11,15,18,3,1
2026-05-21 18:30:00,1,2,20,14,18,3,9
2026-05-21 18:45:00,9,5,11,25,18,3,1
2026-05-21 19:00:00,1,5,15,30,19,3,1
2026-05-21 19:15:00,1,3,20,12,19,3,6
2026-05-21 19:30:00,6,4,18,24,19,3,1
2026-05-21 19:45:00,1,4,11,16,19,3,1
2026-05-21 20:00:00,1,3,11,21,20,3,1
2026-05-21 20:15:00,1,2,13,12,20,3,1
2026-05-21 20:30:00,1,3,3,21,20,3,1
2026-05-21 20:45:00,1,4,11,28,20,3,1
2026-05-21 21:00:00,1,3,6,21,21,3,1
2026-05-21 21:15:00,1,3,16,18,21,3,1
2026-05-21 21:30:00,1,3,7,12,21,3,1
2026-05-21 21:45:00,1,4,7,24,21,3,1
2026-05-21 22:00:00,1,5,11,35,22,3,1
2026-05-21 22:15:00,1,3,9,21,22,3,1
2026-05-21 22:30:00,1,5,7,30,22,3,1
2026-05-21 22:45:00,1,2,13,8,22,3,8
2026-05-21 23:00:00,8,4,7,16,23,3,1
2026-05-21 23:15:00,1,4,15,24,23,3,1
2026-05-21 23:30:00,1,4,11,20,23,3,1
2026-05-21 23:45:00,1,5,7,35,23,3,1
2026-05-22 00:00:00,1,2,0,10,0,4,1
2026-05-22 00:15:00,1,5,4,35,0,4,1
2026-05-22 00:30:00,1,2,6,10,0,4,1
2026-05-22 00:45:00,1,2,11,12,0,4,1
2026-05-22 01:00:00,1,3,7,12,1,4,1
2026-05-22 01:15:00,1,5,4,25,1,4,1
2026-05-22 01:30:00,1,2,5,12,1,4,1
2026-05-22 01:45:00,1,4,12,16,1,4,1
2026-05-22 02:00:00,1,3,2,18,2,4,1
2026-05-22 02:15:00,1,2,6,8,2,4,1
2026-05-22 02:30:00,1,4,18,16,2,4,6
2026-05-22 02:45:00,6,3,7,12,2,4,3
2026-05-22 03:00:00,3,5,8,25,3,4,1
2026-05-22 03:15:00,1,5,12,20,3,4,1
2026-05-22 03:30:00,1,5,0,30,3,4,1
2026-05-22 03:45:00,1,3,10,12,3,4,1
2026-05-22 04:00:00,1,4,12,28,4,4,1
2026-05-22 04:15:00,1,3,8,18,4,4,1
2026-05-22 04:30:00,1,5,4,25,4,4,1
2026-05-22 04:45:00,1,3,5,15,4,4,1
2026-05-22 05:00:00,1,2,11,8,5,4,2
2026-05-22 05:15:00,2,2,17,14,5,4,4
2026-05-22 05:30:00,4,2,8,12,5,4,1
2026-05-22 05:45:00,1,5,16,30,5,4,1
2026-05-22 06:00:00,1,2,10,10,6,4,1
2026-05-22 06:15:00,1,4,7,28,6,4,1
2026-05-22 06:30:00,1,2,5,14,6,4,1
2026-05-22 06:45:00,1,3,8,12,6,4,1
2026-05-22 07:00:00,1,4,14,16,7,4,1
2026-05-22 07:15:00,1,3,1,15,7,4,1
2026-05-22 07:30:00,1,3,4,12,7,4,1
2026-05-22 07:45:00,1,4,13,16,7,4,1
2026-05-22 08:00:00,1,2,6,14,8,4,1
2026-05-22 08:15:00,1,2,9,14,8,4,1
2026-05-22 08:30:00,1,3,12,12,8,4,2
2026-05-22 08:45:00,2,3,14,15,8,4,1
2026-05-22 09:00:00,1,2,15,8,9,4,10
2026-05-22 09:15:00,10,5,24,35,9,4,1
2026-05-22 09:30:00,1,2,17,8,9,4,12
2026-05-22 09:45:00,12,3,22,18,9,4,16
2026-05-22 10:00:00,16,3,17,12,10,4,18
2026-05-22 10:15:00,18,2,25,10,10,4,30
2026-05-22 10:30:00,30,3,23,18,10,4,31
2026-05-22 10:45:00,31,2,18,14,10,4,34
2026-05-22 11:00:00,34,4,24,16,11,4,41
2026-05-22 11:15:00,41,2,18,14,11,4,43
2026-05-22 11:30:00,43,2,19,10,11,4,50
2026-05-22 11:45:00,50,2,20,8,11,4,64
2026-05-22 12:00:00,64,2,20,14,12,4,71
2026-05-22 12:15:00,71,5,19,35,12,4,55
2026-05-22 12:30:00,55,2,19,14,12,4,60
2026-05-22 12:45:00,60,3,27,12,12,4,73
2026-05-22 13:00:00,73,5,19,20,13,4,73
2026-05-22 13:15:00,73,5,16,25,13,4,65
2026-05-22 13:30:00,65,5,15,25,13,4,56
2026-05-22 13:45:00,56,3,28,21,13,4,63
2026-05-22 14:00:00,63,4,21,16,14,4,65
2026-05-22 14:15:00,65,2,16,12,14,4,70
2026-05-22 14:30:00,70,5,13,30,14,4,51
2026-05-22 14:45:00,51,3,14,12,14,4,51
2026-05-22 15:00:00,51,5,18,20,15,4,47
2026-05-22 15:15:00,47,2,10,10,15,4,47
2026-05-22 15:30:00,47,3,17,18,15,4,44
2026-05-22 15:45:00,44,3,9,18,15,4,32
2026-05-22 16:00:00,32,3,13,12,16,4,36
2026-05-22 16:15:00,36,5,19,30,16,4,25
2026-05-22 16:30:00,25,3,17,15,16,4,26
2026-05-22 16:45:00,26,3,21,18,16,4,27
2026-05-22 17:00:00,27,3,14,15,17,4,25
2026-05-22 17:15:00,25,2,19,14,17,4,28
2026-05-22 17:30:00,28,4,15,16,17,4,23
2026-05-22 17:45:00,23,3,17,15,17,4,24
2026-05-22 18:00:00,24,2,15,14,18,4,22
2026-05-22 18:15:00,22,5,20,30,18,4,11
2026-05-22 18:30:00,11,5,7,30,18,4,1
2026-05-22 18:45:00,1,3,11,21,18,4,1
2026-05-22 19:00:00,1,3,12,15,19,4,1
2026-05-22 19:15:00,1,2,10,14,19,4,1
2026-05-22 19:30:00,1,4,14,28,19,4,1
2026-05-22 19:45:00,1,5,13,20,19,4,1
2026-05-22 20:00:00,1,2,8,8,20,4,1
2026-05-22 20:15:00,1,2,14,8,20,4,6
2026-05-22 20:30:00,6,3,10,12,20,4,1
2026-05-22 20:45:00,1,2,9,10,20,4,1
2026-05-22 21:00:00,1,4,4,20,21,4,1
2026-05-22 21:15:00,1,2,10,14,21,4,1
2026-05-22 21:30:00,1,3,8,18,21,4,1
2026-05-22 21:45:00,1,2,5,8,21,4,1
2026-05-22 22:00:00,1,4,8,20,22,4,1
2026-05-22 22:15:00,1,4,15,20,22,4,1
2026-05-22 22:30:00,1,4,7,24,22,4,1
2026-05-22 22:45:00,1,2,11,14,22,4,1
2026-05-22 23:00:00,1,5,5,20,23,4,1
2026-05-22 23:15:00,1,5,13,25,23,4,1
2026-05-22 23:30:00,1,2,5,8,23,4,1
2026-05-22 23:45:00,1,3,5,12,23,4,1
2026-05-23 00:00:00,1,5,2,25,0,5,1
2026-05-23 00:15:00,1,4,3,16,0,5,1
2026-05-23 00:30:00,1,5,4,20,0,5,1
2026-05-23 00:45:00,1,4,13,16,0,5,1
2026-05-23 01:00:00,1,5,7,30,1,5,1
2026-05-23 01:15:00,1,5,7,35,1,5,1
2026-05-23 01:30:00,1,4,2,24,1,5,1
2026-05-23 01:45:00,1,5,10,30,1,5,1
2026-05-23 02:00:00,1,2,4,8,2,5,1
2026-05-23 02:15:00,1,4,4,20,2,5,1
2026-05-23 02:30:00,1,5,7,30,2,5,1
2026-05-23 02:45:00,1,2,2,8,2,5,1
2026-05-23 03:00:00,1,2,10,14,3,5,1
2026-05-23 03:15:00,1,3,3,21,3,5,1
2026-05-23 03:30:00,1,3,8,21,3,5,1
2026-05-23 03:45:00,1,2,6,12,3,5,1
2026-05-23 04:00:00,1,5,9,35,4,5,1
2026-05-23 04:15:00,1,5,3,35,4,5,1
2026-05-23 04:30:00,1,5,0,20,4,5,1
2026-05-23 04:45:00,1,2,9,14,4,5,1
2026-05-23 05:00:00,1,4,0,28,5,5,1
2026-05-23 05:15:00,1,5,3,35,5,5,1
2026-05-23 05:30:00,1,4,6,28,5,5,1
2026-05-23 05:45:00,1,3,5,21,5,5,1
2026-05-23 06:00:00,1,3,0,15,6,5,1
2026-05-23 06:15:00,1,2,16,12,6,5,5
2026-05-23 06:30:00,5,5,7,35,6,5,1
2026-05-23 06:45:00,1,2,8,12,6,5,1
2026-05-23 07:00:00,1,4,6,24,7,5,1
2026-05-23 07:15:00,1,3,4,18,7,5,1
2026-05-23 07:30:00,1,4,4,20,7,5,1
2026-05-23 07:45:00,1,5,5,35,7,5,1
2026-05-23 08:00:00,1,4,7,16,8,5,1
2026-05-23 08:15:00,1,5,8,20,8,5,1
2026-05-23 08:30:00,1,4,0,20,8,5,1
2026-05-23 08:45:00,1,5,3,30,8,5,1
2026-05-23 09:00:00,1,2,14,8,9,5,4
2026-05-23 09:15:00,4,2,20,12,9,5,16
2026-05-23 09:30:00,16,4,16,24,9,5,7
2026-05-23 09:45:00,7,4,19,20,9,5,3
2026-05-23 10:00:00,3,3,23,21,10,5,2
2026-05-23 10:15:00,2,2,19,12,10,5,6
2026-05-23 10:30:00,6,3,13,12,10,5,6
2026-05-23 10:45:00,6,3,17,15,10,5,9
2026-05-23 11:00:00,9,2,17,12,11,5,11
2026-05-23 11:15:00,11,4,21,20,11,5,11
2026-05-23 11:30:00,11,3,13,21,11,5,3
2026-05-23 11:45:00,3,2,16,14,11,5,3
2026-05-23 12:00:00,3,2,17,8,12,5,11
2026-05-23 12:15:00,11,5,16,30,12,5,1
2026-05-23 12:30:00,1,2,24,14,12,5,13
2026-05-23 12:45:00,13,4,18,16,12,5,17
2026-05-23 13:00:00,17,5,15,30,13,5,2
2026-05-23 13:15:00,2,5,16,30,13,5,1
2026-05-23 13:30:00,1,2,14,10,13,5,2
2026-05-23 13:45:00,2,3,12,18,13,5,1
2026-05-23 14:00:00,1,2,20,12,14,5,6
2026-05-23 14:15:00,6,2,12,8,14,5,9
2026-05-23 14:30:00,9,2,14,14,14,5,10
2026-05-23 14:45:00,10,2,18,14,14,5,13
2026-05-23 15:00:00,13,2,17,12,15,5,17
2026-05-23 15:15:00,17,4,19,28,15,5,6
2026-05-23 15:30:00,6,4,14,16,15,5,4
2026-05-23 15:45:00,4,4,14,28,15,5,1
2026-05-23 16:00:00,1,2,13,14,16,5,1
2026-05-23 16:15:00,1,2,10,12,16,5,1
2026-05-23 16:30:00,1,5,15,20,16,5,1
2026-05-23 16:45:00,1,3,12,21,16,5,1
2026-05-23 17:00:00,1,4,7,24,17,5,1
2026-05-23 17:15:00,1,4,14,24,17,5,1
2026-05-23 17:30:00,1,4,7,24,17,5,1
2026-05-23 17:45:00,1,2,10,8,17,5,2
2026-05-23 18:00:00,2,5,7,35,18,5,1
2026-05-23 18:15:00,1,3,12,21,18,5,1
2026-05-23 18:30:00,1,2,14,10,18,5,5
2026-05-23 18:45:00,5,5,13,35,18,5,1
2026-05-23 19:00:00,1,5,18,25,19,5,1
2026-05-23 19:15:00,1,3,14,12,19,5,2
2026-05-23 19:30:00,2,5,12,20,19,5,1
2026-05-23 19:45:00,1,4,18,16,19,5,3
2026-05-23 20:00:00,3,4,0,24,20,5,1
2026-05-23 20:15:00,1,4,4,20,20,5,1
2026-05-23 20:30:00,1,5,4,30,20,5,1
2026-05-23 20:45:00,1,5,12,35,20,5,1
2026-05-23 21:00:00,1,3,7,15,21,5,1
2026-05-23 21:15:00,1,2,7,8,21,5,1
2026-05-23 21:30:00,1,2,1,12,21,5,1
2026-05-23 21:45:00,1,2,7,12,21,5,1
2026-05-23 22:00:00,1,2,4,8,22,5,1
2026-05-23 22:15:00,1,3,7,18,22,5,1
2026-05-23 22:30:00,1,5,8,35,22,5,1
2026-05-23 22:45:00,1,4,3,28,22,5,1
2026-05-23 23:00:00,1,3,6,15,23,5,1
2026-05-23 23:15:00,1,4,2,20,23,5,1
2026-05-23 23:30:00,1,5,15,35,23,5,1
2026-05-23 23:45:00,1,5,7,20,23,5,1
2026-05-24 00:00:00,1,5,4,25,0,6,1
2026-05-24 00:15:00,1,5,0,35,0,6,1
2026-05-24 00:30:00,1,5,4,30,0,6,1
2026-05-24 00:45:00,1,5,6,20,0,6,1
2026-05-24 01:00:00,1,3,6,18,1,6,1
2026-05-24 01:15:00,1,3,4,12,1,6,1
2026-05-24 01:30:00,1,5,6,25,1,6,1
2026-05-24 01:45:00,1,5,2,25,1,6,1
2026-05-24 02:00:00,1,3,6,21,2,6,1
2026-05-24 02:15:00,1,5,10,25,2,6,1
2026-05-24 02:30:00,1,5,10,30,2,6,1
2026-05-24 02:45:00,1,5,0,30,2,6,1
2026-05-24 03:00:00,1,2,4,10,3,6,1
2026-05-24 03:15:00,1,4,5,20,3,6,1
2026-05-24 03:30:00,1,2,6,10,3,6,1
2026-05-24 03:45:00,1,5,8,20,3,6,1
2026-05-24 04:00:00,1,3,4,15,4,6,1
2026-05-24 04:15:00,1,5,4,30,4,6,1
2026-05-24 04:30:00,1,5,2,20,4,6,1
2026-05-24 04:45:00,1,2,6,10,4,6,1
2026-05-24 05:00:00,1,4,6,20,5,6,1
2026-05-24 05:15:00,1,4,1,16,5,6,1
2026-05-24 05:30:00,1,2,8,14,5,6,1
2026-05-24 05:45:00,1,5,2,30,5,6,1
2026-05-24 06:00:00,1,2,0,14,6,6,1
2026-05-24 06:15:00,1,3,7,18,6,6,1
2026-05-24 06:30:00,1,3,6,12,6,6,1
2026-05-24 06:45:00,1,5,2,35,6,6,1
2026-05-24 07:00:00,1,5,6,30,7,6,1
2026-05-24 07:15:00,1,2,0,10,7,6,1
2026-05-24 07:30:00,1,5,5,35,7,6,1
2026-05-24 07:45:00,1,5,9,35,7,6,1
2026-05-24 08:00:00,1,5,10,25,8,6,1
2026-05-24 08:15:00,1,2,6,8,8,6,1
2026-05-24 08:30:00,1,2,7,10,8,6,1
2026-05-24 08:45:00,1,2,8,8,8,6,1
2026-05-24 09:00:00,1,5,9,35,9,6,1
2026-05-24 09:15:00,1,2,15,8,9,6,7
2026-05-24 09:30:00,7,4,18,28,9,6,1
2026-05-24 09:45:00,1,3,11,18,9,6,1
2026-05-24 10:00:00,1,3,19,21,10,6,1
2026-05-24 10:15:00,1,4,22,28,10,6,1
2026-05-24 10:30:00,1,5,19,30,10,6,1
2026-05-24 10:45:00,1,3,11,15,10,6,1
2026-05-24 11:00:00,1,3,21,18,11,6,7
2026-05-24 11:15:00,7,4,15,28,11,6,1
2026-05-24 11:30:00,1,5,15,20,11,6,1
2026-05-24 11:45:00,1,5,23,20,11,6,2
2026-05-24 12:00:00,2,4,13,28,12,6,1
2026-05-24 12:15:00,1,5,18,30,12,6,1
2026-05-24 12:30:00,1,3,10,18,12,6,1
2026-05-24 12:45:00,1,5,23,35,12,6,1
2026-05-24 13:00:00,1,3,15,15,13,6,4
2026-05-24 13:15:00,4,2,16,14,13,6,6
2026-05-24 13:30:00,6,3,15,15,13,6,9
2026-05-24 13:45:00,9,5,9,30,13,6,1
2026-05-24 14:00:00,1,5,12,35,14,6,1
2026-05-24 14:15:00,1,4,14,28,14,6,1
2026-05-24 14:30:00,1,4,7,24,14,6,1
2026-05-24 14:45:00,1,4,10,16,14,6,1
2026-05-24 15:00:00,1,2,15,12,15,6,6
2026-05-24 15:15:00,6,2,18,12,15,6,10
2026-05-24 15:30:00,10,5,14,25,15,6,1
2026-05-24 15:45:00,1,4,10,16,15,6,1
2026-05-24 16:00:00,1,5,12,35,16,6,1
2026-05-24 16:15:00,1,4,11,24,16,6,1
2026-05-24 16:30:00,1,4,18,20,16,6,1
2026-05-24 16:45:00,1,2,17,14,16,6,5
2026-05-24 17:00:00,5,3,11,15,17,6,2
2026-05-24 17:15:00,2,4,15,16,17,6,1
2026-05-24 17:30:00,1,3,16,21,17,6,1
2026-05-24 17:45:00,1,4,13,28,17,6,1
2026-05-24 18:00:00,1,2,16,14,18,6,2
2026-05-24 18:15:00,2,2,17,12,18,6,7
2026-05-24 18:30:00,7,4,9,24,18,6,1
2026-05-24 18:45:00,1,5,12,30,18,6,1
2026-05-24 19:00:00,1,3,13,18,19,6,1
2026-05-24 19:15:00,1,3,9,15,19,6,1
2026-05-24 19:30:00,1,4,11,20,19,6,1
2026-05-24 19:45:00,1,2,6,8,19,6,4
2026-05-24 20:00:00,4,2,0,14,20,6,1
2026-05-24 20:15:00,1,2,6,8,20,6,1
2026-05-24 20:30:00,1,2,13,12,20,6,1
2026-05-24 20:45:00,1,5,7,25,20,6,1
2026-05-24 21:00:00,1,3,16,18,21,6,1
2026-05-24 21:15:00,1,4,8,16,21,6,1
2026-05-24 21:30:00,1,2,10,10,21,6,2
2026-05-24 21:45:00,2,5,12,35,21,6,1
2026-05-24 22:00:00,1,5,5,20,22,6,1
2026-05-24 22:15:00,1,5,12,30,22,6,1
2026-05-24 22:30:00,1,5,4,30,22,6,1
2026-05-24 22:45:00,1,4,4,20,22,6,1
2026-05-24 23:00:00,1,5,2,30,23,6,1
2026-05-24 23:15:00,1,4,0,16,23,6,1
2026-05-24 23:30:00,1,2,6,8,23,6,1
2026-05-24 23:45:00,1,5,12,35,23,6,1
2026-05-25 00:00:00,1,2,11,14,0,0,1
2026-05-25 00:15:00,1,5,7,25,0,0,1
2026-05-25 00:30:00,1,4,10,28,0,0,1
2026-05-25 00:45:00,1,3,1,21,0,0,1
2026-05-25 01:00:00,1,2,12,8,1,0,3
2026-05-25 01:15:00,3,4,9,28,1,0,1
2026-05-25 01:30:00,1,3,11,18,1,0,1
2026-05-25 01:45:00,1,2,12,14,1,0,1
2026-05-25 02:00:00,1,5,6,20,2,0,1
2026-05-25 02:15:00,1,4,4,16,2,0,1
2026-05-25 02:30:00,1,4,8,16,2,0,1
2026-05-25 02:45:00,1,5,7,35,2,0,1
2026-05-25 03:00:00,1,5,12,35,3,0,1
2026-05-25 03:15:00,1,2,7,10,3,0,1
2026-05-25 03:30:00,1,4,5,24,3,0,1
2026-05-25 03:45:00,1,5,10,35,3,0,1
2026-05-25 04:00:00,1,4,11,28,4,0,1
2026-05-25 04:15:00,1,2,10,14,4,0,1
2026-05-25 04:30:00,1,5,6,25,4,0,1
2026-05-25 04:45:00,1,5,10,25,4,0,1
2026-05-25 05:00:00,1,2,7,12,5,0,1
2026-05-25 05:15:00,1,2,15,12,5,0,3
2026-05-25 05:30:00,3,2,5,14,5,0,1
2026-05-25 05:45:00,1,5,12,35,5,0,1
2026-05-25 06:00:00,1,5,10,35,6,0,1
2026-05-25 06:15:00,1,4,11,28,6,0,1
2026-05-25 06:30:00,1,2,6,10,6,0,1
2026-05-25 06:45:00,1,3,13,15,6,0,3
2026-05-25 07:00:00,3,3,6,15,7,0,1
2026-05-25 07:15:00,1,3,6,18,7,0,1
2026-05-25 07:30:00,1,3,3,15,7,0,1
2026-05-25 07:45:00,1,4,12,20,7,0,1
2026-05-25 08:00:00,1,3,7,18,8,0,1
2026-05-25 08:15:00,1,2,7,8,8,0,1
2026-05-25 08:30:00,1,2,5,8,8,0,1
2026-05-25 08:45:00,1,5,7,30,8,0,1
2026-05-25 09:00:00,1,5,26,25,9,0,2
2026-05-25 09:15:00,2,5,20,30,9,0,1
2026-05-25 09:30:00,1,5,18,20,9,0,4
2026-05-25 09:45:00,4,3,21,21,9,0,2
2026-05-25 10:00:00,2,4,23,28,10,0,1
2026-05-25 10:15:00,1,4,25,16,10,0,11
2026-05-25 10:30:00,11,3,20,18,10,0,14
2026-05-25 10:45:00,14,2,14,14,10,0,17
2026-05-25 11:00:00,17,2,23,8,11,0,31
2026-05-25 11:15:00,31,3,19,21,11,0,23
2026-05-25 11:30:00,23,3,11,15,11,0,18
2026-05-25 11:45:00,18,2,25,14,11,0,29
2026-05-25 12:00:00,29,4,22,20,12,0,30
2026-05-25 12:15:00,30,3,14,18,12,0,25
2026-05-25 12:30:00,25,4,25,28,12,0,20
2026-05-25 12:45:00,20,2,17,8,12,0,31
2026-05-25 13:00:00,31,3,16,12,13,0,36
2026-05-25 13:15:00,36,5,17,30,13,0,20
2026-05-25 13:30:00,20,4,15,16,13,0,23
2026-05-25 13:45:00,23,5,23,30,13,0,18
2026-05-25 14:00:00,18,2,13,12,14,0,16
2026-05-25 14:15:00,16,5,15,30,14,0,2
2026-05-25 14:30:00,2,2,16,10,14,0,10
2026-05-25 14:45:00,10,4,10,28,14,0,1
2026-05-25 15:00:00,1,4,14,20,15,0,1
2026-05-25 15:15:00,1,3,13,18,15,0,1
2026-05-25 15:30:00,1,4,21,24,15,0,1
2026-05-25 15:45:00,1,4,18,24,15,0,1
2026-05-25 16:00:00,1,3,23,12,16,0,10
2026-05-25 16:15:00,10,3,20,18,16,0,14
2026-05-25 16:30:00,14,4,27,20,16,0,22
2026-05-25 16:45:00,22,2,18,8,16,0,29
2026-05-25 17:00:00,29,3,11,15,17,0,24
2026-05-25 17:15:00,24,2,18,8,17,0,36
2026-05-25 17:30:00,36,3,15,15,17,0,35
2026-05-25 17:45:00,35,3,12,21,17,0,29
2026-05-25 18:00:00,29,3,16,15,18,0,33
2026-05-25 18:15:00,33,2,17,8,18,0,39
2026-05-25 18:30:00,39,5,12,20,18,0,30
2026-05-25 18:45:00,30,2,15,10,18,0,32
2026-05-25 19:00:00,32,4,17,24,19,0,25
2026-05-25 19:15:00,25,4,15,20,19,0,19
2026-05-25 19:30:00,19,2,14,10,19,0,26
2026-05-25 19:45:00,26,2,14,14,19,0,27
2026-05-25 20:00:00,27,5,10,35,20,0,1
2026-05-25 20:15:00,1,3,11,21,20,0,1
2026-05-25 20:30:00,1,3,7,21,20,0,1
2026-05-25 20:45:00,1,5,8,35,20,0,1
2026-05-25 21:00:00,1,4,6,20,21,0,1
2026-05-25 21:15:00,1,4,9,28,21,0,1
2026-05-25 21:30:00,1,5,11,30,21,0,1
2026-05-25 21:45:00,1,4,6,28,21,0,1
2026-05-25 22:00:00,1,3,10,21,22,0,1
2026-05-25 22:15:00,1,4,3,28,22,0,1
2026-05-25 22:30:00,1,2,7,12,22,0,1
2026-05-25 22:45:00,1,3,9,15,22,0,1
2026-05-25 23:00:00,1,5,8,25,23,0,1
2026-05-25 23:15:00,1,5,9,30,23,0,1
2026-05-25 23:30:00,1,2,12,14,23,0,1
2026-05-25 23:45:00,1,4,10,28,23,0,1
2026-05-26 00:00:00,1,3,7,18,0,1,1
2026-05-26 00:15:00,1,5,8,20,0,1,1
2026-05-26 00:30:00,1,4,5,20,0,1,1
2026-05-26 00:45:00,1,3,15,21,0,1,1
2026-05-26 01:00:00,1,5,13,30,1,1,1
2026-05-26 01:15:00,1,4,12,20,1,1,1
2026-05-26 01:30:00,1,3,19,21,1,1,1
2026-05-26 01:45:00,1,2,12,10,1,1,1
2026-05-26 02:00:00,1,3,13,21,2,1,1
2026-05-26 02:15:00,1,4,8,16,2,1,1
2026-05-26 02:30:00,1,5,13,30,2,1,1
2026-05-26 02:45:00,1,3,4,15,2,1,1
2026-05-26 03:00:00,1,3,9,21,3,1,1
2026-05-26 03:15:00,1,2,9,8,3,1,1
2026-05-26 03:30:00,1,5,13,35,3,1,1
2026-05-26 03:45:00,1,5,13,35,3,1,1
2026-05-26 04:00:00,1,5,12,20,4,1,1
2026-05-26 04:15:00,1,5,8,20,4,1,1
2026-05-26 04:30:00,1,5,13,20,4,1,1
2026-05-26 04:45:00,1,3,8,18,4,1,1
2026-05-26 05:00:00,1,5,14,20,5,1,1
2026-05-26 05:15:00,1,5,8,35,5,1,1
2026-05-26 05:30:00,1,3,5,12,5,1,1
2026-05-26 05:45:00,1,4,13,16,5,1,1
2026-05-26 06:00:00,1,2,5,10,6,1,1
2026-05-26 06:15:00,1,2,7,8,6,1,1
2026-05-26 06:30:00,1,3,5,15,6,1,1
2026-05-26 06:45:00,1,2,5,14,6,1,1
2026-05-26 07:00:00,1,2,13,8,7,1,7
2026-05-26 07:15:00,7,3,5,21,7,1,1
2026-05-26 07:30:00,1,4,11,20,7,1,1
2026-05-26 07:45:00,1,3,9,21,7,1,1
2026-05-26 08:00:00,1,5,14,30,8,1,1
2026-05-26 08:15:00,1,2,8,12,8,1,1
2026-05-26 08:30:00,1,5,4,35,8,1,1
2026-05-26 08:45:00,1,4,10,28,8,1,1
2026-05-26 09:00:00,1,5,26,20,9,1,3
2026-05-26 09:15:00,3,5,20,20,9,1,1
2026-05-26 09:30:00,1,3,27,15,9,1,10
2026-05-26 09:45:00,10,2,19,14,9,1,15
2026-05-26 10:00:00,15,4,22,24,10,1,11
2026-05-26 10:15:00,11,2,29,14,10,1,28
2026-05-26 10:30:00,28,5,18,30,10,1,15
2026-05-26 10:45:00,15,4,21,20,10,1,12
2026-05-26 11:00:00,12,5,24,25,11,1,9
2026-05-26 11:15:00,9,3,19,12,11,1,13
2026-05-26 11:30:00,13,3,21,15,11,1,18
2026-05-26 11:45:00,18,3,17,18,11,1,19
2026-05-26 12:00:00,19,2,12,8,12,1,22
2026-05-26 12:15:00,22,5,22,30,12,1,12
2026-05-26 12:30:00,12,3,21,21,12,1,14
2026-05-26 12:45:00,14,5,20,30,12,1,2
2026-05-26 13:00:00,2,2,22,10,13,1,13
2026-05-26 13:15:00,13,3,17,12,13,1,21
2026-05-26 13:30:00,21,3,15,15,13,1,20
2026-05-26 13:45:00,20,3,16,12,13,1,25
2026-05-26 14:00:00,25,5,15,30,14,1,6
2026-05-26 14:15:00,6,3,13,18,14,1,1
2026-05-26 14:30:00,1,3,13,18,14,1,1
2026-05-26 14:45:00,1,4,17,28,14,1,1
2026-05-26 15:00:00,1,2,14,12,15,1,5
2026-05-26 15:15:00,5,4,19,24,15,1,1
2026-05-26 15:30:00,1,4,16,28,15,1,1
2026-05-26 15:45:00,1,3,20,15,15,1,7
2026-05-26 16:00:00,7,3,19,15,16,1,7
2026-05-26 16:15:00,7,5,18,25,16,1,1
2026-05-26 16:30:00,1,3,15,15,16,1,1
2026-05-26 16:45:00,1,4,17,24,16,1,1
2026-05-26 17:00:00,1,4,11,20,17,1,1
2026-05-26 17:15:00,1,2,20,10,17,1,13
2026-05-26 17:30:00,13,5,15,25,17,1,2
2026-05-26 17:45:00,2,4,22,16,17,1,8
2026-05-26 18:00:00,8,5,17,30,18,1,1
2026-05-26 18:15:00,1,2,18,14,18,1,3
2026-05-26 18:30:00,3,4,12,28,18,1,1
2026-05-26 18:45:00,1,5,19,35,18,1,1
2026-05-26 19:00:00,1,3,13,21,19,1,1
2026-05-26 19:15:00,1,2,19,12,19,1,7
2026-05-26 19:30:00,7,2,24,12,19,1,17
2026-05-26 19:45:00,17,4,13,28,19,1,1
2026-05-26 20:00:00,1,2,3,8,20,1,1
2026-05-26 20:15:00,1,3,3,12,20,1,1
2026-05-26 20:30:00,1,4,10,16,20,1,1
2026-05-26 20:45:00,1,4,6,20,20,1,1
2026-05-26 21:00:00,1,3,10,18,21,1,1
2026-05-26 21:15:00,1,5,11,20,21,1,1
2026-05-26 21:30:00,1,2,6,10,21,1,1
2026-05-26 21:45:00,1,2,10,10,21,1,3
2026-05-26 22:00:00,3,3,6,21,22,1,1
2026-05-26 22:15:00,1,3,12,12,22,1,3
2026-05-26 22:30:00,3,4,5,20,22,1,1
2026-05-26 22:45:00,1,5,10,20,22,1,1
2026-05-26 23:00:00,1,3,10,15,23,1,1
2026-05-26 23:15:00,1,4,5,24,23,1,1
2026-05-26 23:30:00,1,2,11,10,23,1,2
2026-05-26 23:45:00,2,5,11,35,23,1,1
2026-05-27 00:00:00,1,4,7,28,0,2,1
2026-05-27 00:15:00,1,5,7,30,0,2,1
2026-05-27 00:30:00,1,4,4,24,0,2,1
2026-05-27 00:45:00,1,4,6,16,0,2,1
2026-05-27 01:00:00,1,2,5,14,1,2,1
2026-05-27 01:15:00,1,5,14,25,1,2,1
2026-05-27 01:30:00,1,5,8,30,1,2,1
2026-05-27 01:45:00,1,4,9,24,1,2,1
2026-05-27 02:00:00,1,4,4,28,2,2,1
2026-05-27 02:15:00,1,3,6,15,2,2,1
2026-05-27 02:30:00,1,3,6,18,2,2,1
2026-05-27 02:45:00,1,4,21,24,2,2,1
2026-05-27 03:00:00,1,5,10,35,3,2,1
2026-05-27 03:15:00,1,5,8,30,3,2,1
2026-05-27 03:30:00,1,5,9,30,3,2,1
2026-05-27 03:45:00,1,4,10,24,3,2,1
2026-05-27 04:00:00,1,3,6,15,4,2,1
2026-05-27 04:15:00,1,2,11,10,4,2,1
2026-05-27 04:30:00,1,2,2,10,4,2,1
2026-05-27 04:45:00,1,2,14,12,4,2,1
2026-05-27 05:00:00,1,2,13,14,5,2,1
2026-05-27 05:15:00,1,5,6,25,5,2,1
2026-05-27 05:30:00,1,2,10,8,5,2,1
2026-05-27 05:45:00,1,5,3,20,5,2,1
2026-05-27 06:00:00,1,2,5,10,6,2,1
2026-05-27 06:15:00,1,5,6,25,6,2,1
2026-05-27 06:30:00,1,2,12,10,6,2,3
2026-05-27 06:45:00,3,2,15,14,6,2,4
2026-05-27 07:00:00,4,2,8,14,7,2,1
2026-05-27 07:15:00,1,5,7,30,7,2,1
2026-05-27 07:30:00,1,3,14,18,7,2,1
2026-05-27 07:45:00,1,3,11,12,7,2,1
2026-05-27 08:00:00,1,5,12,35,8,2,1
2026-05-27 08:15:00,1,3,4,18,8,2,1
2026-05-27 08:30:00,1,5,6,20,8,2,1
2026-05-27 08:45:00,1,2,0,10,8,2,1
2026-05-27 09:00:00,1,2,22,14,9,2,8
2026-05-27 09:15:00,8,3,26,15,9,2,23
2026-05-27 09:30:00,23,5,24,30,9,2,19
2026-05-27 09:45:00,19,3,14,21,9,2,12
2026-05-27 10:00:00,12,2,18,10,10,2,19
2026-05-27 10:15:00,19,3,22,15,10,2,25
2026-05-27 10:30:00,25,4,20,28,10,2,17
2026-05-27 10:45:00,17,4,18,16,10,2,18
2026-05-27 11:00:00,18,2,26,10,11,2,31
2026-05-27 11:15:00,31,3,21,12,11,2,41
2026-05-27 11:30:00,41,5,21,30,11,2,30
2026-05-27 11:45:00,30,3,26,18,11,2,39
2026-05-27 12:00:00,39,2,23,8,12,2,52
2026-05-27 12:15:00,52,2,21,12,12,2,57
2026-05-27 12:30:00,57,2,21,12,12,2,69
2026-05-27 12:45:00,69,3,26,12,12,2,81
2026-05-27 13:00:00,81,3,21,18,13,2,82
2026-05-27 13:15:00,82,2,14,12,13,2,85
2026-05-27 13:30:00,85,5,9,20,13,2,73
2026-05-27 13:45:00,73,5,20,35,13,2,53
2026-05-27 14:00:00,53,3,21,15,14,2,59
2026-05-27 14:15:00,59,5,24,25,14,2,60
2026-05-27 14:30:00,60,2,17,12,14,2,65
2026-05-27 14:45:00,65,5,16,25,14,2,56
2026-05-27 15:00:00,56,3,11,15,15,2,51
2026-05-27 15:15:00,51,4,13,28,15,2,37
2026-05-27 15:30:00,37,3,19,12,15,2,40
2026-05-27 15:45:00,40,2,21,10,15,2,53
2026-05-27 16:00:00,53,3,22,12,16,2,63
2026-05-27 16:15:00,63,3,21,18,16,2,65
2026-05-27 16:30:00,65,3,21,15,16,2,67
2026-05-27 16:45:00,67,5,17,25,16,2,59
2026-05-27 17:00:00,59,2,15,12,17,2,59
2026-05-27 17:15:00,59,3,15,18,17,2,56
2026-05-27 17:30:00,56,2,13,8,17,2,60
2026-05-27 17:45:00,60,3,15,12,17,2,65
2026-05-27 18:00:00,65,3,11,15,18,2,65
2026-05-27 18:15:00,65,3,15,15,18,2,68
2026-05-27 18:30:00,68,3,8,12,18,2,64
2026-05-27 18:45:00,64,3,9,18,18,2,56
2026-05-27 19:00:00,56,2,19,14,19,2,61
2026-05-27 19:15:00,61,2,9,12,19,2,57
2026-05-27 19:30:00,57,3,22,12,19,2,63
2026-05-27 19:45:00,63,4,9,24,19,2,50
2026-05-27 20:00:00,50,2,8,10,20,2,48
2026-05-27 20:15:00,48,2,5,10,20,2,43
2026-05-27 20:30:00,43,3,13,18,20,2,36
2026-05-27 20:45:00,36,3,4,15,20,2,22
2026-05-27 21:00:00,22,5,16,35,21,2,4
2026-05-27 21:15:00,4,2,6,10,21,2,2
2026-05-27 21:30:00,2,3,7,12,21,2,1
2026-05-27 21:45:00,1,5,11,20,21,2,1
2026-05-27 22:00:00,1,4,7,24,22,2,1
2026-05-27 22:15:00,1,5,1,35,22,2,1
2026-05-27 22:30:00,1,4,13,16,22,2,1
2026-05-27 22:45:00,1,2,8,14,22,2,1
2026-05-27 23:00:00,1,5,6,30,23,2,1
2026-05-27 23:15:00,1,5,6,25,23,2,1
2026-05-27 23:30:00,1,3,11,18,23,2,1
2026-05-27 23:45:00,1,5,8,25,23,2,1
2026-05-28 00:00:00,1,2,1,10,0,3,1
2026-05-28 00:15:00,1,5,11,30,0,3,1
2026-05-28 00:30:00,1,2,9,10,0,3,1
2026-05-28 00:45:00,1,5,5,20,0,3,1
2026-05-28 01:00:00,1,4,9,28,1,3,1
2026-05-28 01:15:00,1,2,12,8,1,3,4
2026-05-28 01:30:00,4,4,10,16,1,3,1
2026-05-28 01:45:00,1,5,6,30,1,3,1
2026-05-28 02:00:00,1,4,4,16,2,3,1
2026-05-28 02:15:00,1,5,8,25,2,3,1
2026-05-28 02:30:00,1,2,10,10,2,3,1
2026-05-28 02:45:00,1,4,9,20,2,3,1
2026-05-28 03:00:00,1,2,2,14,3,3,1
2026-05-28 03:15:00,1,3,11,18,3,3,1
2026-05-28 03:30:00,1,4,4,28,3,3,1
2026-05-28 03:45:00,1,2,2,8,3,3,1
2026-05-28 04:00:00,1,3,9,12,4,3,1
2026-05-28 04:15:00,1,5,9,35,4,3,1
2026-05-28 04:30:00,1,3,6,12,4,3,1
2026-05-28 04:45:00,1,3,0,21,4,3,1
2026-05-28 05:00:00,1,2,2,14,5,3,1
2026-05-28 05:15:00,1,3,2,12,5,3,1
2026-05-28 05:30:00,1,3,0,12,5,3,1
2026-05-28 05:45:00,1,3,8,21,5,3,1
2026-05-28 06:00:00,1,4,4,24,6,3,1
2026-05-28 06:15:00,1,3,9,12,6,3,1
2026-05-28 06:30:00,1,2,11,14,6,3,1
2026-05-28 06:45:00,1,3,7,18,6,3,1
2026-05-28 07:00:00,1,4,2,20,7,3,1
2026-05-28 07:15:00,1,5,12,35,7,3,1
2026-05-28 07:30:00,1,5,12,25,7,3,1
2026-05-28 07:45:00,1,3,13,15,7,3,1
2026-05-28 08:00:00,1,4,3,16,8,3,1
2026-05-28 08:15:00,1,2,7,12,8,3,1
2026-05-28 08:30:00,1,4,8,16,8,3,1
2026-05-28 08:45:00,1,2,6,8,8,3,1
2026-05-28 09:00:00,1,5,17,25,9,3,1
2026-05-28 09:15:00,1,4,24,20,9,3,2
2026-05-28 09:30:00,2,2,22,12,9,3,11
2026-05-28 09:45:00,11,2,20,12,9,3,18
2026-05-28 10:00:00,18,4,21,28,10,3,10
2026-05-28 10:15:00,10,5,23,25,10,3,7
2026-05-28 10:30:00,7,4,19,16,10,3,12
2026-05-28 10:45:00,12,4,17,16,10,3,13
2026-05-28 11:00:00,13,5,17,30,11,3,1
2026-05-28 11:15:00,1,3,19,12,11,3,9
2026-05-28 11:30:00,9,3,20,21,11,3,5
2026-05-28 11:45:00,5,2,20,12,11,3,12
2026-05-28 12:00:00,12,5,27,25,12,3,15
2026-05-28 12:15:00,15,2,25,12,12,3,28
2026-05-28 12:30:00,28,5,17,25,12,3,20
2026-05-28 12:45:00,20,2,18,14,12,3,25
2026-05-28 13:00:00,25,2,24,12,13,3,34
2026-05-28 13:15:00,34,4,17,24,13,3,25
2026-05-28 13:30:00,25,4,19,20,13,3,20
2026-05-28 13:45:00,20,4,16,20,13,3,15
2026-05-28 14:00:00,15,5,11,35,14,3,1
2026-05-28 14:15:00,1,2,21,12,14,3,8
2026-05-28 14:30:00,8,2,25,8,14,3,23
2026-05-28 14:45:00,23,3,20,15,14,3,26
2026-05-28 15:00:00,26,3,18,18,15,3,25
2026-05-28 15:15:00,25,4,26,28,15,3,22
2026-05-28 15:30:00,22,2,19,14,15,3,28
2026-05-28 15:45:00,28,4,18,16,15,3,34
2026-05-28 16:00:00,34,5,18,20,16,3,26
2026-05-28 16:15:00,26,3,17,12,16,3,30
2026-05-28 16:30:00,30,5,21,30,16,3,19
2026-05-28 16:45:00,19,5,14,35,16,3,1
2026-05-28 17:00:00,1,4,13,28,17,3,1
2026-05-28 17:15:00,1,3,13,15,17,3,1
2026-05-28 17:30:00,1,3,15,18,17,3,1
2026-05-28 17:45:00,1,4,10,28,17,3,1
2026-05-28 18:00:00,1,3,14,15,18,3,1
2026-05-28 18:15:00,1,2,14,12,18,3,3
2026-05-28 18:30:00,3,2,14,14,18,3,1
2026-05-28 18:45:00,1,4,4,16,18,3,1
2026-05-28 19:00:00,1,5,15,20,19,3,1
2026-05-28 19:15:00,1,5,20,25,19,3,1
2026-05-28 19:30:00,1,3,12,12,19,3,1
2026-05-28 19:45:00,1,4,13,24,19,3,1
2026-05-28 20:00:00,1,5,15,25,20,3,1
2026-05-28 20:15:00,1,4,8,28,20,3,1
2026-05-28 20:30:00,1,3,11,21,20,3,1
2026-05-28 20:45:00,1,5,9,30,20,3,1
2026-05-28 21:00:00,1,5,10,20,21,3,1
2026-05-28 21:15:00,1,2,0,8,21,3,1
2026-05-28 21:30:00,1,5,8,35,21,3,1
2026-05-28 21:45:00,1,3,8,18,21,3,1
2026-05-28 22:00:00,1,5,13,35,22,3,1
2026-05-28 22:15:00,1,3,11,12,22,3,1
2026-05-28 22:30:00,1,2,9,12,22,3,1
2026-05-28 22:45:00,1,5,4,25,22,3,1
2026-05-28 23:00:00,1,2,2,10,23,3,1
2026-05-28 23:15:00,1,4,4,16,23,3,1
2026-05-28 23:30:00,1,5,10,20,23,3,1
2026-05-28 23:45:00,1,5,6,25,23,3,1
2026-05-29 00:00:00,1,3,0,15,0,4,1
2026-05-29 00:15:00,1,4,8,16,0,4,1
2026-05-29 00:30:00,1,2,16,14,0,4,1
2026-05-29 00:45:00,1,5,8,20,0,4,1
2026-05-29 01:00:00,1,2,12,8,1,4,5
2026-05-29 01:15:00,5,2,9,14,1,4,1
2026-05-29 01:30:00,1,2,10,12,1,4,1
2026-05-29 01:45:00,1,4,8,16,1,4,1
2026-05-29 02:00:00,1,5,13,35,2,4,1
2026-05-29 02:15:00,1,5,4,20,2,4,1
2026-05-29 02:30:00,1,5,13,25,2,4,1
2026-05-29 02:45:00,1,3,9,18,2,4,1
2026-05-29 03:00:00,1,3,5,15,3,4,1
2026-05-29 03:15:00,1,2,9,8,3,4,1
2026-05-29 03:30:00,1,2,14,10,3,4,7
2026-05-29 03:45:00,7,3,7,18,3,4,1
2026-05-29 04:00:00,1,4,13,28,4,4,1
2026-05-29 04:15:00,1,4,9,24,4,4,1
2026-05-29 04:30:00,1,4,13,24,4,4,1
2026-05-29 04:45:00,1,3,14,12,4,4,3
2026-05-29 05:00:00,3,3,16,15,5,4,2
2026-05-29 05:15:00,2,4,13,28,5,4,1
2026-05-29 05:30:00,1,3,5,15,5,4,1
2026-05-29 05:45:00,1,5,7,20,5,4,1
2026-05-29 06:00:00,1,2,13,12,6,4,1
2026-05-29 06:15:00,1,5,6,20,6,4,1
2026-05-29 06:30:00,1,4,8,24,6,4,1
2026-05-29 06:45:00,1,3,16,12,6,4,7
2026-05-29 07:00:00,7,3,13,21,7,4,1
2026-05-29 07:15:00,1,5,11,30,7,4,1
2026-05-29 07:30:00,1,2,12,8,7,4,4
2026-05-29 07:45:00,4,2,2,10,7,4,1
2026-05-29 08:00:00,1,3,7,18,8,4,1
2026-05-29 08:15:00,1,2,9,8,8,4,2
2026-05-29 08:30:00,2,5,12,25,8,4,1
2026-05-29 08:45:00,1,5,8,30,8,4,1
2026-05-29 09:00:00,1,5,20,30,9,4,1
2026-05-29 09:15:00,1,2,13,14,9,4,1
2026-05-29 09:30:00,1,3,21,21,9,4,1
2026-05-29 09:45:00,1,5,14,20,9,4,1
2026-05-29 10:00:00,1,3,22,15,10,4,5
2026-05-29 10:15:00,5,2,18,12,10,4,11
2026-05-29 10:30:00,11,3,18,21,10,4,9
2026-05-29 10:45:00,9,3,19,18,10,4,9
2026-05-29 11:00:00,9,5,24,25,11,4,8
2026-05-29 11:15:00,8,2,22,12,11,4,19
2026-05-29 11:30:00,19,4,22,28,11,4,14
2026-05-29 11:45:00,14,5,19,30,11,4,2
2026-05-29 12:00:00,2,4,22,24,12,4,1
2026-05-29 12:15:00,1,4,19,20,12,4,1
2026-05-29 12:30:00,1,2,24,10,12,4,15
2026-05-29 12:45:00,15,5,17,35,12,4,1
2026-05-29 13:00:00,1,2,13,14,13,4,1
2026-05-29 13:15:00,1,2,19,8,13,4,9
2026-05-29 13:30:00,9,4,20,24,13,4,5
2026-05-29 13:45:00,5,5,18,25,13,4,1
2026-05-29 14:00:00,1,5,16,25,14,4,1
2026-05-29 14:15:00,1,5,21,20,14,4,1
2026-05-29 14:30:00,1,5,12,20,14,4,1
2026-05-29 14:45:00,1,5,15,20,14,4,1
2026-05-29 15:00:00,1,4,18,20,15,4,1
2026-05-29 15:15:00,1,3,22,21,15,4,6
2026-05-29 15:30:00,6,2,17,12,15,4,10
2026-05-29 15:45:00,10,4,16,28,15,4,1
2026-05-29 16:00:00,1,2,15,12,16,4,2
2026-05-29 16:15:00,2,2,16,12,16,4,5
2026-05-29 16:30:00,5,3,18,15,16,4,8
2026-05-29 16:45:00,8,3,23,21,16,4,7
2026-05-29 17:00:00,7,5,16,30,17,4,1
2026-05-29 17:15:00,1,4,19,16,17,4,6
2026-05-29 17:30:00,6,3,9,21,17,4,1
2026-05-29 17:45:00,1,4,19,24,17,4,1
2026-05-29 18:00:00,1,4,12,24,18,4,1
2026-05-29 18:15:00,1,2,14,10,18,4,2
2026-05-29 18:30:00,2,4,20,20,18,4,2
2026-05-29 18:45:00,2,2,14,12,18,4,2
2026-05-29 19:00:00,2,3,12,18,19,4,1
2026-05-29 19:15:00,1,4,9,28,19,4,1
2026-05-29 19:30:00,1,4,10,20,19,4,1
2026-05-29 19:45:00,1,4,13,28,19,4,1
2026-05-29 20:00:00,1,4,7,28,20,4,1
2026-05-29 20:15:00,1,5,16,20,20,4,1
2026-05-29 20:30:00,1,5,12,30,20,4,1
2026-05-29 20:45:00,1,2,16,10,20,4,7
2026-05-29 21:00:00,7,2,9,8,21,4,6
2026-05-29 21:15:00,6,4,14,20,21,4,1
2026-05-29 21:30:00,1,4,8,24,21,4,1
2026-05-29 21:45:00,1,5,11,35,21,4,1
2026-05-29 22:00:00,1,3,7,12,22,4,1
2026-05-29 22:15:00,1,3,11,21,22,4,1
2026-05-29 22:30:00,1,5,6,20,22,4,1
2026-05-29 22:45:00,1,2,15,10,22,4,7
2026-05-29 23:00:00,7,5,15,20,23,4,1
2026-05-29 23:15:00,1,3,8,15,23,4,1
2026-05-29 23:30:00,1,2,9,10,23,4,1
2026-05-29 23:45:00,1,3,13,15,23,4,1
2026-05-30 00:00:00,1,2,7,14,0,5,1
2026-05-30 00:15:00,1,4,14,24,0,5,1
2026-05-30 00:30:00,1,3,10,15,0,5,1
2026-05-30 00:45:00,1,4,0,16,0,5,1
2026-05-30 01:00:00,1,2,4,12,1,5,1
2026-05-30 01:15:00,1,2,4,10,1,5,1
2026-05-30 01:30:00,1,4,11,24,1,5,1
2026-05-30 01:45:00,1,5,5,35,1,5,1
2026-05-30 02:00:00,1,3,3,18,2,5,1
2026-05-30 02:15:00,1,5,1,20,2,5,1
2026-05-30 02:30:00,1,2,2,12,2,5,1
2026-05-30 02:45:00,1,5,0,35,2,5,1
2026-05-30 03:00:00,1,3,2,15,3,5,1
2026-05-30 03:15:00,1,5,7,20,3,5,1
2026-05-30 03:30:00,1,4,4,16,3,5,1
2026-05-30 03:45:00,1,2,4,8,3,5,1
2026-05-30 04:00:00,1,3,11,12,4,5,1
2026-05-30 04:15:00,1,3,10,15,4,5,1
2026-05-30 04:30:00,1,4,8,28,4,5,1
2026-05-30 04:45:00,1,5,4,25,4,5,1
2026-05-30 05:00:00,1,2,9,14,5,5,1
2026-05-30 05:15:00,1,3,0,12,5,5,1
2026-05-30 05:30:00,1,5,3,25,5,5,1
2026-05-30 05:45:00,1,4,7,24,5,5,1
2026-05-30 06:00:00,1,5,4,35,6,5,1
2026-05-30 06:15:00,1,4,5,20,6,5,1
2026-05-30 06:30:00,1,3,11,15,6,5,1
2026-05-30 06:45:00,1,5,6,20,6,5,1
2026-05-30 07:00:00,1,2,4,12,7,5,1
2026-05-30 07:15:00,1,2,7,14,7,5,1
2026-05-30 07:30:00,1,5,12,30,7,5,1
2026-05-30 07:45:00,1,3,8,21,7,5,1
2026-05-30 08:00:00,1,4,6,20,8,5,1
2026-05-30 08:15:00,1,2,5,10,8,5,1
2026-05-30 08:30:00,1,5,8,35,8,5,1
2026-05-30 08:45:00,1,2,7,12,8,5,1
2026-05-30 09:00:00,1,4,14,28,9,5,1
2026-05-30 09:15:00,1,5,19,30,9,5,1
2026-05-30 09:30:00,1,5,14,25,9,5,1
2026-05-30 09:45:00,1,3,12,21,9,5,1
2026-05-30 10:00:00,1,3,24,12,10,5,12
2026-05-30 10:15:00,12,4,25,16,10,5,24
2026-05-30 10:30:00,24,2,18,10,10,5,30
2026-05-30 10:45:00,30,2,22,8,10,5,46
2026-05-30 11:00:00,46,5,16,35,11,5,29
2026-05-30 11:15:00,29,3,17,21,11,5,23
2026-05-30 11:30:00,23,3,10,15,11,5,20
2026-05-30 11:45:00,20,4,25,28,11,5,19
2026-05-30 12:00:00,19,5,18,20,12,5,17
2026-05-30 12:15:00,17,3,14,21,12,5,11
2026-05-30 12:30:00,11,4,17,20,12,5,9
2026-05-30 12:45:00,9,2,22,8,12,5,22
2026-05-30 13:00:00,22,4,22,28,13,5,14
2026-05-30 13:15:00,14,4,10,16,13,5,8
2026-05-30 13:30:00,8,5,11,20,13,5,1
2026-05-30 13:45:00,1,4,13,28,13,5,1
2026-05-30 14:00:00,1,3,22,21,14,5,1
2026-05-30 14:15:00,1,2,8,14,14,5,1
2026-05-30 14:30:00,1,5,13,25,14,5,1
2026-05-30 14:45:00,1,5,7,35,14,5,1
2026-05-30 15:00:00,1,4,25,16,15,5,10
2026-05-30 15:15:00,10,3,21,18,15,5,11
2026-05-30 15:30:00,11,4,12,20,15,5,7
2026-05-30 15:45:00,7,5,21,35,15,5,1
2026-05-30 16:00:00,1,3,19,18,16,5,1
2026-05-30 16:15:00,1,4,15,24,16,5,1
2026-05-30 16:30:00,1,2,14,8,16,5,7
2026-05-30 16:45:00,7,5,11,20,16,5,1
2026-05-30 17:00:00,1,2,14,10,17,5,5
2026-05-30 17:15:00,5,3,6,18,17,5,1
2026-05-30 17:30:00,1,2,11,10,17,5,4
2026-05-30 17:45:00,4,5,11,30,17,5,1
2026-05-30 18:00:00,1,3,14,18,18,5,2
2026-05-30 18:15:00,2,5,10,25,18,5,1
2026-05-30 18:30:00,1,5,7,35,18,5,1
2026-05-30 18:45:00,1,3,10,18,18,5,1
2026-05-30 19:00:00,1,4,12,28,19,5,1
2026-05-30 19:15:00,1,5,15,20,19,5,1
2026-05-30 19:30:00,1,2,9,10,19,5,2
2026-05-30 19:45:00,2,5,10,30,19,5,1
2026-05-30 20:00:00,1,4,1,24,20,5,1
2026-05-30 20:15:00,1,4,8,24,20,5,1
2026-05-30 20:30:00,1,5,0,35,20,5,1
2026-05-30 20:45:00,1,5,2,20,20,5,1
2026-05-30 21:00:00,1,4,8,20,21,5,1
2026-05-30 21:15:00,1,3,6,12,21,5,1
2026-05-30 21:30:00,1,2,8,10,21,5,1
2026-05-30 21:45:00,1,5,4,25,21,5,1
2026-05-30 22:00:00,1,3,2,15,22,5,1
2026-05-30 22:15:00,1,2,3,8,22,5,1
2026-05-30 22:30:00,1,4,1,16,22,5,1
2026-05-30 22:45:00,1,4,8,20,22,5,1
2026-05-30 23:00:00,1,2,6,12,23,5,1
2026-05-30 23:15:00,1,3,0,18,23,5,1
2026-05-30 23:30:00,1,5,10,35,23,5,1
2026-05-30 23:45:00,1,5,3,25,23,5,1
2026-05-31 00:00:00,1,5,0,20,0,6,1
2026-05-31 00:15:00,1,3,13,21,0,6,1
2026-05-31 00:30:00,1,4,0,16,0,6,1
2026-05-31 00:45:00,1,4,5,16,0,6,1
2026-05-31 01:00:00,1,5,0,35,1,6,1
2026-05-31 01:15:00,1,3,0,12,1,6,1
2026-05-31 01:30:00,1,4,5,28,1,6,1
2026-05-31 01:45:00,1,5,7,30,1,6,1
2026-05-31 02:00:00,1,2,9,10,2,6,1
2026-05-31 02:15:00,1,4,8,16,2,6,1
2026-05-31 02:30:00,1,5,7,20,2,6,1
2026-05-31 02:45:00,1,2,9,12,2,6,1
2026-05-31 03:00:00,1,5,0,35,3,6,1
2026-05-31 03:15:00,1,5,8,20,3,6,1
2026-05-31 03:30:00,1,5,2,35,3,6,1
2026-05-31 03:45:00,1,4,6,20,3,6,1
2026-05-31 04:00:00,1,2,10,14,4,6,1
2026-05-31 04:15:00,1,5,9,35,4,6,1
2026-05-31 04:30:00,1,2,7,14,4,6,1
2026-05-31 04:45:00,1,3,8,15,4,6,1
2026-05-31 05:00:00,1,3,7,12,5,6,1
2026-05-31 05:15:00,1,5,1,25,5,6,1
2026-05-31 05:30:00,1,5,13,25,5,6,1
2026-05-31 05:45:00,1,4,6,16,5,6,1
2026-05-31 06:00:00,1,4,5,16,6,6,1
2026-05-31 06:15:00,1,5,6,35,6,6,1
2026-05-31 06:30:00,1,5,4,35,6,6,1
2026-05-31 06:45:00,1,4,13,20,6,6,1
2026-05-31 07:00:00,1,3,6,21,7,6,1
2026-05-31 07:15:00,1,5,13,20,7,6,1
2026-05-31 07:30:00,1,4,4,20,7,6,1
2026-05-31 07:45:00,1,4,13,20,7,6,1
2026-05-31 08:00:00,1,3,0,21,8,6,1
2026-05-31 08:15:00,1,2,6,10,8,6,1
2026-05-31 08:30:00,1,5,8,25,8,6,1
2026-05-31 08:45:00,1,3,0,15,8,6,1
2026-05-31 09:00:00,1,3,11,18,9,6,1
2026-05-31 09:15:00,1,5,16,25,9,6,1
2026-05-31 09:30:00,1,5,16,25,9,6,1
2026-05-31 09:45:00,1,3,17,15,9,6,2
2026-05-31 10:00:00,2,2,13,14,10,6,1
2026-05-31 10:15:00,1,5,20,35,10,6,1
2026-05-31 10:30:00,1,3,20,21,10,6,1
2026-05-31 10:45:00,1,2,14,12,10,6,3
2026-05-31 11:00:00,3,4,14,16,11,6,1
2026-05-31 11:15:00,1,4,22,28,11,6,1
2026-05-31 11:30:00,1,2,24,14,11,6,10
2026-05-31 11:45:00,10,5,19,20,11,6,9
2026-05-31 12:00:00,9,5,9,35,12,6,1
2026-05-31 12:15:00,1,2,22,12,12,6,9
2026-05-31 12:30:00,9,4,12,24,12,6,1
2026-05-31 12:45:00,1,2,13,10,12,6,3
2026-05-31 13:00:00,3,3,12,12,13,6,2
2026-05-31 13:15:00,2,4,15,16,13,6,1
2026-05-31 13:30:00,1,5,15,20,13,6,1
2026-05-31 13:45:00,1,2,15,12,13,6,4
2026-05-31 14:00:00,4,5,19,30,14,6,1
2026-05-31 14:15:00,1,3,16,15,14,6,5
2026-05-31 14:30:00,5,2,17,8,14,6,15
2026-05-31 14:45:00,15,5,24,25,14,6,13
2026-05-31 15:00:00,13,2,11,14,15,6,8
2026-05-31 15:15:00,8,2,17,12,15,6,9
2026-05-31 15:30:00,9,2,12,14,15,6,6
2026-05-31 15:45:00,6,5,11,30,15,6,1
2026-05-31 16:00:00,1,2,17,8,16,6,10
2026-05-31 16:15:00,10,4,22,28,16,6,3
2026-05-31 16:30:00,3,2,8,8,16,6,5
2026-05-31 16:45:00,5,4,13,16,16,6,4
2026-05-31 17:00:00,4,4,10,20,17,6,1
2026-05-31 17:15:00,1,3,13,15,17,6,1
2026-05-31 17:30:00,1,5,8,20,17,6,1
2026-05-31 17:45:00,1,4,7,20,17,6,1
2026-05-31 18:00:00,1,4,9,28,18,6,1
2026-05-31 18:15:00,1,3,4,12,18,6,1
2026-05-31 18:30:00,1,4,15,28,18,6,1
2026-05-31 18:45:00,1,5,6,20,18,6,1
2026-05-31 19:00:00,1,2,10,10,19,6,2
2026-05-31 19:15:00,2,4,12,20,19,6,1
2026-05-31 19:30:00,1,4,15,28,19,6,1
2026-05-31 19:45:00,1,5,10,25,19,6,1
2026-05-31 20:00:00,1,2,6,8,20,6,1
2026-05-31 20:15:00,1,5,3,35,20,6,1
2026-05-31 20:30:00,1,3,0,15,20,6,1
2026-05-31 20:45:00,1,5,1,20,20,6,1
2026-05-31 21:00:00,1,4,6,20,21,6,1
2026-05-31 21:15:00,1,4,10,28,21,6,1
2026-05-31 21:30:00,1,3,9,12,21,6,1
2026-05-31 21:45:00,1,3,7,15,21,6,1
2026-05-31 22:00:00,1,3,9,21,22,6,1
2026-05-31 22:15:00,1,3,10,18,22,6,1
2026-05-31 22:30:00,1,4,13,28,22,6,1
2026-05-31 22:45:00,1,5,9,35,22,6,1
2026-05-31 23:00:00,1,3,6,15,23,6,1
2026-05-31 23:15:00,1,5,6,20,23,6,1
2026-05-31 23:30:00,1,3,6,12,23,6,1
2026-05-31 23:45:00,1,3,13,18,23,6,1
2026-06-01 00:00:00,1,2,13,14,0,0,1
2026-06-01 00:15:00,1,5,16,20,0,0,1
2026-06-01 00:30:00,1,3,12,18,0,0,1
2026-06-01 00:45:00,1,4,11,28,0,0,1
2026-06-01 01:00:00,1,3,6,21,1,0,1
2026-06-01 01:15:00,1,2,6,8,1,0,1
2026-06-01 01:30:00,1,3,1,21,1,0,1
2026-06-01 01:45:00,1,5,11,25,1,0,1
2026-06-01 02:00:00,1,2,7,14,2,0,1
2026-06-01 02:15:00,1,4,4,28,2,0,1
2026-06-01 02:30:00,1,3,5,18,2,0,1
2026-06-01 02:45:00,1,2,4,12,2,0,1
2026-06-01 03:00:00,1,5,11,35,3,0,1
2026-06-01 03:15:00,1,3,10,15,3,0,1
2026-06-01 03:30:00,1,4,10,20,3,0,1
2026-06-01 03:45:00,1,4,7,24,3,0,1
2026-06-01 04:00:00,1,5,12,35,4,0,1
2026-06-01 04:15:00,1,4,13,28,4,0,1
2026-06-01 04:30:00,1,5,12,20,4,0,1
2026-06-01 04:45:00,1,5,8,35,4,0,1
2026-06-01 05:00:00,1,3,8,12,5,0,1
2026-06-01 05:15:00,1,3,3,21,5,0,1
2026-06-01 05:30:00,1,4,6,16,5,0,1
2026-06-01 05:45:00,1,2,14,10,5,0,4
2026-06-01 06:00:00,4,3,6,12,6,0,1
2026-06-01 06:15:00,1,2,6,8,6,0,1
2026-06-01 06:30:00,1,3,11,21,6,0,1
2026-06-01 06:45:00,1,3,10,18,6,0,1
2026-06-01 07:00:00,1,3,5,18,7,0,1
2026-06-01 07:15:00,1,2,11,14,7,0,1
2026-06-01 07:30:00,1,2,9,12,7,0,1
2026-06-01 07:45:00,1,3,7,15,7,0,1
2026-06-01 08:00:00,1,5,1,35,8,0,1
2026-06-01 08:15:00,1,4,10,24,8,0,1
2026-06-01 08:30:00,1,3,3,18,8,0,1
2026-06-01 08:45:00,1,4,3,24,8,0,1
2026-06-01 09:00:00,1,2,22,10,9,0,15
2026-06-01 09:15:00,15,2,24,14,9,0,26
2026-06-01 09:30:00,26,4,16,24,9,0,15
2026-06-01 09:45:00,15,5,23,30,9,0,10
2026-06-01 10:00:00,10,4,25,24,10,0,10
2026-06-01 10:15:00,10,5,16,25,10,0,2
2026-06-01 10:30:00,2,4,20,20,10,0,1
2026-06-01 10:45:00,1,2,15,10,10,0,6
2026-06-01 11:00:00,6,5,21,35,11,0,1
2026-06-01 11:15:00,1,2,24,14,11,0,11
2026-06-01 11:30:00,11,5,23,25,11,0,7
2026-06-01 11:45:00,7,2,20,10,11,0,17
2026-06-01 12:00:00,17,4,15,28,12,0,6
2026-06-01 12:15:00,6,4,26,20,12,0,10
2026-06-01 12:30:00,10,3,17,21,12,0,5
2026-06-01 12:45:00,5,4,26,16,12,0,15
2026-06-01 13:00:00,15,3,10,12,13,0,13
2026-06-01 13:15:00,13,5,15,20,13,0,7
2026-06-01 13:30:00,7,4,17,20,13,0,1
2026-06-01 13:45:00,1,5,17,25,13,0,1
2026-06-01 14:00:00,1,5,13,35,14,0,1
2026-06-01 14:15:00,1,4,15,20,14,0,1
2026-06-01 14:30:00,1,3,17,12,14,0,5
2026-06-01 14:45:00,5,3,20,21,14,0,8
2026-06-01 15:00:00,8,4,19,20,15,0,6
2026-06-01 15:15:00,6,3,23,12,15,0,19
2026-06-01 15:30:00,19,2,24,14,15,0,27
2026-06-01 15:45:00,27,5,20,25,15,0,24
2026-06-01 16:00:00,24,2,19,10,16,0,32
2026-06-01 16:15:00,32,3,9,21,16,0,19
2026-06-01 16:30:00,19,2,15,12,16,0,20
2026-06-01 16:45:00,20,3,18,15,16,0,25
2026-06-01 17:00:00,25,4,19,28,17,0,15
2026-06-01 17:15:00,15,3,14,15,17,0,12
2026-06-01 17:30:00,12,3,16,18,17,0,10
2026-06-01 17:45:00,10,3,14,18,17,0,4
2026-06-01 18:00:00,4,3,17,18,18,0,3
2026-06-01 18:15:00,3,5,18,20,18,0,5
2026-06-01 18:30:00,5,3,17,15,18,0,7
2026-06-01 18:45:00,7,3,19,15,18,0,10
2026-06-01 19:00:00,10,3,10,21,19,0,1
2026-06-01 19:15:00,1,3,14,12,19,0,4
2026-06-01 19:30:00,4,2,12,10,19,0,11
2026-06-01 19:45:00,11,3,19,18,19,0,9
2026-06-01 20:00:00,9,2,8,12,20,0,5
2026-06-01 20:15:00,5,4,5,16,20,0,1
2026-06-01 20:30:00,1,2,13,12,20,0,1
2026-06-01 20:45:00,1,2,9,10,20,0,1
2026-06-01 21:00:00,1,5,3,20,21,0,1
2026-06-01 21:15:00,1,3,10,15,21,0,1
2026-06-01 21:30:00,1,5,1,20,21,0,1
2026-06-01 21:45:00,1,5,9,35,21,0,1
2026-06-01 22:00:00,1,3,13,15,22,0,1
2026-06-01 22:15:00,1,5,17,25,22,0,1
2026-06-01 22:30:00,1,4,1,16,22,0,1
2026-06-01 22:45:00,1,4,12,16,22,0,1
2026-06-01 23:00:00,1,2,5,10,23,0,1
2026-06-01 23:15:00,1,5,12,30,23,0,1
2026-06-01 23:30:00,1,3,11,12,23,0,2
2026-06-01 23:45:00,2,5,6,20,23,0,1
2026-06-02 00:00:00,1,4,6,20,0,1,1
2026-06-02 00:15:00,1,5,6,20,0,1,1
2026-06-02 00:30:00,1,3,11,21,0,1,1
2026-06-02 00:45:00,1,2,10,8,0,1,1
2026-06-02 01:00:00,1,2,16,8,1,1,4
2026-06-02 01:15:00,4,2,8,10,1,1,2
2026-06-02 01:30:00,2,5,3,25,1,1,1
2026-06-02 01:45:00,1,5,4,20,1,1,1
2026-06-02 02:00:00,1,2,12,14,2,1,1
2026-06-02 02:15:00,1,2,7,8,2,1,1
2026-06-02 02:30:00,1,3,9,12,2,1,1
2026-06-02 02:45:00,1,2,8,10,2,1,1
2026-06-02 03:00:00,1,4,11,24,3,1,1
2026-06-02 03:15:00,1,4,9,16,3,1,1
2026-06-02 03:30:00,1,2,6,8,3,1,1
2026-06-02 03:45:00,1,2,3,14,3,1,1
2026-06-02 04:00:00,1,5,12,25,4,1,1
2026-06-02 04:15:00,1,3,5,21,4,1,1
2026-06-02 04:30:00,1,3,10,18,4,1,1
2026-06-02 04:45:00,1,2,9,8,4,1,1
2026-06-02 05:00:00,1,5,2,30,5,1,1
2026-06-02 05:15:00,1,4,12,16,5,1,1
2026-06-02 05:30:00,1,2,12,12,5,1,1
2026-06-02 05:45:00,1,4,5,16,5,1,1
2026-06-02 06:00:00,1,4,4,20,6,1,1
2026-06-02 06:15:00,1,3,15,12,6,1,2
2026-06-02 06:30:00,2,3,7,18,6,1,1
2026-06-02 06:45:00,1,5,2,35,6,1,1
2026-06-02 07:00:00,1,4,7,16,7,1,1
2026-06-02 07:15:00,1,5,8,35,7,1,1
2026-06-02 07:30:00,1,5,12,20,7,1,1
2026-06-02 07:45:00,1,5,0,35,7,1,1
2026-06-02 08:00:00,1,5,8,35,8,1,1
2026-06-02 08:15:00,1,2,1,8,8,1,1
2026-06-02 08:30:00,1,2,8,14,8,1,1
2026-06-02 08:45:00,1,3,5,18,8,1,1
2026-06-02 09:00:00,1,3,24,12,9,1,9
2026-06-02 09:15:00,9,5,23,35,9,1,1
2026-06-02 09:30:00,1,4,20,28,9,1,1
2026-06-02 09:45:00,1,4,19,28,9,1,1
2026-06-02 10:00:00,1,4,19,28,10,1,1
2026-06-02 10:15:00,1,5,21,35,10,1,1
2026-06-02 10:30:00,1,2,19,12,10,1,8
2026-06-02 10:45:00,8,2,16,10,10,1,13
2026-06-02 11:00:00,13,4,30,16,11,1,25
2026-06-02 11:15:00,25,5,27,25,11,1,25
2026-06-02 11:30:00,25,4,19,28,11,1,18
2026-06-02 11:45:00,18,2,21,8,11,1,31
2026-06-02 12:00:00,31,3,16,18,12,1,28
2026-06-02 12:15:00,28,4,24,28,12,1,23
2026-06-02 12:30:00,23,2,22,8,12,1,38
2026-06-02 12:45:00,38,3,28,18,12,1,48
2026-06-02 13:00:00,48,5,22,25,13,1,43
2026-06-02 13:15:00,43,5,11,35,13,1,21
2026-06-02 13:30:00,21,3,17,18,13,1,19
2026-06-02 13:45:00,19,2,25,12,13,1,32
2026-06-02 14:00:00,32,2,16,14,14,1,31
2026-06-02 14:15:00,31,5,16,25,14,1,24
2026-06-02 14:30:00,24,3,22,18,14,1,24
2026-06-02 14:45:00,24,3,20,15,14,1,26
2026-06-02 15:00:00,26,3,25,21,15,1,29
2026-06-02 15:15:00,29,3,14,18,15,1,26
2026-06-02 15:30:00,26,2,21,10,15,1,32
2026-06-02 15:45:00,32,4,19,24,15,1,28
2026-06-02 16:00:00,28,2,16,12,16,1,28
2026-06-02 16:15:00,28,4,22,16,16,1,34
2026-06-02 16:30:00,34,5,19,35,16,1,17
2026-06-02 16:45:00,17,2,15,10,16,1,21
2026-06-02 17:00:00,21,2,10,8,17,1,24
2026-06-02 17:15:00,24,4,9,28,17,1,6
2026-06-02 17:30:00,6,5,13,35,17,1,1
2026-06-02 17:45:00,1,3,7,15,17,1,1
2026-06-02 18:00:00,1,5,5,30,18,1,1
2026-06-02 18:15:00,1,2,11,10,18,1,4
2026-06-02 18:30:00,4,2,22,10,18,1,16
2026-06-02 18:45:00,16,2,9,14,18,1,10
2026-06-02 19:00:00,10,4,21,16,19,1,15
2026-06-02 19:15:00,15,4,16,24,19,1,4
2026-06-02 19:30:00,4,2,11,14,19,1,1
2026-06-02 19:45:00,1,5,11,30,19,1,1
2026-06-02 20:00:00,1,2,14,10,20,1,2
2026-06-02 20:15:00,2,4,10,28,20,1,1
2026-06-02 20:30:00,1,5,12,25,20,1,1
2026-06-02 20:45:00,1,5,7,25,20,1,1
2026-06-02 21:00:00,1,4,5,24,21,1,1
2026-06-02 21:15:00,1,3,16,15,21,1,1
2026-06-02 21:30:00,1,2,10,12,21,1,1
2026-06-02 21:45:00,1,5,0,35,21,1,1
2026-06-02 22:00:00,1,5,13,30,22,1,1
2026-06-02 22:15:00,1,5,7,35,22,1,1
2026-06-02 22:30:00,1,3,2,21,22,1,1
2026-06-02 22:45:00,1,2,6,12,22,1,1
2026-06-02 23:00:00,1,4,0,24,23,1,1
2026-06-02 23:15:00,1,5,6,30,23,1,1
2026-06-02 23:30:00,1,5,9,30,23,1,1
2026-06-02 23:45:00,1,5,6,35,23,1,1
2026-06-03 00:00:00,1,5,9,30,0,2,1
2026-06-03 00:15:00,1,2,8,8,0,2,1
2026-06-03 00:30:00,1,4,6,24,0,2,1
2026-06-03 00:45:00,1,5,17,35,0,2,1
2026-06-03 01:00:00,1,4,8,20,1,2,1
2026-06-03 01:15:00,1,4,9,20,1,2,1
2026-06-03 01:30:00,1,4,10,24,1,2,1
2026-06-03 01:45:00,1,4,13,20,1,2,1
2026-06-03 02:00:00,1,5,7,35,2,2,1
2026-06-03 02:15:00,1,2,5,12,2,2,1
2026-06-03 02:30:00,1,2,5,8,2,2,1
2026-06-03 02:45:00,1,5,7,20,2,2,1
2026-06-03 03:00:00,1,5,11,30,3,2,1
2026-06-03 03:15:00,1,5,2,35,3,2,1
2026-06-03 03:30:00,1,3,12,15,3,2,1
2026-06-03 03:45:00,1,3,4,12,3,2,1
2026-06-03 04:00:00,1,4,10,24,4,2,1
2026-06-03 04:15:00,1,5,0,25,4,2,1
2026-06-03 04:30:00,1,3,11,12,4,2,1
2026-06-03 04:45:00,1,5,2,30,4,2,1
2026-06-03 05:00:00,1,5,6,35,5,2,1
2026-06-03 05:15:00,1,4,7,24,5,2,1
2026-06-03 05:30:00,1,3,8,18,5,2,1
2026-06-03 05:45:00,1,5,7,25,5,2,1
2026-06-03 06:00:00,1,3,5,21,6,2,1
2026-06-03 06:15:00,1,3,14,21,6,2,1
2026-06-03 06:30:00,1,5,5,20,6,2,1
2026-06-03 06:45:00,1,5,13,20,6,2,1
2026-06-03 07:00:00,1,5,7,25,7,2,1
2026-06-03 07:15:00,1,4,6,24,7,2,1
2026-06-03 07:30:00,1,4,4,16,7,2,1
2026-06-03 07:45:00,1,3,5,18,7,2,1
2026-06-03 08:00:00,1,2,13,10,8,2,3
2026-06-03 08:15:00,3,3,6,15,8,2,1
2026-06-03 08:30:00,1,5,10,35,8,2,1
2026-06-03 08:45:00,1,3,13,21,8,2,1
2026-06-03 09:00:00,1,5,16,35,9,2,1
2026-06-03 09:15:00,1,2,11,10,9,2,1
2026-06-03 09:30:00,1,3,16,18,9,2,1
2026-06-03 09:45:00,1,3,19,21,9,2,1
2026-06-03 10:00:00,1,2,25,14,10,2,12
2026-06-03 10:15:00,12,2,25,8,10,2,29
2026-06-03 10:30:00,29,3,22,15,10,2,35
2026-06-03 10:45:00,35,4,21,20,10,2,40
2026-06-03 11:00:00,40,2,21,8,11,2,51
2026-06-03 11:15:00,51,5,23,35,11,2,37
2026-06-03 11:30:00,37,2,26,14,11,2,46
2026-06-03 11:45:00,46,3,29,21,11,2,50
2026-06-03 12:00:00,50,2,26,8,12,2,66
2026-06-03 12:15:00,66,5,24,35,12,2,55
2026-06-03 12:30:00,55,5,13,25,12,2,44
2026-06-03 12:45:00,44,5,21,30,12,2,32
2026-06-03 13:00:00,32,2,17,8,13,2,43
2026-06-03 13:15:00,43,5,21,25,13,2,37
2026-06-03 13:30:00,37,3,15,15,13,2,37
2026-06-03 13:45:00,37,3,13,21,13,2,29
2026-06-03 14:00:00,29,3,20,12,14,2,39
2026-06-03 14:15:00,39,3,14,12,14,2,40
2026-06-03 14:30:00,40,4,17,20,14,2,36
2026-06-03 14:45:00,36,2,19,10,14,2,45
2026-06-03 15:00:00,45,4,19,24,15,2,39
2026-06-03 15:15:00,39,4,12,24,15,2,24
2026-06-03 15:30:00,24,4,22,28,15,2,16
2026-06-03 15:45:00,16,4,18,16,15,2,18
2026-06-03 16:00:00,18,4,18,28,16,2,6
2026-06-03 16:15:00,6,5,21,30,16,2,1
2026-06-03 16:30:00,1,4,17,28,16,2,1
2026-06-03 16:45:00,1,5,18,35,16,2,1
2026-06-03 17:00:00,1,3,16,15,17,2,1
2026-06-03 17:15:00,1,5,18,30,17,2,1
2026-06-03 17:30:00,1,5,14,20,17,2,1
2026-06-03 17:45:00,1,5,12,35,17,2,1
2026-06-03 18:00:00,1,4,12,28,18,2,1
2026-06-03 18:15:00,1,3,16,15,18,2,1
2026-06-03 18:30:00,1,2,14,14,18,2,1
2026-06-03 18:45:00,1,3,19,18,18,2,2
2026-06-03 19:00:00,2,5,16,35,19,2,1
2026-06-03 19:15:00,1,2,13,12,19,2,2
2026-06-03 19:30:00,2,2,13,10,19,2,4
2026-06-03 19:45:00,4,2,15,14,19,2,5
2026-06-03 20:00:00,5,3,6,12,20,2,1
2026-06-03 20:15:00,1,4,13,16,20,2,1
2026-06-03 20:30:00,1,3,10,18,20,2,1
2026-06-03 20:45:00,1,2,9,14,20,2,1
2026-06-03 21:00:00,1,5,6,30,21,2,1
2026-06-03 21:15:00,1,3,5,21,21,2,1
2026-06-03 21:30:00,1,2,4,14,21,2,1
2026-06-03 21:45:00,1,2,11,14,21,2,1
2026-06-03 22:00:00,1,4,12,16,22,2,1
2026-06-03 22:15:00,1,4,4,28,22,2,1
2026-06-03 22:30:00,1,4,5,28,22,2,1
2026-06-03 22:45:00,1,2,6,10,22,2,1
2026-06-03 23:00:00,1,3,10,15,23,2,1
2026-06-03 23:15:00,1,3,9,18,23,2,1
2026-06-03 23:30:00,1,4,4,20,23,2,1
2026-06-03 23:45:00,1,5,4,25,23,2,1
2026-06-04 00:00:00,1,4,7,20,0,3,1
2026-06-04 00:15:00,1,3,9,18,0,3,1
2026-06-04 00:30:00,1,5,7,35,0,3,1
2026-06-04 00:45:00,1,2,9,14,0,3,1
2026-06-04 01:00:00,1,4,9,16,1,3,1
2026-06-04 01:15:00,1,5,4,30,1,3,1
2026-06-04 01:30:00,1,5,4,20,1,3,1
2026-06-04 01:45:00,1,2,13,12,1,3,2
2026-06-04 02:00:00,2,2,8,8,2,3,3
2026-06-04 02:15:00,3,2,22,10,2,3,14
2026-06-04 02:30:00,14,4,7,24,2,3,1
2026-06-04 02:45:00,1,3,6,18,2,3,1
2026-06-04 03:00:00,1,3,18,12,3,3,4
2026-06-04 03:15:00,4,2,7,14,3,3,1
2026-06-04 03:30:00,1,3,3,15,3,3,1
2026-06-04 03:45:00,1,3,8,21,3,3,1
2026-06-04 04:00:00,1,5,14,25,4,3,1
2026-06-04 04:15:00,1,4,10,16,4,3,1
2026-06-04 04:30:00,1,5,9,30,4,3,1
2026-06-04 04:45:00,1,2,8,14,4,3,1
2026-06-04 05:00:00,1,2,7,8,5,3,1
2026-06-04 05:15:00,1,2,6,8,5,3,1
2026-06-04 05:30:00,1,5,4,30,5,3,1
2026-06-04 05:45:00,1,5,11,25,5,3,1
2026-06-04 06:00:00,1,5,8,30,6,3,1
2026-06-04 06:15:00,1,2,5,10,6,3,1
2026-06-04 06:30:00,1,4,3,16,6,3,1
2026-06-04 06:45:00,1,4,11,16,6,3,1
2026-06-04 07:00:00,1,5,10,25,7,3,1
2026-06-04 07:15:00,1,4,11,28,7,3,1
2026-06-04 07:30:00,1,3,5,18,7,3,1
2026-06-04 07:45:00,1,5,17,35,7,3,1
2026-06-04 08:00:00,1,4,13,20,8,3,1
2026-06-04 08:15:00,1,4,7,24,8,3,1
2026-06-04 08:30:00,1,3,9,15,8,3,1
2026-06-04 08:45:00,1,5,6,20,8,3,1
2026-06-04 09:00:00,1,4,18,24,9,3,1
2026-06-04 09:15:00,1,2,25,10,9,3,14
2026-06-04 09:30:00,14,2,22,14,9,3,18
2026-06-04 09:45:00,18,5,21,35,9,3,2
2026-06-04 10:00:00,2,3,15,15,10,3,1
2026-06-04 10:15:00,1,4,25,20,10,3,4
2026-06-04 10:30:00,4,5,21,35,10,3,1
2026-06-04 10:45:00,1,3,17,21,10,3,1
2026-06-04 11:00:00,1,4,16,16,11,3,1
2026-06-04 11:15:00,1,4,24,28,11,3,1
2026-06-04 11:30:00,1,5,16,20,11,3,1
2026-06-04 11:45:00,1,4,18,28,11,3,1
2026-06-04 12:00:00,1,2,22,14,12,3,6
2026-06-04 12:15:00,6,4,21,24,12,3,1
2026-06-04 12:30:00,1,4,22,28,12,3,1
2026-06-04 12:45:00,1,2,23,12,12,3,11
2026-06-04 13:00:00,11,4,10,16,13,3,7
2026-06-04 13:15:00,7,2,12,14,13,3,3
2026-06-04 13:30:00,3,2,18,10,13,3,14
2026-06-04 13:45:00,14,4,23,24,13,3,12
2026-06-04 14:00:00,12,5,18,35,14,3,1
2026-06-04 14:15:00,1,4,18,24,14,3,1
2026-06-04 14:30:00,1,4,17,28,14,3,1
2026-06-04 14:45:00,1,3,19,12,14,3,5
2026-06-04 15:00:00,5,5,22,30,15,3,1
2026-06-04 15:15:00,1,2,16,8,15,3,8
2026-06-04 15:30:00,8,3,12,21,15,3,1
2026-06-04 15:45:00,1,2,12,10,15,3,3
2026-06-04 16:00:00,3,3,16,21,16,3,1
2026-06-04 16:15:00,1,3,11,15,16,3,1
2026-06-04 16:30:00,1,3,20,21,16,3,1
2026-06-04 16:45:00,1,4,20,24,16,3,1
2026-06-04 17:00:00,1,2,18,8,17,3,12
2026-06-04 17:15:00,12,5,17,35,17,3,1
2026-06-04 17:30:00,1,2,15,14,17,3,3
2026-06-04 17:45:00,3,4,10,24,17,3,1
2026-06-04 18:00:00,1,3,17,15,18,3,1
2026-06-04 18:15:00,1,4,18,16,18,3,1
2026-06-04 18:30:00,1,4,6,16,18,3,1
2026-06-04 18:45:00,1,4,8,24,18,3,1
2026-06-04 19:00:00,1,3,15,15,19,3,2
2026-06-04 19:15:00,2,2,9,8,19,3,2
2026-06-04 19:30:00,2,2,10,8,19,3,4
2026-06-04 19:45:00,4,3,14,12,19,3,6
2026-06-04 20:00:00,6,4,14,20,20,3,1
2026-06-04 20:15:00,1,5,3,25,20,3,1
2026-06-04 20:30:00,1,4,15,28,20,3,1
2026-06-04 20:45:00,1,2,6,12,20,3,1
2026-06-04 21:00:00,1,4,14,16,21,3,1
2026-06-04 21:15:00,1,3,5,21,21,3,1
2026-06-04 21:30:00,1,3,9,15,21,3,1
2026-06-04 21:45:00,1,2,7,12,21,3,1
2026-06-04 22:00:00,1,4,9,16,22,3,1
2026-06-04 22:15:00,1,5,14,20,22,3,1
2026-06-04 22:30:00,1,2,9,8,22,3,1
2026-06-04 22:45:00,1,4,5,24,22,3,1
2026-06-04 23:00:00,1,3,7,15,23,3,1
2026-06-04 23:15:00,1,3,17,21,23,3,1
2026-06-04 23:30:00,1,5,7,30,23,3,1
2026-06-04 23:45:00,1,5,8,20,23,3,1
2026-06-05 00:00:00,1,3,11,12,0,4,1
2026-06-05 00:15:00,1,4,14,16,0,4,1
2026-06-05 00:30:00,1,2,7,12,0,4,1
2026-06-05 00:45:00,1,5,10,25,0,4,1
2026-06-05 01:00:00,1,3,7,12,1,4,1
2026-06-05 01:15:00,1,4,11,24,1,4,1
2026-06-05 01:30:00,1,3,14,15,1,4,1
2026-06-05 01:45:00,1,3,5,12,1,4,1
2026-06-05 02:00:00,1,5,12,35,2,4,1
2026-06-05 02:15:00,1,5,7,35,2,4,1
2026-06-05 02:30:00,1,4,12,16,2,4,1
2026-06-05 02:45:00,1,3,9,18,2,4,1
2026-06-05 03:00:00,1,2,14,10,3,4,7
2026-06-05 03:15:00,7,3,12,18,3,4,1
2026-06-05 03:30:00,1,4,6,16,3,4,1
2026-06-05 03:45:00,1,2,11,14,3,4,1
2026-06-05 04:00:00,1,2,0,8,4,4,1
2026-06-05 04:15:00,1,2,3,8,4,4,1
2026-06-05 04:30:00,1,4,4,24,4,4,1
2026-06-05 04:45:00,1,4,10,28,4,4,1
2026-06-05 05:00:00,1,5,2,35,5,4,1
2026-06-05 05:15:00,1,5,8,30,5,4,1
2026-06-05 05:30:00,1,2,5,10,5,4,1
2026-06-05 05:45:00,1,5,6,25,5,4,1
2026-06-05 06:00:00,1,4,11,20,6,4,1
2026-06-05 06:15:00,1,4,9,24,6,4,1
2026-06-05 06:30:00,1,4,8,16,6,4,1
2026-06-05 06:45:00,1,4,11,16,6,4,1
2026-06-05 07:00:00,1,2,10,12,7,4,1
2026-06-05 07:15:00,1,3,8,21,7,4,1
2026-06-05 07:30:00,1,5,6,35,7,4,1
2026-06-05 07:45:00,1,3,1,18,7,4,1
2026-06-05 08:00:00,1,5,9,30,8,4,1
2026-06-05 08:15:00,1,3,9,21,8,4,1
2026-06-05 08:30:00,1,2,0,10,8,4,1
2026-06-05 08:45:00,1,3,12,18,8,4,1
2026-06-05 09:00:00,1,5,21,30,9,4,1
2026-06-05 09:15:00,1,4,22,24,9,4,1
2026-06-05 09:30:00,1,2,25,14,9,4,9
2026-06-05 09:45:00,9,4,14,28,9,4,1
2026-06-05 10:00:00,1,2,24,14,10,4,9
2026-06-05 10:15:00,9,5,20,35,10,4,1
2026-06-05 10:30:00,1,4,19,24,10,4,1
2026-06-05 10:45:00,1,3,19,15,10,4,7
2026-06-05 11:00:00,7,3,30,15,11,4,24
2026-06-05 11:15:00,24,4,23,24,11,4,20
2026-06-05 11:30:00,20,5,29,30,11,4,17
2026-06-05 11:45:00,17,2,26,10,11,4,30
2026-06-05 12:00:00,30,2,18,8,12,4,39
2026-06-05 12:15:00,39,2,25,14,12,4,50
2026-06-05 12:30:00,50,3,11,15,12,4,45
2026-06-05 12:45:00,45,2,19,10,12,4,53
2026-06-05 13:00:00,53,5,18,25,13,4,47
2026-06-05 13:15:00,47,3,24,15,13,4,54
2026-06-05 13:30:00,54,5,21,20,13,4,56
2026-06-05 13:45:00,56,4,17,20,13,4,50
2026-06-05 14:00:00,50,3,23,12,14,4,63
2026-06-05 14:15:00,63,5,28,30,14,4,61
2026-06-05 14:30:00,61,5,17,35,14,4,40
2026-06-05 14:45:00,40,4,20,28,14,4,33
2026-06-05 15:00:00,33,2,16,14,15,4,31
2026-06-05 15:15:00,31,5,15,30,15,4,16
2026-06-05 15:30:00,16,3,25,18,15,4,25
2026-06-05 15:45:00,25,4,14,24,15,4,16
2026-06-05 16:00:00,16,3,19,21,16,4,11
2026-06-05 16:15:00,11,4,21,20,16,4,11
2026-06-05 16:30:00,11,5,13,20,16,4,5
2026-06-05 16:45:00,5,4,14,28,16,4,1
2026-06-05 17:00:00,1,4,14,28,17,4,1
2026-06-05 17:15:00,1,5,8,30,17,4,1
2026-06-05 17:30:00,1,2,8,10,17,4,2
2026-06-05 17:45:00,2,2,16,10,17,4,1
2026-06-05 18:00:00,1,3,29,18,18,4,17
2026-06-05 18:15:00,17,5,11,30,18,4,1
2026-06-05 18:30:00,1,3,20,15,18,4,1
2026-06-05 18:45:00,1,3,9,12,18,4,1
2026-06-05 19:00:00,1,3,15,12,19,4,4
2026-06-05 19:15:00,4,5,14,30,19,4,1
2026-06-05 19:30:00,1,2,15,12,19,4,3
2026-06-05 19:45:00,3,5,19,35,19,4,1
2026-06-05 20:00:00,1,3,8,21,20,4,1
2026-06-05 20:15:00,1,5,4,20,20,4,1
2026-06-05 20:30:00,1,5,16,30,20,4,1
2026-06-05 20:45:00,1,4,19,24,20,4,1
2026-06-05 21:00:00,1,3,9,18,21,4,1
2026-06-05 21:15:00,1,2,8,10,21,4,1
2026-06-05 21:30:00,1,5,11,20,21,4,1
2026-06-05 21:45:00,1,5,13,25,21,4,1
2026-06-05 22:00:00,1,4,3,24,22,4,1
2026-06-05 22:15:00,1,3,10,18,22,4,1
2026-06-05 22:30:00,1,2,8,12,22,4,1
2026-06-05 22:45:00,1,4,9,28,22,4,1
2026-06-05 23:00:00,1,5,3,20,23,4,1
2026-06-05 23:15:00,1,2,5,10,23,4,1
2026-06-05 23:30:00,1,5,8,25,23,4,1
2026-06-05 23:45:00,1,3,13,12,23,4,3
2026-06-06 00:00:00,3,4,6,16,0,5,1
2026-06-06 00:15:00,1,2,0,10,0,5,1
2026-06-06 00:30:00,1,3,0,18,0,5,1
2026-06-06 00:45:00,1,3,6,18,0,5,1
2026-06-06 01:00:00,1,2,0,10,1,5,1
2026-06-06 01:15:00,1,5,4,30,1,5,1
2026-06-06 01:30:00,1,2,4,14,1,5,1
2026-06-06 01:45:00,1,4,8,28,1,5,1
2026-06-06 02:00:00,1,2,4,14,2,5,1
2026-06-06 02:15:00,1,4,1,16,2,5,1
2026-06-06 02:30:00,1,2,8,10,2,5,1
2026-06-06 02:45:00,1,2,5,14,2,5,1
2026-06-06 03:00:00,1,5,11,25,3,5,1
2026-06-06 03:15:00,1,2,0,10,3,5,1
2026-06-06 03:30:00,1,5,5,35,3,5,1
2026-06-06 03:45:00,1,2,7,12,3,5,1
2026-06-06 04:00:00,1,3,4,15,4,5,1
2026-06-06 04:15:00,1,3,0,21,4,5,1
2026-06-06 04:30:00,1,5,10,30,4,5,1
2026-06-06 04:45:00,1,5,9,35,4,5,1
2026-06-06 05:00:00,1,2,5,12,5,5,1
2026-06-06 05:15:00,1,4,15,16,5,5,1
2026-06-06 05:30:00,1,5,4,20,5,5,1
2026-06-06 05:45:00,1,4,4,28,5,5,1
