queue_length,active_counters,avg_service_time,appointments_next_hour,hour,day_of_week,peak_hour,waiting_time
52,5,5.74,1,10,6,1,40.93
15,5,4.68,8,18,1,0,13.39
72,3,8.97,13,10,4,1,148.84
61,3,11.06,0,14,5,0,143.9
21,3,6.81,16,16,2,0,38.09
75,4,8.42,10,16,5,0,102.55
75,2,9.14,5,9,2,0,223.9
24,5,7.32,0,7,3,0,23.68
3,5,11.23,18,11,2,1,18.11
22,3,6.9,15,8,5,0,36.65
53,5,5.0,17,17,4,0,44.89
2,5,5.15,10,12,2,1,15.08
30,1,11.13,8,10,2,1,228.49
38,5,11.9,20,15,6,0,67.73
2,4,6.31,5,13,3,1,7.23
64,3,5.15,1,8,0,0,70.12
60,2,7.86,7,13,0,1,164.42
21,2,9.68,15,16,6,0,72.53
33,1,8.9,7,14,4,0,192.99
76,2,11.61,7,9,1,0,240.0
58,2,10.54,13,9,1,0,207.45
22,3,10.95,0,17,3,0,54.14
49,3,8.33,6,8,5,0,89.33
59,4,6.62,1,18,5,0,64.96
42,1,9.61,14,7,2,0,240.0
60,2,7.51,17,9,3,0,154.95
80,4,6.3,3,16,5,0,83.99
15,1,5.22,17,18,0,0,59.8
62,2,8.22,4,17,6,0,167.09
62,2,8.75,15,13,4,1,188.72
47,3,8.55,12,17,1,0,94.85
62,5,4.93,8,15,6,0,46.34
51,1,8.56,4,15,2,0,240.0
55,2,5.35,7,12,6,1,103.27
64,1,9.31,17,12,1,1,240.0
3,4,7.44,2,17,0,0,7.78
51,4,10.79,5,11,2,1,95.06
7,5,10.23,10,8,0,0,14.11
21,2,9.8,13,13,1,1,77.54
73,3,9.61,18,7,1,0,161.42
39,2,8.48,6,12,0,1,111.49
18,1,4.49,9,10,2,1,62.12
4,4,9.24,14,9,0,0,13.9
60,1,7.74,5,17,2,0,240.0
14,5,7.76,19,7,3,0,24.34
9,4,7.03,5,12,3,1,16.67
53,3,11.43,15,13,2,1,139.88
2,4,6.0,8,17,0,0,8.14
60,2,6.53,18,7,6,0,133.43
71,2,11.7,17,17,6,0,240.0
44,4,10.48,4,7,2,0,79.33
8,5,4.11,15,13,1,1,13.07
47,2,11.25,6,17,6,0,174.53
35,2,5.81,18,18,0,0,78.72
78,3,9.65,4,12,5,1,169.23
36,4,8.42,19,13,2,1,60.0
50,2,8.29,10,14,1,0,141.22
4,5,9.74,17,14,4,0,14.46
2,1,5.66,6,15,1,0,10.6
6,4,5.27,17,15,5,0,9.56
54,3,9.22,2,13,2,1,115.49
4,2,6.32,4,15,0,0,13.76
54,5,11.79,12,12,0,1,92.72
63,4,7.61,15,15,3,0,84.08
18,5,4.89,11,17,5,0,18.01
44,5,9.49,6,8,2,0,58.37
34,3,6.45,12,17,1,0,54.78
74,4,5.19,0,8,1,0,62.43
62,2,7.38,14,12,5,1,160.8
14,3,11.71,20,9,2,0,47.02
48,2,7.29,11,8,1,0,124.35
15,1,6.78,16,14,6,0,74.99
72,5,7.56,19,13,4,1,84.62
78,1,4.1,4,14,5,0,206.83
62,5,5.06,16,12,3,1,49.92
40,3,10.8,14,15,0,0,100.85
80,2,11.82,19,15,1,0,240.0
53,2,5.26,18,8,4,0,97.69
24,3,8.28,0,16,2,0,41.08
26,4,11.73,3,11,1,1,56.27
60,1,5.25,2,15,5,0,204.59
41,1,5.49,7,9,2,0,148.27
29,2,11.41,8,11,4,1,113.44
15,2,9.65,11,14,4,0,50.91
45,2,5.22,4,8,6,0,77.59
65,3,7.15,8,12,0,1,108.65
71,4,4.45,0,17,2,0,51.81
9,1,7.46,10,10,3,1,51.8
1,5,10.22,6,18,0,0,1.0
8,3,8.43,19,18,2,0,21.87
63,1,9.18,13,12,6,1,240.0
11,4,6.61,2,9,2,0,14.88
8,3,5.29,10,12,6,1,17.97
35,1,4.1,16,13,4,1,106.13
35,3,10.57,17,16,5,0,91.46
33,1,9.09,18,9,4,0,203.65
5,1,5.83,17,11,2,1,31.43
41,4,7.35,5,18,5,0,51.55
28,5,10.41,14,14,5,0,45.02
7,4,8.31,6,8,4,0,10.37
73,1,6.4,4,13,6,1,240.0
72,3,6.14,4,7,6,0,97.98
12,4,5.74,6,13,6,1,16.54
34,5,10.59,11,7,2,0,51.96
33,1,8.65,7,10,2,1,189.33
48,4,9.67,17,10,5,1,84.86
23,4,10.88,17,18,0,0,50.93
62,4,11.89,16,11,0,1,131.36
37,4,6.0,10,8,3,0,43.74
44,3,5.45,14,18,0,0,59.08
35,5,7.7,19,17,1,0,44.97
65,5,4.28,5,18,1,0,38.62
47,1,10.33,11,12,4,1,240.0
78,2,11.07,6,12,5,1,240.0
3,3,9.49,7,14,1,0,8.33
1,1,6.14,3,16,0,0,6.13
5,1,4.99,2,18,5,0,15.55
14,4,7.06,2,7,3,0,18.55
27,2,10.67,9,10,2,1,103.0
9,2,6.78,14,18,3,0,29.28
79,3,4.27,12,8,0,0,80.54
15,2,6.19,18,17,0,0,39.06
42,1,11.92,7,14,0,0,240.0
77,2,9.41,17,18,4,0,240.0
51,2,11.21,4,10,1,1,187.18
63,5,10.2,20,14,0,0,92.32
52,1,8.32,6,8,2,0,240.0
4,2,5.19,4,10,1,1,15.36
23,2,6.79,18,18,1,0,58.89
15,4,8.67,16,15,4,0,27.75
43,2,10.97,18,11,3,1,162.2
29,2,6.15,3,12,5,1,66.05
36,5,4.97,6,16,1,0,29.14
13,1,8.47,5,18,1,0,71.79
32,3,5.41,13,15,0,0,41.17
71,1,8.88,18,15,2,0,240.0
59,4,6.11,19,13,0,1,74.67
28,1,5.85,10,17,2,0,110.03
66,2,7.19,6,8,1,0,156.76
42,4,8.75,2,13,2,1,65.83
45,1,8.36,19,15,0,0,240.0
62,4,5.96,16,8,0,0,66.24
57,3,11.13,10,13,3,1,145.77
6,1,4.88,14,18,4,0,24.04
28,2,4.32,6,13,3,1,52.14
28,4,8.82,14,9,1,0,49.62
44,5,4.99,16,12,2,1,39.93
30,4,8.04,10,14,0,0,44.45
62,5,11.61,11,16,0,0,95.87
75,2,9.59,12,14,0,0,240.0
62,3,8.94,10,9,5,0,126.58
1,5,8.6,10,12,0,1,8.78
27,3,5.44,8,8,5,0,34.93
62,4,7.46,10,8,1,0,78.34
77,2,6.74,3,14,4,0,172.94
3,5,11.62,1,17,3,0,7.7
70,4,5.94,3,16,5,0,69.85
72,1,7.77,13,11,3,1,240.0
27,4,11.5,4,11,5,1,53.96
9,3,10.31,16,17,0,0,26.67
62,2,11.72,11,10,0,1,240.0
37,2,8.87,5,17,2,0,107.82
51,4,6.67,11,16,0,0,61.91
44,1,10.61,14,10,3,1,240.0
24,3,6.33,18,14,2,0,39.34
79,4,5.32,9,9,6,0,71.54
59,4,9.65,1,17,2,0,89.87
32,2,9.11,11,9,0,0,102.25
52,3,11.03,11,14,6,0,132.05
62,1,11.7,6,9,6,0,240.0
58,2,10.86,0,18,2,0,205.29
52,4,4.48,17,8,4,0,45.55
12,2,9.32,2,17,0,0,37.33
39,2,10.28,19,11,4,1,144.87
2,5,11.86,4,17,0,0,1.0
3,2,7.0,19,9,5,0,18.46
56,2,5.36,14,12,4,1,109.59
59,3,10.82,9,17,6,0,144.99
2,2,6.54,18,13,0,1,13.54
2,1,8.79,0,9,3,0,11.36
54,4,7.12,6,15,5,0,66.55
1,3,7.22,17,16,5,0,10.94
19,2,9.86,1,7,5,0,63.09
2,1,6.89,18,13,0,1,22.87
53,4,9.54,9,10,3,1,86.77
44,3,4.11,14,13,1,1,52.49
32,1,6.6,9,15,5,0,140.82
70,2,6.55,9,15,1,0,153.92
32,5,9.99,11,7,0,0,50.17
68,5,6.52,7,16,5,0,61.12
55,3,9.07,13,18,3,0,113.88
75,1,9.51,1,10,3,1,240.0
56,4,9.27,16,13,5,1,93.69
17,1,8.83,5,16,6,0,97.66
38,5,7.31,7,12,2,1,43.54
24,3,6.99,0,15,2,0,40.73
69,2,8.52,2,13,5,1,195.45
70,1,4.51,14,9,6,0,212.15
11,5,11.01,16,13,4,1,29.13
16,4,10.6,6,16,2,0,29.16
73,3,6.77,13,11,0,1,120.33
59,2,8.53,2,8,2,0,163.59
70,1,11.46,17,16,2,0,240.0
80,4,6.17,4,9,6,0,83.41
3,2,9.94,19,12,0,1,23.36
20,5,4.66,14,12,0,1,21.9
59,5,8.19,5,13,6,1,71.21
36,4,11.07,2,12,4,1,69.54
19,5,8.41,17,15,3,0,28.26
67,3,8.93,19,11,2,1,146.31
19,4,11.26,2,11,5,1,35.54
20,5,9.72,7,14,5,0,31.8
71,1,9.57,18,14,1,0,240.0
52,5,8.69,17,7,3,0,65.46
33,3,9.06,14,9,0,0,70.47
40,2,10.43,13,12,5,1,143.86
39,2,11.83,15,12,6,1,163.19
1,5,10.36,2,7,2,0,1.07
11,2,9.66,14,8,4,0,41.29
57,5,5.08,18,16,6,0,47.92
50,3,10.54,7,13,1,1,118.47
23,2,9.89,1,7,3,0,71.35
31,1,10.16,16,16,2,0,213.39
42,5,5.85,11,11,0,1,40.67
7,2,11.23,18,7,3,0,32.56
16,3,4.78,10,12,6,1,25.57
60,3,6.03,17,13,6,1,90.64
2,1,9.3,12,14,1,0,16.27
1,3,9.39,13,18,0,0,8.85
48,3,6.51,11,9,1,0,71.22
12,2,9.61,14,9,2,0,45.92
69,5,7.1,20,17,3,0,73.29
37,4,4.0,7,7,4,0,31.23
32,3,5.3,1,18,6,0,34.64
9,3,11.06,7,9,2,0,23.89
19,4,5.78,4,11,5,1,25.71
48,3,4.9,1,12,2,1,53.36
80,2,9.46,9,9,4,0,240.0
3,2,7.53,9,10,4,1,11.89
20,4,10.37,3,11,5,1,37.06
24,3,10.89,3,11,5,1,60.26
54,3,10.77,7,15,0,0,129.17
33,5,6.5,5,14,1,0,32.37
24,3,8.04,14,7,2,0,48.26
75,2,9.2,17,8,0,0,232.1
72,1,6.58,20,18,5,0,240.0
36,1,4.33,7,11,0,1,106.54
38,1,7.97,19,18,2,0,208.4
25,1,4.1,6,9,1,0,69.98
18,3,11.61,19,13,4,1,58.13
66,3,10.37,16,17,2,0,159.5
54,5,5.54,18,12,1,1,46.34
35,3,6.3,1,8,4,0,50.32
80,1,11.86,11,14,6,0,240.0
61,4,6.99,18,11,6,1,82.55
41,4,10.27,4,12,6,1,76.35
33,2,7.57,11,14,3,0,83.12
68,2,10.91,16,12,2,1,240.0
33,3,9.63,4,16,6,0,70.58
14,4,4.18,1,9,5,0,8.4
21,1,6.36,3,13,2,1,92.76
48,1,8.46,5,10,5,1,240.0
20,1,11.41,8,12,1,1,161.08
8,3,4.82,9,12,0,1,16.47
7,3,8.81,10,17,0,0,20.05
67,5,6.42,1,11,1,1,60.66
17,1,11.11,20,7,2,0,133.48
33,1,10.12,8,14,2,0,220.57
48,3,6.96,19,16,5,0,80.37
76,3,5.34,16,8,2,0,96.7
59,5,4.09,8,10,3,1,37.38
22,5,8.97,7,18,5,0,25.15
30,2,7.25,4,9,0,0,72.9
38,4,6.52,4,12,6,1,44.61
51,1,11.88,5,17,3,0,240.0
54,1,7.73,15,7,2,0,240.0
8,5,10.0,0,15,6,0,12.31
27,5,5.42,8,11,0,1,21.64
27,2,4.11,20,11,6,1,50.92
21,4,7.34,6,10,5,1,33.1
30,2,9.33,10,10,2,1,100.37
28,4,8.05,14,7,5,0,45.69
64,1,11.12,4,15,2,0,240.0
69,2,7.47,18,15,1,0,180.44
61,5,6.49,5,10,0,1,56.17
48,2,11.33,13,16,2,0,184.57
19,2,7.25,19,16,4,0,57.91
4,1,6.16,13,10,4,1,26.09
35,5,4.78,10,18,6,0,25.31
64,5,10.35,3,13,6,1,93.2
49,3,10.6,9,10,5,1,119.89
17,3,4.27,1,7,2,0,14.5
44,3,6.87,3,17,6,0,68.38
30,1,10.0,19,15,1,0,206.01
46,2,11.57,9,8,5,0,177.41
6,5,7.02,0,11,2,1,9.61
37,5,10.98,13,10,6,1,63.65
24,2,7.15,17,14,6,0,63.89
46,5,5.44,11,12,4,1,41.48
53,2,4.03,18,13,0,1,79.71
60,1,6.64,11,8,6,0,240.0
63,1,7.03,4,10,1,1,240.0
32,1,11.56,3,10,2,1,240.0
33,2,5.65,12,18,6,0,64.31
67,2,7.06,17,8,4,0,161.24
18,4,4.2,11,16,6,0,15.2
25,5,10.11,15,10,6,1,40.2
54,5,11.32,5,15,0,0,84.74
58,4,5.9,6,14,4,0,59.67
67,4,7.43,8,17,5,0,87.6
46,1,4.98,9,7,1,0,149.64
24,4,7.65,4,14,5,0,33.1
32,2,5.07,20,17,3,0,67.0
47,3,8.19,3,15,2,0,86.82
23,2,9.88,10,14,5,0,79.98
66,4,8.43,18,16,0,0,97.87
27,5,5.96,6,7,1,0,26.84
2,2,6.83,12,14,6,0,9.15
17,5,9.11,12,18,6,0,27.14
33,2,8.72,20,11,1,1,105.44
9,5,5.09,17,15,6,0,14.26
43,2,10.76,8,15,6,0,156.32
48,5,7.8,12,12,3,1,60.48
39,3,5.3,12,9,3,0,50.82
42,1,4.98,4,18,2,0,142.26
26,2,11.72,11,13,5,1,108.11
50,3,6.25,0,9,2,0,70.0
25,1,11.27,17,13,5,1,194.51
24,2,7.28,20,14,5,0,64.29
13,3,7.09,20,11,6,1,33.57
60,3,9.61,16,11,1,1,133.57
7,3,4.08,9,10,5,1,15.33
57,4,6.7,8,9,2,0,66.27
36,5,6.42,19,18,2,0,40.78
45,1,10.94,7,14,3,0,240.0
20,5,8.23,14,17,1,0,27.8
65,5,6.92,12,12,4,1,68.63
8,5,6.13,20,12,4,1,22.64
16,3,8.72,16,8,0,0,40.28
14,5,5.21,8,10,3,1,20.04
76,4,5.97,20,11,0,1,83.21
15,2,6.35,10,17,1,0,38.1
66,3,8.86,3,16,6,0,129.59
32,1,6.99,6,11,4,1,156.49
63,2,8.05,19,9,6,0,173.27
51,2,9.2,2,16,4,0,152.89
25,2,11.65,9,11,4,1,103.69
58,5,10.12,2,11,0,1,76.47
63,5,7.24,0,8,6,0,53.82
62,3,9.99,13,11,2,1,145.33
22,5,11.6,12,9,0,0,36.86
58,5,8.0,4,9,6,0,59.64
58,5,7.28,7,11,4,1,63.47
49,3,4.62,11,15,3,0,51.37
52,3,11.14,5,8,3,0,129.41
42,4,5.97,1,15,5,0,39.51
70,4,4.51,3,9,6,0,50.99
15,4,8.3,4,18,0,0,22.95
54,4,10.77,10,13,5,1,101.03
60,2,7.25,12,18,5,0,150.84
8,2,10.26,7,7,0,0,29.97
53,4,10.69,20,7,5,0,102.03
60,4,7.64,4,14,1,0,77.76
5,1,8.73,5,15,0,0,33.01
68,2,8.27,14,9,5,0,188.72
6,1,11.51,15,12,5,1,57.77
47,1,9.8,10,9,0,0,240.0
55,5,11.4,6,12,4,1,91.44
40,3,5.76,5,13,5,1,55.48
52,2,6.48,11,11,2,1,120.52
16,4,4.57,3,9,4,0,14.52
13,4,8.0,13,14,2,0,24.25
30,3,10.99,10,11,4,1,76.01
19,2,6.61,11,7,6,0,48.83
17,4,5.03,1,18,4,0,16.47
63,4,4.55,10,15,1,0,52.9
19,5,7.58,12,9,5,0,23.5
58,1,5.31,10,8,6,0,208.48
55,4,6.77,8,9,2,0,64.39
62,2,10.56,20,13,4,1,227.76
23,3,7.07,15,18,4,0,40.44
9,5,8.88,4,17,2,0,11.76
12,2,8.02,11,18,6,0,36.91
1,5,9.75,2,16,1,0,1.0
58,1,5.25,15,14,2,0,204.11
1,4,11.36,18,8,1,0,11.92
34,2,9.15,16,13,6,1,115.2
48,3,6.17,10,17,1,0,66.25
1,1,4.99,20,11,3,1,21.84
16,1,5.2,18,15,1,0,61.35
61,5,10.26,17,13,3,1,91.79
64,1,8.7,8,7,5,0,240.0
63,2,7.05,12,7,0,0,151.73
69,5,6.66,5,12,1,1,68.18
22,1,10.85,2,15,2,0,154.47
67,3,11.0,11,7,3,0,166.09
76,2,8.65,8,9,6,0,222.77
26,3,8.2,8,11,6,1,52.49
16,3,10.53,14,10,0,1,48.97
51,5,9.99,0,7,5,0,64.68
57,4,7.2,17,16,0,0,73.1
29,5,4.66,14,10,1,1,28.07
78,2,10.15,7,10,2,1,240.0
69,2,5.35,10,17,1,0,124.64
47,5,4.13,16,18,4,0,33.09
62,4,10.75,13,16,0,0,119.21
69,5,8.63,18,10,4,1,93.83
76,2,11.13,4,9,4,0,240.0
16,4,7.88,1,13,3,1,25.18
48,2,11.41,14,7,6,0,187.9
39,4,6.83,18,8,4,0,53.76
33,4,9.8,15,7,0,0,60.59
23,5,6.41,12,10,0,1,33.66
10,5,4.01,6,11,2,1,10.49
69,5,7.04,16,17,1,0,71.12
34,4,9.9,18,16,2,0,63.42
52,4,5.2,6,11,2,1,51.88
10,2,8.04,11,8,6,0,29.52
19,3,5.7,12,17,1,0,30.41
58,5,4.6,12,9,0,0,40.14
1,2,8.94,13,10,3,1,15.48
69,2,11.62,14,16,6,0,240.0
4,1,6.49,1,12,4,1,20.23
16,5,8.65,5,12,3,1,25.87
24,2,11.63,8,18,4,0,94.94
80,1,9.2,14,8,1,0,240.0
2,5,9.38,19,8,1,0,11.55
32,4,5.43,15,15,2,0,34.77
24,1,7.94,1,18,5,0,128.49
12,4,6.94,2,8,5,0,15.63
50,3,7.77,19,8,1,0,95.21
35,3,10.41,20,9,4,0,89.99
33,3,7.69,7,15,5,0,59.05
33,3,4.5,7,12,3,1,38.84
61,2,11.24,20,17,6,0,231.45
51,3,8.36,6,18,3,0,94.53
43,2,11.4,10,12,3,1,169.64
12,2,8.58,12,18,5,0,38.6
67,5,4.56,7,16,6,0,45.81
65,2,8.42,8,11,3,1,189.26
33,2,8.61,15,13,2,1,100.38
40,3,5.71,4,17,5,0,54.69
74,2,7.77,13,10,3,1,195.15
43,4,7.68,0,16,4,0,53.14
44,3,8.98,18,16,2,0,94.91
29,1,6.08,16,9,6,0,118.44
13,3,8.65,13,13,2,1,33.49
12,2,5.93,12,16,5,0,29.47
46,4,7.57,7,7,2,0,57.64
2,3,4.98,2,12,1,1,4.63
35,4,4.3,0,17,2,0,28.17
8,1,6.56,18,17,4,0,43.38
26,1,6.2,14,17,6,0,113.8
74,5,7.26,20,8,5,0,83.7
34,5,11.7,7,8,5,0,56.84
7,3,8.18,8,17,3,0,15.41
68,5,8.43,12,14,6,0,79.33
58,4,11.53,11,9,1,0,115.24
75,5,11.37,8,15,3,0,116.25
29,4,11.07,19,10,0,1,66.2
36,5,4.78,10,12,1,1,32.91
21,5,9.07,4,7,6,0,26.53
36,5,10.46,18,17,4,0,57.98
10,2,10.68,20,16,1,0,43.87
73,2,8.62,17,16,2,0,211.28
24,5,4.14,10,9,1,0,16.14
64,4,11.79,10,10,2,1,130.88
49,3,7.78,5,11,3,1,90.57
36,1,7.15,0,7,1,0,167.38
24,2,7.16,20,10,1,1,69.01
23,5,7.39,8,11,4,1,29.58
62,1,5.94,6,10,0,1,240.0
37,2,6.62,5,16,1,0,81.04
12,3,11.88,9,16,3,0,36.91
55,4,6.95,4,13,2,1,65.8
13,5,8.21,0,14,3,0,10.75
23,3,10.79,14,18,6,0,58.32
30,2,8.22,4,14,5,0,81.16
17,5,6.6,19,9,5,0,23.96
62,1,8.19,5,11,4,1,240.0
13,4,4.91,4,16,5,0,13.78
59,2,5.04,16,14,1,0,104.15
19,4,9.55,17,13,6,1,43.44
49,5,11.34,3,15,0,0,71.35
12,3,9.81,20,16,0,0,37.91
61,4,4.6,1,13,1,1,50.82
19,1,7.22,7,8,0,0,88.65
76,2,4.02,4,10,3,1,105.51
9,1,8.09,3,18,2,0,53.46
71,4,5.55,13,18,1,0,74.63
28,3,10.95,3,14,5,0,67.89
78,3,4.83,7,15,2,0,86.32
52,1,4.01,2,13,0,1,138.32
16,5,7.61,13,11,4,1,23.77
69,5,5.24,17,7,6,0,55.12
12,3,9.9,11,15,2,0,30.26
25,1,11.36,14,18,6,0,191.9
52,1,4.34,19,12,6,1,161.45
53,1,7.16,19,8,4,0,240.0
23,4,11.97,8,17,3,0,50.78
16,5,9.86,1,16,4,0,22.02
57,5,11.63,0,16,2,0,88.43
39,4,5.31,14,8,2,0,42.71
53,2,5.77,14,16,1,0,106.0
42,4,5.24,7,7,5,0,35.17
58,1,6.42,2,18,4,0,240.0
39,4,9.8,1,10,3,1,67.79
14,1,5.32,3,16,1,0,50.25
5,3,8.19,17,17,1,0,21.46
35,1,6.15,11,8,3,0,142.26
75,5,10.63,17,16,1,0,113.93
18,4,4.05,20,17,3,0,21.81
76,1,5.78,9,15,0,0,240.0
9,2,8.84,20,8,1,0,39.4
74,3,4.77,7,17,2,0,77.79
58,2,7.73,17,15,0,0,154.89
17,2,7.49,16,7,1,0,51.88
7,2,10.82,18,13,3,1,35.94
46,3,9.0,5,12,0,1,92.53
13,3,9.12,13,12,5,1,37.42
40,3,11.61,4,8,0,0,104.9
42,3,11.86,7,7,2,0,110.41
9,2,9.23,7,16,1,0,27.34
50,5,8.18,17,14,1,0,62.16
27,5,8.86,8,14,3,0,34.51
66,3,7.06,13,8,0,0,103.73
5,4,11.9,13,10,2,1,21.33
29,1,9.64,19,10,3,1,193.79
37,4,6.33,13,8,5,0,45.78
38,4,4.46,16,17,3,0,40.14
8,4,4.36,1,15,2,0,6.1
65,5,5.64,13,18,1,0,54.33
17,1,5.86,20,10,2,1,78.99
71,4,7.32,11,10,1,1,93.75
45,3,5.72,15,10,4,1,64.94
4,5,9.05,5,11,0,1,11.82
36,3,5.69,17,16,2,0,51.75
70,3,5.5,6,18,5,0,85.52
31,4,7.77,1,18,5,0,38.17
19,3,11.11,12,14,6,0,52.65
61,1,7.75,7,10,3,1,240.0
54,3,7.31,11,9,1,0,91.79
39,4,8.62,0,17,0,0,55.62
74,3,6.06,8,7,5,0,101.29
19,5,6.83,7,8,0,0,17.55
39,5,5.71,8,10,2,1,35.74
67,5,8.57,4,15,3,0,76.47
45,2,9.58,12,7,5,0,143.47
13,5,9.39,13,12,2,1,27.0
58,5,6.04,3,12,3,1,53.91
20,2,10.24,16,16,4,0,75.57
72,5,6.05,8,9,2,0,58.16
61,4,5.2,19,16,6,0,65.9
39,5,6.8,14,15,1,0,40.43
1,5,8.78,19,16,2,0,11.15
3,2,5.14,3,9,2,0,5.15
77,4,9.18,1,7,5,0,115.79
62,3,10.9,12,8,6,0,155.18
63,1,6.35,3,10,4,1,240.0
25,4,7.6,17,10,5,1,42.44
56,3,5.83,15,8,4,0,78.57
33,4,6.89,9,16,5,0,37.99
38,3,4.18,1,12,2,1,40.56
6,3,11.63,13,12,3,1,24.17
58,4,7.33,1,9,4,0,69.68
44,2,10.31,17,7,4,0,153.73
45,4,5.14,0,16,3,0,35.3
32,4,10.5,12,15,0,0,60.57
45,3,10.88,5,10,6,1,115.7
61,1,9.72,16,15,4,0,240.0
47,3,11.23,16,11,4,1,128.19
21,5,5.34,10,13,3,1,26.2
80,4,7.81,5,9,3,0,105.98
75,4,8.96,19,9,2,0,118.36
36,2,8.77,2,14,6,0,104.08
19,3,10.89,13,7,2,0,54.39
20,2,5.73,5,14,0,0,41.64
57,4,5.41,16,14,0,0,58.15
18,3,6.03,2,9,0,0,22.17
47,3,11.13,16,7,1,0,125.01
49,5,11.53,18,15,3,0,82.68
14,5,8.56,17,10,4,1,26.99
15,1,8.01,4,13,3,1,85.15
31,5,8.84,14,15,3,0,38.41
1,3,8.93,2,9,0,0,4.32
54,5,5.36,7,11,3,1,46.34
3,1,9.49,6,16,1,0,22.21
16,4,7.62,17,17,5,0,30.19
57,5,8.14,9,9,4,0,65.38
75,3,4.24,9,11,5,1,78.6
12,4,10.12,18,17,0,0,30.1
74,3,10.68,0,8,6,0,173.32
16,4,8.96,1,10,2,1,27.14
72,3,9.99,0,18,6,0,156.72
76,5,8.18,8,8,6,0,83.9
24,5,8.95,14,9,5,0,35.55
28,1,7.16,17,11,4,1,142.77
8,4,10.33,17,15,5,0,20.13
36,1,7.75,6,9,2,0,185.48
8,2,9.44,13,16,2,0,27.49
58,5,8.97,17,12,3,1,77.94
60,4,9.62,19,10,4,1,108.72
50,1,10.28,18,10,1,1,240.0
28,1,8.1,4,17,3,0,150.48
41,2,10.5,8,16,2,0,148.5
64,1,7.98,17,16,5,0,240.0
27,3,11.65,12,11,4,1,78.73
63,5,10.02,4,17,3,0,87.76
17,1,5.37,19,13,4,1,73.34
73,1,10.64,14,17,5,0,240.0
33,2,8.41,18,10,0,1,102.4
77,3,11.88,19,14,1,0,206.11
29,1,9.75,10,18,1,0,184.65
13,5,4.68,8,15,1,0,10.96
46,5,7.16,20,15,2,0,52.94
35,1,8.14,15,15,2,0,192.99
6,3,10.71,10,8,1,0,20.78
69,5,9.83,1,9,4,0,90.42
47,5,6.95,7,11,0,1,50.41
25,3,9.23,20,18,2,0,60.65
66,3,8.62,4,7,5,0,125.15
10,1,5.01,10,10,3,1,40.05
56,4,5.88,10,17,3,0,60.38
30,2,6.73,8,11,2,1,73.3
5,4,5.56,10,15,1,0,10.05
33,4,5.2,4,14,4,0,35.05
65,5,4.47,8,7,0,0,43.6
18,3,10.98,0,18,3,0,42.41
49,5,6.31,9,9,2,0,41.65
11,2,6.32,7,9,4,0,28.31
26,1,5.65,18,17,1,0,98.64
63,2,7.8,15,12,0,1,170.36
59,5,8.11,12,10,0,1,68.44
27,5,5.67,4,10,3,1,24.93
49,5,8.87,17,7,6,0,64.0
77,5,9.78,8,18,3,0,102.19
33,4,6.99,3,16,5,0,38.57
1,1,8.68,13,18,2,0,14.04
21,4,8.02,6,17,6,0,31.65
55,5,5.56,11,10,0,1,50.93
6,3,9.84,6,7,1,0,12.97
69,4,10.41,10,11,1,1,125.46
5,5,9.19,14,9,6,0,14.23
3,5,6.59,6,16,2,0,5.74
53,1,11.41,19,11,0,1,240.0
23,2,7.64,16,9,3,0,63.6
53,4,6.13,4,11,5,1,62.5
37,4,7.27,7,10,1,1,52.15
74,4,9.54,9,15,4,0,115.01
74,5,10.77,5,12,2,1,107.61
17,1,6.85,20,18,1,0,81.5
78,5,5.86,1,16,4,0,57.14
73,5,9.01,4,8,6,0,85.15
1,3,11.37,9,7,4,0,9.4
51,1,5.47,2,7,1,0,183.4
45,4,10.42,12,7,2,0,80.5
77,2,7.81,15,15,4,0,201.36
4,4,10.4,14,11,4,1,16.55
62,5,8.04,1,10,0,1,67.51
65,1,7.02,2,16,5,0,240.0
32,1,9.57,19,11,5,1,210.89
34,1,11.21,17,15,5,0,240.0
72,3,6.56,19,9,0,0,109.21
39,4,7.69,19,9,5,0,58.1
26,3,5.84,14,18,0,0,40.34
34,2,5.47,4,8,4,0,60.38
54,5,10.22,10,14,4,0,75.32
3,3,5.61,2,13,2,1,8.27
50,3,10.35,8,8,3,0,117.86
12,5,7.43,6,10,0,1,20.87
65,1,11.96,1,13,5,1,240.0
54,5,5.58,14,7,3,0,46.74
5,4,4.74,11,7,0,0,9.06
57,5,4.6,15,14,5,0,44.02
17,1,10.68,15,12,6,1,132.85
47,5,7.5,15,8,6,0,54.95
23,3,4.02,18,16,0,0,29.9
79,2,11.0,2,16,5,0,240.0
14,3,11.02,19,7,2,0,43.19
66,2,10.45,3,9,2,0,224.13
75,5,5.99,0,18,6,0,57.34
51,4,6.98,7,10,1,1,65.85
38,5,9.96,14,11,0,1,59.19
64,1,7.91,20,17,0,0,240.0
38,5,5.23,4,16,6,0,27.43
50,2,5.94,19,9,0,0,102.81
30,3,11.78,11,11,2,1,89.88
79,4,5.21,19,18,5,0,75.25
51,5,9.81,19,13,0,1,78.48
63,5,7.82,3,17,1,0,67.93
52,3,9.99,14,15,4,0,124.48
38,4,9.29,5,11,1,1,63.48
79,5,7.51,4,10,5,1,81.54
30,5,6.83,10,16,4,0,32.93
51,2,10.03,13,17,2,0,172.66
5,2,6.59,10,15,6,0,15.43
29,1,10.3,8,14,5,0,198.54
4,3,9.44,9,11,3,1,17.56
10,4,8.62,5,15,5,0,20.55
56,5,6.95,10,17,2,0,52.92
17,5,5.64,8,15,3,0,20.33
74,1,9.68,4,7,4,0,240.0
17,5,4.73,9,18,3,0,16.75
69,3,11.76,19,12,4,1,189.62
34,1,11.83,13,17,5,0,240.0
6,3,5.04,5,11,3,1,13.44
53,1,4.83,3,12,4,1,170.31
66,5,7.3,20,16,5,0,75.84
77,1,11.71,9,9,3,0,240.0
43,2,7.2,10,9,4,0,106.39
75,4,6.91,15,16,1,0,91.1
23,5,9.63,6,11,0,1,33.02
55,4,5.43,17,13,1,1,62.39
80,5,6.91,6,10,2,1,80.34
75,4,6.33,20,12,6,1,92.34
16,2,8.81,14,11,6,1,56.99
8,4,5.3,18,8,3,0,15.44
4,1,8.39,17,17,6,0,32.79
4,4,10.86,14,18,5,0,15.0
56,5,8.11,17,7,4,0,68.11
25,3,9.47,2,12,1,1,53.37
67,4,4.6,0,11,1,1,50.42
67,4,7.59,0,15,5,0,87.29
27,4,4.76,6,18,4,0,25.54
32,5,8.8,9,13,3,1,47.7
50,4,6.25,11,7,5,0,53.04
61,5,6.3,7,16,2,0,55.45
51,5,4.61,16,12,2,1,42.0
19,3,6.48,13,17,5,0,33.4
21,1,8.05,16,13,2,1,122.96
5,5,8.68,20,9,6,0,16.0
42,2,4.53,5,15,4,0,64.68
61,4,9.21,19,17,1,0,99.03
22,2,7.91,16,17,5,0,65.78
21,4,8.3,19,8,2,0,36.04
70,3,10.66,7,7,1,0,163.53
1,5,6.74,12,16,5,0,7.08
5,1,5.39,15,16,2,0,22.49
12,5,8.41,11,18,2,0,20.97
46,4,11.56,16,15,5,0,96.77
34,1,8.14,17,13,3,1,191.54
49,5,10.66,7,16,4,0,70.9
78,1,10.06,17,17,3,0,240.0
45,4,8.15,10,7,6,0,60.66
27,3,9.18,12,10,1,1,60.76
73,3,7.25,11,16,6,0,121.61
26,5,8.25,14,9,1,0,35.66
47,2,8.06,2,17,5,0,123.39
56,4,9.67,2,13,4,1,92.12
63,5,7.28,5,11,2,1,67.54
48,5,4.8,2,15,4,0,27.19
61,3,10.31,8,17,2,0,144.03
26,1,9.48,10,9,0,0,167.06
36,4,11.6,7,17,6,0,70.56
1,1,7.43,3,12,0,1,11.09
8,4,4.63,19,16,4,0,18.28
52,2,4.97,14,8,6,0,88.9
79,3,10.19,4,9,0,0,178.99
47,2,4.54,6,10,0,1,76.32
56,5,11.26,7,12,6,1,90.84
14,3,6.25,6,17,6,0,23.71
28,5,11.19,7,7,1,0,44.56
78,2,10.19,3,12,2,1,240.0
2,4,10.97,0,10,5,1,6.72
26,5,5.71,4,14,0,0,21.25
14,1,8.77,10,15,3,0,83.26
59,4,4.75,3,14,6,0,45.66
56,4,5.62,1,14,1,0,52.02
7,2,6.48,16,8,2,0,24.44
3,2,9.93,11,16,1,0,12.61
23,3,4.2,1,8,3,0,22.22
18,3,11.22,8,12,5,1,54.1
38,1,4.57,5,11,2,1,122.02
15,4,7.01,5,12,4,1,23.36
64,1,4.65,17,15,4,0,199.83
28,1,10.15,2,18,1,0,187.07
74,2,5.13,14,16,5,0,131.26
39,1,11.08,6,13,4,1,240.0
57,1,8.24,12,11,6,1,240.0
17,5,11.59,9,16,2,0,30.79
44,3,6.32,3,13,3,1,66.59
25,3,7.63,15,14,3,0,48.01
17,4,9.55,8,17,4,0,29.95
13,3,10.66,20,18,0,0,37.25
25,4,7.37,9,7,0,0,35.06
68,5,11.14,18,16,5,0,108.31
10,3,4.94,16,17,0,0,16.24
67,5,9.67,0,17,4,0,84.01
18,3,6.79,12,13,4,1,35.43
34,3,4.81,3,10,4,1,43.22
8,5,7.09,14,11,6,1,15.84
40,1,11.04,9,8,2,0,240.0
42,1,11.84,19,16,0,0,240.0
41,1,7.14,8,11,1,1,193.43
6,1,11.09,7,15,5,0,48.04
52,3,8.08,19,7,2,0,101.55
26,2,9.74,5,9,5,0,81.76
64,5,4.36,9,10,5,1,44.13
59,2,8.46,19,15,2,0,170.85
56,2,4.56,16,8,4,0,89.1
59,4,6.15,4,13,4,1,63.69
70,1,8.53,13,15,2,0,240.0
33,3,10.46,16,18,4,0,82.96
53,1,8.49,10,16,0,0,240.0
22,1,11.49,3,10,2,1,167.51
21,2,10.48,16,11,6,1,85.21
70,4,5.25,1,18,6,0,63.61
70,1,7.11,20,18,5,0,240.0
4,5,9.35,0,18,6,0,4.68
75,5,11.51,17,16,2,0,125.83
62,1,11.9,6,10,6,1,240.0
62,2,10.11,5,18,2,0,208.42
24,2,8.59,5,13,4,1,72.35
55,3,10.05,13,14,6,0,124.57
9,4,6.19,11,14,2,0,17.13
3,2,6.27,13,9,1,0,13.53
31,3,9.23,13,8,1,0,68.88
40,5,10.97,11,12,0,1,67.38
36,5,11.76,8,18,2,0,62.49
24,5,6.73,8,7,6,0,23.53
6,1,10.37,1,18,2,0,41.26
66,4,10.81,17,15,5,0,123.07
75,3,8.99,4,13,4,1,152.64
4,4,6.78,11,14,5,0,11.51
79,1,8.95,13,13,6,1,240.0
6,3,8.68,12,11,3,1,24.75
51,3,8.85,2,11,5,1,101.76
62,2,8.95,14,13,6,1,192.44
57,4,10.78,14,13,3,1,113.41
66,4,5.36,2,8,6,0,57.73
79,2,6.94,19,8,2,0,186.75
75,5,8.69,18,13,0,1,97.42
8,1,6.27,14,11,1,1,40.71
26,4,11.83,18,8,2,0,61.25
51,2,6.11,7,7,2,0,105.1
45,3,7.76,12,15,0,0,78.28
44,2,11.02,9,17,0,0,161.23
5,5,4.64,1,14,3,0,6.14
70,1,10.57,10,8,6,0,240.0
26,5,8.57,18,8,2,0,41.1
68,3,4.25,8,9,6,0,66.07
19,3,11.22,8,10,2,1,51.29
20,3,4.31,5,15,4,0,16.94
12,3,8.12,9,18,1,0,29.81
47,2,4.39,7,12,4,1,72.92
1,3,4.57,14,9,4,0,6.81
14,3,11.1,5,14,1,0,35.94
64,2,10.13,6,12,2,1,218.2
38,3,5.58,19,14,3,0,53.46
37,5,8.96,16,16,6,0,53.65
11,5,10.36,3,18,1,0,16.93
77,4,11.12,7,8,0,0,145.09
3,5,7.75,12,14,2,0,5.05
33,1,11.18,13,17,1,0,240.0
6,1,8.06,17,11,1,1,44.74
50,1,9.51,16,16,5,0,240.0
10,2,11.83,17,18,6,0,45.9
5,5,5.89,13,10,1,1,11.35
23,1,5.35,10,9,3,0,82.25
10,4,6.74,9,18,4,0,18.05
44,2,5.32,12,15,4,0,82.83
2,4,6.27,19,16,5,0,11.14
13,5,9.94,15,13,1,1,27.78
40,3,7.82,13,13,1,1,80.32
2,4,7.0,2,12,4,1,9.23
65,3,6.95,17,15,3,0,104.75
63,2,5.56,5,9,2,0,113.46
73,4,7.58,19,7,4,0,100.16
17,4,9.0,2,13,1,1,32.33
9,2,5.11,18,15,3,0,25.33
75,2,11.78,2,12,6,1,240.0
15,1,7.55,11,16,3,0,78.77
24,5,11.58,7,8,6,0,40.2
38,4,5.08,4,14,5,0,33.26
35,4,10.14,16,15,1,0,67.2
49,2,8.94,9,16,0,0,145.44
69,2,10.56,20,14,3,0,240.0
62,5,8.81,16,15,4,0,82.3
60,2,11.7,8,7,0,0,230.69
50,3,9.02,12,9,5,0,99.69
78,3,10.28,9,9,2,0,179.28
75,3,11.02,7,15,4,0,187.06
9,3,9.72,6,9,5,0,20.59
34,5,8.19,1,16,6,0,39.25
76,4,6.18,1,7,5,0,76.85
35,3,10.84,3,9,5,0,81.74
1,2,7.84,8,8,1,0,7.93
40,3,8.97,13,15,0,0,81.39
64,5,4.63,10,7,5,0,46.56
22,2,7.98,20,17,5,0,67.28
60,3,9.59,6,8,5,0,124.26
64,4,8.67,18,7,4,0,102.88
72,2,7.59,3,15,5,0,180.82
11,2,5.79,1,13,3,1,25.83
14,4,6.48,20,7,1,0,26.52
60,2,9.6,18,16,0,0,191.28
30,3,5.79,20,18,3,0,46.39
35,2,8.97,17,12,5,1,119.55
37,3,8.72,20,11,6,1,84.16
5,4,11.76,6,16,1,0,11.27
78,1,4.49,10,17,1,0,232.98
26,4,4.86,9,11,0,1,26.84
62,3,8.05,10,10,0,1,120.29
4,5,8.22,8,9,0,0,7.38
42,4,4.32,2,14,4,0,27.33
18,5,10.61,4,13,6,1,31.17
40,5,7.96,0,11,1,1,47.39
72,3,6.77,0,18,5,0,107.0
39,3,6.55,19,15,2,0,62.05
14,1,10.89,4,18,3,0,99.2
32,2,5.57,18,13,0,1,66.67
51,4,5.28,5,16,1,0,47.69
38,3,5.71,2,8,6,0,48.95
23,4,9.0,20,13,5,1,48.77
63,5,10.49,12,13,3,1,95.04
15,2,6.65,16,10,2,1,40.61
25,1,5.39,2,18,3,0,86.99
17,4,5.67,2,18,2,0,18.88
66,2,8.95,20,14,5,0,202.72
78,1,5.97,12,10,0,1,240.0
53,4,11.02,1,13,4,1,98.86
51,2,4.83,2,10,2,1,86.19
39,3,4.26,19,14,0,0,45.3
51,4,4.71,15,9,3,0,43.7
70,2,10.77,20,8,5,0,240.0
6,1,9.21,11,16,6,0,39.96
67,2,11.66,8,12,3,1,240.0
7,3,6.69,15,13,3,1,22.21
51,4,5.7,3,13,5,1,51.43
72,4,8.5,19,12,5,1,114.24
42,4,8.3,17,17,4,0,68.42
64,3,8.73,0,14,1,0,127.29
15,1,6.78,6,18,2,0,67.24
29,4,4.05,19,12,6,1,32.74
33,1,4.28,11,12,5,1,97.68
27,2,9.31,7,9,1,0,84.24
36,1,8.19,7,18,3,0,197.7
29,1,10.57,8,8,6,0,198.71
38,4,6.4,13,13,4,1,49.19
57,5,10.52,19,12,0,1,91.38
27,5,7.4,4,7,4,0,24.85
55,3,4.77,19,8,5,0,67.1
33,3,11.82,20,8,1,0,95.02
68,5,8.1,1,7,3,0,70.88
66,2,9.04,20,9,6,0,205.21
10,4,9.37,9,11,6,1,22.07
5,4,6.9,8,10,6,1,14.52
74,2,9.98,6,18,2,0,240.0
38,2,10.96,17,8,4,0,144.33
13,5,7.1,11,14,1,0,17.01
31,3,9.26,10,15,1,0,64.5
47,2,10.06,9,14,0,0,155.37
52,3,5.52,12,13,2,1,70.65
56,1,6.66,8,16,6,0,240.0
15,4,4.87,15,8,1,0,19.91
29,5,8.82,20,12,2,1,47.19
8,4,10.41,16,17,3,0,20.62
5,5,8.89,4,10,5,1,7.78
29,1,5.44,5,11,4,1,107.65
47,4,8.37,9,15,1,0,66.11
68,1,10.68,10,15,3,0,240.0
76,5,6.42,1,10,0,1,68.08
45,2,10.66,6,14,2,0,162.03
2,4,10.28,13,17,5,0,10.0
27,1,4.17,3,11,3,1,82.41
36,4,5.92,4,15,2,0,37.26
36,4,8.34,18,8,6,0,58.5
26,4,9.74,20,10,6,1,59.05
43,3,11.04,19,9,5,0,110.93
27,1,9.13,9,13,2,1,167.4
69,1,7.04,5,8,1,0,240.0
20,4,5.48,1,9,2,0,24.15
11,2,10.08,2,15,3,0,36.28
74,4,5.65,14,14,0,0,75.56
38,3,9.56,9,8,1,0,85.02
6,5,5.45,16,12,4,1,19.45
72,3,4.73,6,9,0,0,78.58
23,2,6.01,1,18,3,0,48.4
47,4,6.28,6,12,1,1,56.49
46,1,9.18,14,11,5,1,240.0
12,4,5.29,2,16,5,0,9.16
13,2,11.44,4,10,2,1,53.3
62,1,8.43,7,18,6,0,240.0
60,3,7.93,3,13,0,1,109.17
43,5,7.48,17,17,1,0,51.37
76,5,8.53,18,16,4,0,97.11
68,4,4.18,7,13,6,1,49.54
5,3,11.92,5,10,4,1,19.31
37,2,8.46,4,9,4,0,107.55
72,5,4.28,4,10,5,1,43.3
31,3,8.72,16,8,1,0,65.16
9,4,7.5,5,10,0,1,18.4
51,1,4.19,12,10,2,1,150.64
29,4,11.4,8,18,0,0,54.96
78,4,4.08,11,11,2,1,64.31
40,3,8.62,9,7,0,0,80.36
41,5,11.69,0,8,0,0,59.52
11,3,5.9,10,14,1,0,21.37
23,1,6.03,5,14,4,0,94.7
1,3,4.0,2,14,6,0,1.86
46,2,4.53,5,11,4,1,73.31
21,4,4.36,8,14,4,0,16.54
36,5,10.58,7,15,6,0,52.2
54,1,10.69,14,10,4,1,240.0
57,4,9.81,5,10,0,1,93.93
1,3,6.82,10,13,4,1,8.81
63,2,10.57,9,11,0,1,225.5
54,3,8.32,10,17,2,0,103.76
55,4,6.43,3,16,3,0,60.31
40,1,7.5,12,7,6,0,199.44
15,5,4.53,7,14,6,0,12.13
21,4,11.56,19,10,3,1,52.03
47,1,8.95,14,14,2,0,240.0
73,4,9.85,6,8,0,0,121.0
53,2,9.41,0,18,6,0,161.74
9,3,9.34,8,18,4,0,22.44
74,5,4.14,7,10,1,1,47.33
52,1,8.2,1,8,0,0,240.0
57,5,10.57,13,11,0,1,91.41
26,5,4.36,11,16,6,0,22.31
41,5,11.65,16,16,2,0,66.49
35,1,7.39,18,14,2,0,181.34
63,1,6.32,5,17,1,0,240.0
25,5,8.25,20,13,4,1,41.91
75,3,10.41,4,17,3,0,170.16
38,4,7.8,5,11,5,1,54.91
2,5,9.16,2,17,4,0,4.47
7,2,8.0,15,13,4,1,33.34
34,5,9.05,17,11,5,1,50.31
17,1,5.1,13,13,5,1,69.1
43,4,4.31,14,10,0,1,40.27
59,2,5.1,3,10,1,1,106.13
51,4,6.29,10,16,6,0,54.22
54,4,6.03,4,10,0,1,58.76
24,2,8.92,8,17,2,0,69.43
25,5,7.65,4,14,5,0,25.54
71,5,4.31,6,7,3,0,41.83
52,5,4.28,17,16,6,0,38.3
70,3,4.72,17,11,1,1,80.95
33,5,6.82,19,18,6,0,42.07
49,2,4.05,1,16,1,0,68.66
29,3,7.95,12,8,4,0,56.26
63,5,6.89,12,16,0,0,59.79
22,3,8.44,16,10,4,1,49.39
26,2,9.77,16,11,4,1,94.75
28,5,6.01,5,14,1,0,22.79
49,1,5.26,13,8,3,0,176.58
71,2,6.22,20,8,2,0,152.85
49,4,4.01,13,8,4,0,39.33
20,4,4.96,11,14,5,0,21.5
63,2,10.01,4,18,3,0,205.88
61,4,5.78,4,9,5,0,57.77
49,2,11.95,3,11,4,1,193.51
71,1,5.34,12,8,3,0,240.0
1,2,10.31,3,12,0,1,8.99
13,5,9.64,17,16,5,0,25.25
51,5,6.58,15,12,2,1,55.19
56,3,6.65,17,8,1,0,88.79
62,4,8.51,1,10,0,1,86.49
32,4,10.82,3,17,4,0,60.09
30,2,7.09,19,8,4,0,75.56
29,4,4.49,16,16,2,0,30.17
49,5,7.0,19,10,6,1,60.56
45,1,5.66,5,17,6,0,170.45
30,2,11.51,17,13,5,1,126.32
16,4,9.58,19,11,5,1,38.56
40,5,4.41,6,16,2,0,24.13
19,3,6.34,12,10,2,1,33.3
18,4,4.4,8,16,4,0,16.94
1,1,10.64,1,16,4,0,6.06
78,1,11.25,7,9,1,0,240.0
47,4,4.9,13,12,2,1,49.31
66,4,7.52,17,8,3,0,88.79
38,5,11.46,0,10,6,1,59.11
51,4,5.16,8,18,1,0,52.74
63,3,6.34,8,14,3,0,89.87
4,5,6.43,1,8,6,0,5.4
1,2,4.24,15,15,0,0,10.27
8,3,4.29,3,8,2,0,8.1
29,5,11.62,12,14,1,0,48.43
55,5,8.57,16,14,5,0,66.01
3,1,6.45,10,13,6,1,22.07
32,5,7.03,1,16,1,0,29.82
10,3,9.72,3,12,0,1,24.14
74,4,6.93,11,7,0,0,91.37
34,3,5.82,1,8,0,0,44.62
55,2,4.81,0,13,6,1,90.02
32,5,9.83,5,17,1,0,42.65
50,5,5.44,15,10,4,1,46.43
7,5,4.56,1,15,3,0,2.29
8,5,7.42,13,9,5,0,13.01
65,1,4.32,19,10,5,1,197.47
57,1,11.72,11,9,3,0,240.0
67,4,9.02,18,13,5,1,115.49
59,5,5.22,2,8,0,0,39.84
72,2,5.38,18,16,5,0,134.72
54,4,8.56,10,18,4,0,81.08
67,5,6.85,3,18,4,0,62.41
51,1,10.19,16,8,0,0,240.0
8,2,8.37,16,8,2,0,28.35
34,4,7.47,6,18,1,0,43.68
35,2,11.7,4,10,6,1,139.95
78,5,7.13,18,14,2,0,80.77
32,3,7.2,20,14,6,0,64.79
46,2,9.33,18,14,6,0,147.91
16,2,10.48,8,14,4,0,58.99
68,1,9.01,16,13,0,1,240.0
37,5,9.59,8,12,1,1,53.71
54,2,6.98,13,18,3,0,130.75
14,5,7.84,4,13,5,1,18.25
55,1,5.58,1,11,4,1,208.72
48,5,9.44,14,14,1,0,64.55
7,1,5.77,15,8,1,0,34.71
74,1,4.01,18,11,2,1,206.3
7,4,11.47,0,13,3,1,17.01
33,5,6.45,11,15,2,0,35.81
23,3,5.57,18,16,2,0,40.65
19,4,6.15,19,7,2,0,26.93
19,1,6.64,14,17,2,0,87.48
36,3,7.8,4,15,4,0,63.92
29,2,4.55,0,9,3,0,42.79
60,2,4.42,10,7,2,0,90.19
2,4,6.34,8,13,6,1,9.49
1,3,6.37,6,9,4,0,3.38
47,5,4.94,1,14,6,0,28.44
69,3,7.24,16,17,5,0,116.78
20,4,6.27,15,8,4,0,27.98
11,5,4.21,15,10,1,1,16.61
2,5,11.09,13,18,1,0,5.58
67,2,11.09,1,8,0,0,240.0
12,3,5.67,18,17,4,0,27.66
20,5,5.3,2,10,6,1,18.11
5,4,8.38,7,18,0,0,9.71
37,2,9.05,20,7,4,0,117.86
38,5,11.66,18,16,2,0,67.84
9,3,7.02,15,11,2,1,27.34
53,2,8.95,3,9,0,0,154.35
44,3,11.03,7,15,2,0,105.64
24,3,7.6,0,10,2,1,42.84
74,3,4.98,3,12,6,1,84.3
30,2,7.02,6,15,1,0,71.03
59,5,5.09,0,8,2,0,41.43
14,1,4.13,17,13,1,1,48.04
9,5,10.01,3,9,3,0,14.06
40,2,5.91,19,7,4,0,87.19
66,1,4.02,13,15,1,0,179.97
25,1,10.98,7,15,5,0,183.32
73,1,7.55,17,18,5,0,240.0
22,4,5.91,6,17,1,0,25.34
4,2,6.1,2,10,1,1,12.91
26,4,5.92,20,15,5,0,33.63
58,1,5.56,13,13,4,1,223.42
29,4,10.73,11,10,4,1,61.85
37,4,5.36,14,18,4,0,37.61
75,2,8.49,7,8,5,0,209.49
70,3,4.62,4,11,2,1,78.23
18,4,11.6,16,14,1,0,41.87
42,4,8.83,9,16,4,0,62.17
41,1,11.23,10,16,3,0,240.0
38,1,7.18,15,12,5,1,188.35
34,1,10.49,15,18,4,0,239.39
17,5,10.83,3,18,6,0,26.35
37,4,9.62,4,17,6,0,58.17
25,1,4.74,9,11,0,1,88.12
76,2,4.13,13,10,0,1,110.65
27,5,5.35,8,17,1,0,23.26
57,3,4.94,17,12,1,1,72.46
31,4,9.8,19,17,1,0,61.0
6,4,8.46,5,9,6,0,11.88
40,2,8.21,10,8,6,0,111.37
12,3,6.02,20,7,2,0,22.55
53,3,5.24,16,15,5,0,68.93
71,5,5.65,8,7,0,0,56.44
10,4,7.2,2,17,0,0,9.61
45,1,9.92,15,10,1,1,240.0
17,2,6.04,19,12,5,1,48.19
26,2,9.59,3,15,0,0,82.66
62,2,7.93,14,10,0,1,169.79
46,2,11.08,1,13,2,1,172.89
64,1,5.86,19,13,3,1,240.0
2,1,7.61,16,12,1,1,19.67
54,5,4.77,18,15,3,0,44.55
65,4,6.68,19,17,3,0,80.91
51,1,8.06,15,16,2,0,240.0
53,5,9.86,18,13,6,1,80.51
36,3,5.58,20,9,0,0,53.19
26,4,5.74,16,12,1,1,38.35
29,1,9.05,3,13,4,1,175.2
21,3,7.06,17,18,6,0,36.96
11,5,7.86,3,13,3,1,16.31
40,1,10.69,20,12,5,1,240.0
11,1,7.99,2,9,3,0,60.5
36,3,9.22,17,12,2,1,83.59
59,1,9.25,20,8,3,0,240.0
39,2,10.43,19,16,3,0,144.11
54,1,9.11,4,7,3,0,240.0
55,4,4.52,8,14,2,0,48.53
24,3,6.74,14,9,0,0,44.83
22,4,11.91,8,14,5,0,45.72
69,5,5.57,13,9,3,0,56.26
56,4,8.69,20,8,1,0,92.47
33,2,10.74,1,18,5,0,113.34
36,2,8.69,17,14,3,0,110.04
20,4,6.98,12,9,3,0,32.49
62,5,4.64,20,14,1,0,51.46
73,1,6.89,15,8,2,0,240.0
26,2,5.46,5,10,4,1,49.3
66,4,11.69,15,15,1,0,132.16
73,4,9.72,3,7,6,0,118.25
73,4,10.0,9,8,4,0,121.54
40,1,7.49,18,8,0,0,208.43
17,3,4.88,10,15,0,0,22.5
1,5,6.13,4,16,3,0,5.46
61,3,6.08,17,11,5,1,92.62
43,5,7.89,2,17,3,0,45.73
42,5,7.69,7,10,2,1,49.48
25,4,7.47,10,16,4,0,34.22
39,2,7.97,20,16,0,0,110.22
35,4,11.9,18,10,0,1,82.08
3,1,6.39,20,13,3,1,26.04
44,5,8.92,2,9,3,0,51.14
51,2,5.92,11,15,2,0,104.85
12,5,7.73,14,11,3,1,26.12
19,5,5.6,15,17,6,0,24.76
44,4,8.47,4,15,5,0,60.57
59,2,6.12,18,7,3,0,124.8
49,2,4.29,5,16,5,0,73.41
61,5,10.52,11,18,6,0,87.94
17,2,5.03,18,14,5,0,36.32
74,2,6.94,8,8,2,0,168.21
57,4,7.82,17,14,3,0,82.37
55,3,7.46,2,10,5,1,93.84
47,1,9.81,13,8,5,0,240.0
12,3,8.77,20,8,6,0,34.41
62,2,6.36,4,12,3,1,136.26
80,5,4.41,4,9,3,0,49.99
8,1,10.14,3,17,4,0,53.45
21,1,6.82,15,16,0,0,100.57
80,5,11.12,12,9,1,0,122.06
70,1,7.16,7,15,0,0,240.0
72,5,9.74,20,11,4,1,106.54
25,1,11.52,15,13,1,1,197.78
12,3,9.21,1,18,0,0,25.08
15,1,7.31,7,11,2,1,77.62
59,4,8.54,2,8,6,0,83.38
26,5,8.35,8,17,4,0,32.96
26,1,8.68,10,17,2,0,149.34
47,5,5.17,20,14,2,0,42.3
32,4,9.59,19,15,0,0,62.1
10,1,5.16,0,17,6,0,35.67
16,1,4.12,0,8,5,0,40.49
71,4,9.0,7,8,1,0,104.81
17,4,4.94,15,10,5,1,26.2
23,4,10.16,9,14,3,0,42.78
26,5,10.93,1,11,3,1,41.14
7,4,11.56,15,11,4,1,19.67
14,5,9.32,3,13,2,1,20.41
79,3,7.86,18,18,4,0,146.12
7,1,6.82,8,10,0,1,39.87
9,1,7.93,2,18,6,0,51.37
48,2,5.52,10,15,6,0,92.85
72,3,6.79,7,10,2,1,114.08
59,4,9.74,6,14,3,0,93.25
39,4,5.74,0,9,0,0,37.05
18,3,6.11,7,12,0,1,31.15
59,4,9.99,16,7,5,0,101.53
17,2,5.42,10,13,4,1,41.54
14,5,5.97,6,17,6,0,13.99
31,1,4.14,8,13,4,1,92.25
24,3,9.76,13,8,5,0,55.6
60,1,8.94,4,11,6,1,240.0
45,5,9.56,17,10,1,1,68.1
3,3,5.71,12,16,3,0,14.28
37,5,9.5,4,15,3,0,46.59
43,4,8.77,7,18,4,0,63.39
40,4,6.93,14,8,3,0,52.56
55,4,7.5,3,9,3,0,68.08
39,5,8.54,0,7,0,0,43.77
15,5,7.95,5,16,5,0,21.29
4,5,9.13,18,11,5,1,15.8
25,1,5.45,11,9,2,0,94.29
13,5,8.33,6,18,2,0,15.83
33,4,7.6,12,10,1,1,49.42
16,2,7.69,6,10,2,1,46.71
42,5,7.76,8,12,5,1,50.39
66,2,11.05,0,16,3,0,240.0
55,4,10.55,20,13,5,1,107.24
42,5,9.04,12,13,0,1,58.86
34,1,9.73,18,17,5,0,220.31
30,1,4.34,20,14,2,0,95.54
13,2,9.95,0,9,3,0,42.28
13,1,7.89,19,11,5,1,81.36
18,1,6.54,20,18,3,0,87.0
32,1,5.12,18,16,4,0,111.87
39,4,4.6,17,12,6,1,45.12
46,1,4.36,4,18,5,0,132.97
29,3,5.29,2,12,4,1,38.98
62,5,4.24,1,18,2,0,38.19
62,1,9.86,9,14,4,0,240.0
57,1,5.99,5,11,3,1,225.66
16,1,6.95,18,11,3,1,83.1
56,3,10.58,16,7,4,0,136.31
10,1,4.92,18,7,6,0,40.75
30,1,10.68,12,12,0,1,221.51
25,5,9.12,16,16,4,0,38.42
5,3,6.74,17,16,0,0,12.89
65,3,4.94,10,11,6,1,77.21
49,1,4.73,19,17,4,0,158.96
3,3,6.68,19,16,3,0,13.31
45,2,5.12,12,12,5,1,83.48
14,3,6.14,10,15,3,0,21.19
30,3,4.42,19,14,4,0,38.53
68,3,8.76,18,13,1,1,141.15
18,4,5.16,9,13,0,1,21.07
62,4,10.05,2,12,1,1,109.46
37,4,5.75,20,12,3,1,48.44
25,3,10.38,5,7,6,0,62.71
48,2,5.52,6,18,0,0,91.37
65,3,9.77,20,13,5,1,150.67
53,1,6.66,19,11,6,1,240.0
79,2,8.66,4,13,4,1,230.56
73,4,4.31,8,12,0,1,57.97
15,5,7.96,9,14,0,0,19.39
49,2,5.19,13,9,6,0,89.75
68,4,7.89,10,14,2,0,91.75
12,2,5.13,16,13,5,1,34.07
59,2,7.5,10,7,0,0,149.6
37,3,4.88,6,9,5,0,44.22
61,1,5.76,10,16,3,0,234.65
43,5,8.76,12,10,5,1,57.61
70,4,11.81,18,15,1,0,140.11
39,2,7.59,5,18,1,0,97.24
56,5,9.5,1,12,5,1,77.89
63,2,8.32,13,13,4,1,182.81
46,1,7.99,15,11,2,1,240.0
11,5,4.52,6,9,1,0,12.24
62,4,5.15,0,11,6,1,55.95
77,2,11.06,1,18,1,0,240.0
25,1,7.28,8,13,0,1,127.07
71,5,8.91,17,15,5,0,89.92
52,2,8.23,20,18,3,0,147.31
4,2,7.03,19,15,5,0,19.51
59,4,7.1,17,18,5,0,76.61
72,1,8.44,17,14,3,0,240.0
20,3,5.13,9,11,4,1,31.8
63,2,7.1,7,13,3,1,152.12
54,5,7.58,20,10,1,1,68.79
74,4,11.88,7,16,0,0,143.95
57,4,6.81,1,11,3,1,65.03
41,2,9.16,17,18,2,0,127.92
3,2,5.1,10,10,2,1,14.0
6,2,4.52,10,9,2,0,11.13
5,3,10.97,18,17,3,0,24.37
5,2,9.85,10,7,0,0,24.41
54,1,6.54,9,11,3,1,238.85
47,5,8.04,7,18,1,0,54.48
49,2,5.09,14,8,3,0,86.35
9,3,9.66,7,12,6,1,28.65
20,5,4.56,18,11,6,1,24.25
61,4,10.06,0,17,5,0,99.62
35,2,8.37,19,8,2,0,104.32
50,5,6.23,2,14,2,0,40.07
62,4,10.9,20,11,5,1,124.98
17,3,11.89,11,8,0,0,48.21
3,1,6.03,15,7,4,0,18.73
32,2,10.45,15,8,2,0,111.64
13,1,10.0,16,7,2,0,93.25
73,3,9.98,15,16,4,0,165.14
68,5,11.66,8,16,3,0,105.2
14,5,7.89,18,9,2,0,22.88
11,3,9.39,0,9,0,0,21.45
56,3,10.59,17,18,6,0,133.9
67,2,7.84,5,16,3,0,176.46
29,4,7.85,5,7,3,0,42.33
9,1,6.55,11,13,2,1,49.24
67,1,10.25,2,16,3,0,240.0
25,5,9.49,10,13,3,1,38.85
76,5,7.61,5,15,0,0,77.67
42,2,7.35,13,11,3,1,109.76
9,3,4.58,17,10,5,1,21.93
79,1,4.05,15,11,2,1,221.38
40,2,8.23,12,14,2,0,112.84
25,5,7.34,0,14,5,0,21.28
5,5,10.37,5,18,6,0,10.07
11,1,8.34,13,10,5,1,68.92
59,5,11.49,16,18,5,0,98.0
79,5,5.57,12,14,4,0,66.95
38,4,11.92,12,10,1,1,85.74
72,3,6.38,8,10,4,1,107.1
5,5,9.14,5,17,0,0,8.67
48,4,8.01,5,14,0,0,64.79
18,2,6.88,4,8,6,0,40.45
70,5,5.11,20,10,2,1,59.44
37,2,5.08,13,7,1,0,67.28
60,5,9.69,13,7,4,0,81.64
48,1,7.02,3,17,6,0,218.08
77,4,11.69,1,14,6,0,146.86
28,4,6.61,1,10,1,1,34.46
69,1,11.87,16,12,2,1,240.0
77,3,5.64,9,11,6,1,102.35
40,4,4.82,13,16,6,0,33.13
45,2,6.5,18,12,3,1,106.03
62,4,11.08,16,10,2,1,121.26
58,3,8.17,10,10,6,1,111.21
67,2,5.09,6,13,2,1,116.47
56,2,5.62,8,7,1,0,105.61
40,1,6.49,13,15,0,0,179.04
40,5,8.72,3,16,3,0,44.91
77,1,6.66,13,9,3,0,240.0
33,5,9.98,19,10,6,1,57.51
6,1,8.93,19,15,0,0,45.09
19,5,10.99,16,11,1,1,41.61
80,4,8.01,18,18,1,0,112.22
40,2,6.65,16,10,0,1,98.15
59,5,11.97,13,18,4,0,96.62
59,4,6.85,12,12,1,1,70.91
48,3,7.43,13,7,6,0,83.98
41,1,10.47,15,16,0,0,240.0
13,3,4.71,20,7,4,0,20.5
45,4,7.09,14,11,2,1,60.28
53,3,4.69,18,11,3,1,67.46
42,3,5.11,10,17,0,0,51.05
63,4,4.04,11,15,6,0,49.86
27,2,4.08,10,7,1,0,39.78
38,5,7.04,4,9,3,0,39.84
60,1,10.47,7,9,4,0,240.0
7,5,8.7,5,10,6,1,16.68
5,1,9.08,15,18,3,0,35.4
45,5,8.15,11,13,6,1,56.73
58,3,10.56,5,13,5,1,139.53
31,2,11.04,12,16,0,0,117.93
23,3,10.8,6,11,2,1,59.36
42,2,10.5,7,15,4,0,145.82
10,4,5.46,11,13,6,1,21.45
32,1,8.75,1,8,4,0,184.3
53,1,8.66,8,18,4,0,240.0
30,4,8.22,12,9,3,0,46.6
39,5,7.85,16,17,2,0,50.22
31,4,4.71,12,13,6,1,32.26
2,4,4.82,15,11,0,1,14.12
78,2,11.22,0,13,0,1,240.0
77,4,9.04,6,15,3,0,112.73
12,1,6.1,12,15,5,0,52.03
39,3,6.23,13,9,6,0,58.09
66,2,8.88,20,14,0,0,200.48
13,2,7.26,16,12,0,1,41.57
46,5,7.53,15,10,2,1,57.31
27,3,4.49,14,10,3,1,36.63
17,2,5.11,16,10,3,1,37.11
60,4,7.15,1,13,4,1,68.79
64,2,9.6,11,12,0,1,208.1
35,2,4.38,2,8,1,0,51.13
70,2,6.68,8,11,5,1,159.96
30,5,9.56,5,11,2,1,41.62
71,2,10.34,5,12,2,1,240.0
74,2,5.52,6,13,6,1,138.96
63,5,9.85,7,18,5,0,85.87
28,3,11.64,2,17,5,0,73.4
60,1,11.25,14,14,1,0,240.0
79,5,10.32,5,18,4,0,109.77
37,5,9.7,10,16,1,0,49.28
22,2,5.88,2,14,5,0,42.64
68,2,9.07,15,17,6,0,210.93
20,1,9.15,5,11,5,1,124.96
68,2,7.25,10,8,1,0,162.14
64,4,7.94,7,16,4,0,87.51
17,2,9.55,9,14,1,0,58.34
12,2,11.62,9,12,6,1,53.6
22,4,6.36,2,9,4,0,23.16
17,1,5.97,13,10,5,1,76.93
10,4,8.81,18,18,5,0,24.82
65,5,5.05,20,7,5,0,52.83
22,4,8.66,20,9,0,0,42.12
50,3,4.71,8,10,4,1,62.36
14,5,7.92,12,8,5,0,19.87
64,2,8.96,8,18,3,0,195.75
47,5,4.56,20,12,6,1,45.49
29,1,5.66,11,14,3,0,111.24
76,1,6.68,13,18,1,0,240.0
36,4,6.95,4,12,3,1,45.59
52,5,9.41,5,16,4,0,70.99
76,2,8.23,12,9,0,0,208.77
7,1,7.06,12,15,4,0,39.15
29,2,7.61,5,10,2,1,79.21
11,3,4.1,13,12,1,1,19.51
33,1,10.16,10,10,5,1,227.83
6,4,4.33,12,10,0,1,16.54
79,3,10.63,11,17,1,0,187.62
32,5,8.33,15,8,2,0,42.68
51,2,8.22,5,16,3,0,140.37
75,1,9.64,8,8,2,0,240.0
58,3,10.88,16,8,3,0,144.89
26,3,11.54,19,8,1,0,77.03
46,1,8.35,15,14,1,0,240.0
29,5,5.21,11,16,5,0,26.34
4,5,11.03,17,10,5,1,14.92
13,4,4.33,8,10,1,1,17.36
39,5,10.46,2,16,5,0,53.75
15,4,9.44,9,16,4,0,27.61
29,3,11.24,10,17,0,0,75.29
29,1,11.18,1,9,4,0,213.72
75,5,4.43,7,11,6,1,48.88
32,4,8.88,19,10,6,1,58.98
2,3,5.0,10,13,2,1,9.6
47,5,4.63,17,16,6,0,34.15
78,2,7.59,19,13,0,1,205.77
22,3,4.78,6,12,1,1,27.9
75,5,9.82,13,13,1,1,106.74
27,3,11.75,6,18,1,0,72.28
67,1,8.56,0,13,3,1,240.0
56,1,5.88,11,14,2,0,220.69
21,1,10.75,0,17,4,0,142.06
47,2,10.82,2,7,5,0,169.27
80,1,9.86,1,9,2,0,240.0
59,2,8.92,2,18,6,0,173.41
6,1,10.94,3,9,3,0,42.17
19,3,5.31,13,11,3,1,29.81
57,5,11.45,17,16,2,0,94.36
69,5,11.58,4,13,3,1,111.32
3,1,10.98,14,16,5,0,25.95
1,5,6.01,15,12,0,1,13.48
58,1,10.87,7,10,1,1,240.0
38,1,7.98,20,12,4,1,212.36
15,4,8.76,7,13,3,1,29.16
34,4,10.72,6,10,4,1,66.85
61,4,4.24,5,17,1,0,47.95
35,2,6.9,6,14,5,0,80.33
64,4,10.53,18,11,2,1,124.26
25,1,10.51,0,9,6,0,171.63
24,3,10.79,12,8,5,0,59.36
12,4,5.35,6,7,1,0,10.58
18,4,9.65,0,10,4,1,32.56
15,3,5.17,9,8,0,0,18.1
80,1,10.28,12,18,2,0,240.0
27,2,5.96,3,9,3,0,60.4
72,4,9.9,6,7,0,0,116.9
60,3,7.64,5,12,1,1,107.66
46,1,11.89,5,10,4,1,240.0
17,5,8.64,20,11,4,1,37.75
53,2,9.06,10,14,4,0,164.84
8,3,6.95,8,17,1,0,17.17
79,3,9.88,6,10,2,1,173.28
27,3,7.96,8,12,3,1,57.63
46,4,4.14,5,9,0,0,30.96
50,5,8.87,18,14,1,0,68.8
71,2,10.64,13,9,4,0,240.0
3,1,5.89,0,13,3,1,14.49
64,1,5.77,15,13,4,1,240.0
44,5,8.87,8,9,1,0,55.23
53,3,10.54,14,9,4,0,126.47
24,3,6.0,18,16,1,0,39.76
60,3,11.46,9,16,6,0,153.96
3,3,11.42,15,18,4,0,13.22
20,3,5.6,2,17,1,0,26.57
46,5,6.11,18,14,4,0,43.91
15,4,9.6,12,17,3,0,25.12
25,2,11.61,13,9,3,0,100.4
78,3,9.68,6,8,4,0,165.38
71,4,7.56,1,11,4,1,92.01
17,1,5.35,13,17,1,0,65.22
9,5,7.69,16,13,1,1,22.73
38,4,8.85,12,14,1,0,62.08
48,3,6.65,1,7,2,0,65.64
60,3,8.08,4,18,4,0,106.94
63,3,5.04,3,8,5,0,69.41
2,4,7.62,2,13,4,1,6.86
72,3,4.73,13,15,4,0,76.7
11,4,4.39,10,9,4,0,6.5
64,3,10.86,7,14,1,0,157.08
77,1,5.64,8,16,6,0,240.0
72,1,8.6,15,9,6,0,240.0
21,2,5.19,2,10,6,1,39.05
18,3,6.1,9,8,6,0,25.42
64,3,6.89,0,15,1,0,94.45
38,4,5.15,8,11,2,1,37.78
32,4,4.37,15,11,6,1,35.44
11,3,11.02,8,10,1,1,34.94
45,2,4.09,11,11,5,1,70.64
33,3,4.49,0,18,4,0,32.88
41,4,10.44,15,7,4,0,73.18
8,3,6.26,7,16,6,0,13.62
11,4,9.78,13,16,0,0,22.34
51,3,5.17,13,18,1,0,63.96
41,5,5.9,9,12,0,1,38.64
17,4,8.58,0,17,4,0,24.32
76,2,11.91,5,10,1,1,240.0
46,5,4.59,8,18,6,0,30.94
32,3,7.2,18,10,4,1,63.48
79,4,4.34,15,18,0,0,63.97
80,5,5.59,18,11,6,1,71.38
54,2,11.26,10,7,0,0,203.33
20,4,4.77,20,10,3,1,30.83
33,5,10.85,10,16,6,0,50.82
74,5,5.42,13,9,3,0,57.16
40,5,10.89,6,11,1,1,64.32
32,1,8.3,11,16,1,0,176.98
2,3,11.03,19,11,6,1,18.26
33,4,5.21,19,14,1,0,37.17
77,4,10.1,4,7,1,0,131.75
30,4,9.45,0,9,1,0,47.59
33,5,8.34,10,11,1,1,47.25
77,3,10.48,14,17,5,0,182.66
26,2,9.19,9,9,1,0,82.73
22,4,11.02,14,12,0,1,51.23
66,3,7.05,12,16,0,0,105.9
38,3,8.72,14,9,0,0,76.51
46,1,10.96,1,12,5,1,240.0
15,4,5.72,12,14,4,0,20.96
44,5,7.89,11,10,6,1,57.49
49,3,11.69,3,14,6,0,127.33
75,3,7.79,11,13,2,1,135.22
61,2,6.02,14,17,4,0,124.12
67,1,6.81,12,17,1,0,240.0
6,3,11.08,1,10,2,1,18.95
9,3,11.64,19,9,0,0,31.08
6,5,11.6,15,11,0,1,21.64
73,5,9.59,13,11,3,1,99.13
32,2,8.08,20,13,1,1,96.79
41,2,5.46,1,17,1,0,78.96
76,2,4.99,16,7,3,0,129.28
8,5,4.48,15,15,4,0,13.04
72,5,4.14,3,8,3,0,42.26
50,1,11.02,10,15,5,0,240.0
62,4,10.47,12,15,1,0,112.84
62,4,8.54,5,9,5,0,89.44
7,1,11.99,16,13,5,1,66.52
75,4,11.62,0,9,5,0,144.49
80,5,9.24,8,14,0,0,102.86
4,4,7.72,20,14,3,0,17.03
6,5,5.22,17,9,2,0,15.77
58,1,8.12,10,11,0,1,240.0
22,2,5.26,13,13,4,1,47.44
26,1,7.19,1,7,0,0,120.63
3,4,11.54,19,9,4,0,15.87
41,5,6.74,10,7,0,0,41.51
60,4,5.22,1,8,1,0,52.32
14,4,8.66,3,13,6,1,28.27
75,2,8.82,12,13,5,1,224.23
12,4,5.55,5,9,6,0,13.02
12,2,5.57,6,12,4,1,29.32
13,5,11.92,19,12,4,1,33.35
25,5,5.95,2,8,3,0,16.67
45,2,10.71,3,15,0,0,157.21
19,1,7.76,20,14,4,0,103.87
55,5,7.48,19,8,4,0,65.72
45,1,6.36,2,18,0,0,185.38
8,5,10.19,0,10,0,1,14.51
53,5,11.05,18,15,2,0,85.24
55,3,6.09,20,10,3,1,87.57
32,4,4.76,12,13,4,1,35.27
51,4,5.1,13,11,0,1,53.39
44,1,10.34,15,16,4,0,240.0
70,4,7.49,3,12,2,1,90.15
18,1,5.06,16,7,2,0,64.43
22,5,6.72,9,10,4,1,28.48
37,3,8.11,6,11,3,1,70.48
56,3,10.82,12,12,1,1,143.98
59,5,9.13,12,12,6,1,76.07
3,2,5.41,13,11,4,1,19.62
28,2,5.27,5,9,2,0,50.92
74,4,7.3,15,17,3,0,94.67
35,1,4.6,8,8,5,0,109.75
61,3,10.04,19,13,0,1,149.12
54,4,7.21,15,7,6,0,74.54
63,5,6.74,20,18,5,0,65.19
79,3,8.07,20,18,3,0,144.14
7,1,9.67,11,11,3,1,53.33
76,1,8.55,15,10,6,1,240.0
49,2,10.42,4,13,6,1,173.25
31,4,9.03,10,8,4,0,49.66
58,5,10.3,0,17,3,0,75.4
61,3,9.57,9,14,0,0,129.94
24,1,5.54,10,15,6,0,94.16
20,3,4.42,14,18,5,0,26.41
37,5,11.23,2,16,4,0,56.98
4,3,11.57,14,7,2,0,16.2
20,4,9.82,10,11,6,1,43.27
60,2,9.79,8,10,0,1,197.17
24,3,6.16,1,11,4,1,35.02
50,2,8.34,11,15,6,0,143.76
49,5,11.94,19,18,4,0,88.2
51,2,10.85,15,9,6,0,183.52
36,3,6.44,15,7,1,0,59.72
66,3,6.41,20,17,0,0,98.98
79,1,7.87,0,9,3,0,240.0
34,3,7.24,15,10,0,1,66.91
36,2,6.97,5,8,6,0,87.2
6,1,9.02,13,7,0,0,45.09
39,3,4.09,10,7,1,0,40.03
42,3,10.11,0,14,6,0,91.51
58,5,9.92,19,10,3,1,88.25
12,1,10.64,16,18,5,0,90.74
3,5,10.73,18,8,1,0,12.67
18,5,8.53,1,16,1,0,20.09
40,5,10.24,13,9,1,0,62.0
21,4,7.94,7,14,6,0,28.01
15,5,11.61,5,12,0,1,31.3
26,2,5.53,8,14,5,0,50.71
8,3,11.32,4,16,1,0,18.68
42,4,6.07,4,11,2,1,48.62
44,5,4.82,17,9,3,0,32.96
14,3,7.51,13,12,5,1,33.45
78,1,8.92,11,16,3,0,240.0
2,1,5.85,11,14,5,0,12.21
37,3,8.45,5,11,1,1,73.49
69,2,10.46,3,11,5,1,240.0
38,3,6.06,14,9,0,0,58.16
41,3,8.64,14,9,5,0,85.02
62,4,6.71,16,18,6,0,74.69
60,1,8.24,2,14,4,0,240.0
14,1,9.34,9,17,6,0,88.36
2,5,6.8,20,7,4,0,12.7
70,3,11.96,7,10,0,1,188.63
17,3,8.51,8,15,1,0,36.87
28,2,10.6,2,12,1,1,103.27
66,1,9.8,0,12,2,1,240.0
35,2,10.82,10,16,4,0,126.54
5,4,5.39,12,17,4,0,7.36
65,5,5.78,11,17,3,0,52.08
40,2,7.9,20,13,1,1,114.75
76,1,10.82,6,17,0,0,240.0
56,4,5.58,1,13,1,1,56.6
36,3,11.77,0,12,1,1,96.26
45,4,5.02,19,15,2,0,45.1
23,2,5.4,2,14,5,0,43.24
47,1,5.34,3,18,5,0,164.25
31,2,8.69,16,14,0,0,96.24
11,3,11.34,17,8,2,0,36.73
10,3,6.04,16,13,2,1,25.92
67,1,8.42,18,18,2,0,240.0
14,5,5.41,3,7,5,0,9.32
80,4,9.05,16,16,2,0,125.77
74,4,4.99,1,14,1,0,62.68
10,3,7.93,9,9,5,0,23.19
76,2,9.24,11,17,5,0,234.36
1,2,8.63,12,15,3,0,10.44
5,5,5.12,10,11,1,1,9.93
20,2,5.29,20,13,2,1,48.06
8,4,9.37,7,13,2,1,19.6
43,2,10.47,19,15,3,0,153.68
76,5,11.26,4,8,4,0,114.28
1,4,10.51,1,10,6,1,7.57
57,2,11.79,11,18,0,0,224.24
64,4,7.27,1,14,2,0,76.51
28,3,6.65,5,11,6,1,45.65
37,3,4.23,18,17,2,0,41.74
47,3,7.6,11,11,1,1,84.17
76,2,9.21,12,9,2,0,233.12
37,5,10.52,16,11,2,1,61.41
49,4,6.14,11,13,0,1,56.78
44,1,8.11,2,10,6,1,237.06
56,3,9.3,7,14,1,0,115.6
28,3,8.41,15,17,6,0,55.71
79,1,6.19,3,12,4,1,240.0
6,1,10.37,12,12,2,1,50.18
61,2,5.39,7,12,2,1,112.16
20,4,11.24,0,10,4,1,41.23
78,3,11.62,2,9,3,0,197.53
2,5,6.92,0,16,6,0,1.0
73,2,7.01,14,12,4,1,178.87
37,2,9.95,17,12,4,1,134.92
20,5,7.65,19,8,1,0,29.25
26,5,4.23,2,16,5,0,14.87
29,5,11.36,14,15,4,0,49.19
1,1,7.45,4,10,1,1,9.79
35,3,5.63,20,10,5,1,54.82
70,1,8.45,9,16,4,0,240.0
59,3,5.75,6,18,6,0,74.98
69,1,5.65,7,17,2,0,240.0
33,4,8.37,2,18,2,0,49.95
51,3,7.13,17,18,5,0,90.68
78,2,8.58,16,14,3,0,225.73
12,3,11.97,15,9,5,0,36.02
20,3,10.87,12,16,6,0,57.7
53,3,4.06,3,13,4,1,53.16
43,4,4.4,2,13,0,1,35.01
50,1,8.88,10,8,4,0,240.0
29,2,9.01,1,9,5,0,83.43
57,1,11.03,17,18,6,0,240.0
39,1,9.03,3,10,0,1,233.1
56,5,5.82,16,8,6,0,51.81
43,4,7.75,5,15,6,0,61.21
50,5,10.47,9,16,5,0,71.13
23,4,11.38,10,17,4,0,45.2
44,1,5.9,4,12,1,1,174.81
38,1,8.32,17,7,2,0,213.98
23,4,5.27,9,7,6,0,27.96
45,1,7.98,8,14,6,0,237.92
52,1,4.72,15,17,0,0,171.26
80,2,11.53,9,12,0,1,240.0
50,5,9.1,9,16,4,0,65.5
8,5,10.83,3,18,2,0,9.83
1,5,11.99,20,13,6,1,14.77
8,3,5.46,13,12,3,1,20.48
29,2,9.55,7,8,0,0,88.27
5,5,11.1,0,9,2,0,5.88
47,5,8.61,15,14,2,0,59.46
34,2,9.12,16,10,6,1,111.21
65,1,7.26,9,14,0,0,240.0
55,5,9.4,5,9,1,0,70.7
43,1,7.16,6,8,5,0,202.71
74,5,7.81,17,13,1,1,83.95
30,4,4.82,1,7,4,0,22.94
17,3,4.06,20,17,6,0,28.15
26,5,4.44,8,9,5,0,17.79
8,4,5.54,4,8,5,0,8.41
47,2,7.65,7,11,4,1,121.75
76,4,4.17,4,8,2,0,53.83
72,2,5.25,14,16,6,0,130.49
46,5,10.25,7,11,0,1,69.16
68,2,10.1,4,9,1,0,222.85
33,4,10.32,4,15,2,0,58.36
1,3,11.37,19,16,6,0,11.14
19,1,4.95,16,15,1,0,69.61
31,1,5.31,8,14,0,0,112.58
80,3,6.67,1,11,1,1,120.95
14,1,11.32,0,16,3,0,104.32
53,5,10.2,20,17,6,0,81.66
48,5,6.59,10,13,4,1,51.87
69,4,4.7,14,8,5,0,61.65
62,4,8.93,0,9,1,0,92.37
66,2,6.05,6,18,0,0,133.64
64,4,8.25,18,17,6,0,96.48
70,5,11.53,14,8,0,0,112.27
63,4,8.58,5,16,3,0,91.71
73,1,11.39,19,17,0,0,240.0
33,2,7.14,9,7,3,0,77.55
41,2,9.07,11,9,2,0,129.26
48,5,11.15,12,10,1,1,79.96
13,4,8.7,14,18,0,0,25.72
73,1,8.92,18,15,4,0,240.0
77,4,9.73,16,18,1,0,128.42
31,3,11.06,12,8,6,0,80.07
75,4,4.71,1,15,3,0,56.73
68,5,6.69,17,7,1,0,67.27
4,4,7.18,10,15,1,0,8.89
19,2,11.28,4,12,0,1,74.55
70,1,11.65,3,14,4,0,240.0
13,5,4.96,1,9,2,0,5.16
23,3,4.95,15,14,4,0,34.8
75,1,11.48,6,17,5,0,240.0
1,1,6.37,7,15,3,0,8.61
54,2,5.93,7,13,5,1,112.66
71,2,4.28,1,10,6,1,102.67
15,2,6.2,14,12,4,1,42.09
65,5,9.55,4,12,4,1,84.53
76,4,7.41,18,8,3,0,99.42
71,1,8.13,9,8,6,0,240.0
15,4,11.34,8,17,6,0,32.55
21,4,4.92,19,11,4,1,29.61
19,2,4.57,7,7,2,0,31.4
60,4,10.82,4,11,1,1,113.15
33,1,10.2,18,16,2,0,228.58
49,1,6.11,12,9,5,0,205.28
35,3,6.59,13,9,1,0,54.66
44,5,6.48,7,14,1,0,37.99
11,4,9.18,15,17,4,0,27.73
72,5,4.49,4,9,1,0,44.55
78,5,7.92,0,9,3,0,82.97
74,5,5.07,18,7,2,0,55.76
66,5,10.56,18,14,1,0,98.63
46,1,7.05,16,16,4,0,219.06
9,4,8.22,20,16,4,0,22.02
3,3,4.23,9,12,4,1,11.1
26,5,4.47,4,17,0,0,13.94
72,3,9.4,6,14,2,0,149.41
48,1,10.13,15,9,4,0,240.0
66,1,9.68,2,17,6,0,240.0
70,2,9.9,11,12,3,1,236.69
28,5,4.84,13,18,4,0,26.08
26,2,9.55,19,8,0,0,90.63
25,3,5.45,0,9,2,0,28.07
12,4,4.78,6,10,1,1,17.04
5,2,10.06,17,15,2,0,25.84
48,1,11.12,3,18,1,0,240.0
37,5,9.73,15,10,6,1,56.81
79,3,10.44,10,13,1,1,189.39
44,1,11.93,17,18,4,0,240.0
15,4,5.08,15,14,5,0,19.08
43,5,11.72,6,11,3,1,72.83
48,4,8.81,20,8,3,0,76.87
70,4,10.51,2,17,5,0,116.78
46,5,9.2,4,14,4,0,53.96
43,5,8.56,17,11,0,1,60.87
21,4,9.63,16,11,1,1,44.26
23,3,6.56,0,13,5,1,37.53
80,5,11.39,15,12,3,1,131.62
47,1,4.92,14,9,2,0,158.0
15,2,6.54,12,13,0,1,40.59
25,3,4.25,6,18,4,0,26.84
36,5,6.17,2,7,0,0,29.1
75,5,5.75,12,10,6,1,65.42
51,3,4.4,15,10,6,1,62.22
15,2,7.93,0,12,3,1,43.8
68,4,7.75,0,12,5,1,88.8
21,1,4.62,15,16,6,0,68.93
13,5,6.09,1,14,6,0,13.57
19,2,11.63,17,18,6,0,80.23
34,1,4.89,20,7,4,0,115.78
78,3,6.44,17,13,3,1,120.45
68,5,4.29,4,10,1,1,40.42
52,4,5.19,4,12,6,1,44.63
27,3,9.6,7,16,6,0,61.57
29,5,6.93,8,15,6,0,28.37
28,2,7.62,13,9,0,0,73.4
35,1,5.26,12,14,5,0,124.53
8,1,9.46,17,9,1,0,57.02
16,5,10.01,3,12,2,1,25.13
36,3,5.45,17,8,1,0,49.2
30,4,4.36,19,15,0,0,30.67
18,2,4.65,14,8,2,0,33.72
2,5,9.26,6,18,3,0,8.8
49,2,5.08,12,11,5,1,90.17
77,1,7.95,1,12,2,1,240.0
4,4,5.22,8,10,0,1,9.56
75,2,5.36,4,18,6,0,133.95
7,5,4.03,0,13,4,1,11.0
74,4,6.57,18,13,2,1,91.81
39,3,4.72,19,18,3,0,48.12
13,5,7.15,18,13,2,1,25.44
31,2,8.78,12,17,5,0,95.41
71,4,6.94,5,13,1,1,92.35
63,5,9.64,9,16,4,0,83.15
56,4,9.93,10,17,0,0,94.68
42,4,9.57,15,16,4,0,70.5
61,4,11.49,0,15,1,0,113.3
42,2,5.9,18,8,6,0,88.69
56,5,5.52,4,11,4,1,47.28
36,1,8.88,5,16,6,0,209.75
68,1,8.76,5,15,6,0,240.0
7,2,8.08,4,18,1,0,18.27
54,2,4.03,5,17,5,0,72.38
1,4,8.44,12,17,2,0,8.88
44,5,11.46,0,8,0,0,65.91
45,5,6.68,0,9,1,0,40.02
47,3,11.74,13,13,6,1,130.08
13,3,6.85,7,15,1,0,23.59
22,1,5.12,8,9,2,0,76.51
21,3,7.19,9,16,1,0,35.49
9,3,7.96,5,14,0,0,16.34
26,1,9.04,8,17,3,0,155.0
9,1,8.04,17,14,4,0,58.06
15,3,8.29,14,18,5,0,35.9
10,5,4.19,3,10,5,1,10.09
42,3,6.03,1,17,1,0,55.71
72,4,6.49,5,12,4,1,83.83
24,4,11.9,16,17,5,0,53.23
80,4,6.36,6,18,4,0,85.43
49,2,11.17,19,14,5,0,185.48
26,4,6.44,14,18,3,0,32.46
37,5,4.77,20,15,1,0,34.29
68,2,5.98,1,8,6,0,132.79
50,2,6.18,20,7,0,0,110.48
24,4,11.83,11,11,1,1,57.91
19,3,9.39,9,16,4,0,42.3
60,1,11.45,16,9,2,0,240.0
39,3,10.68,17,17,3,0,97.09
74,3,8.63,15,12,0,1,149.03
18,2,9.4,9,18,0,0,58.04
19,2,9.0,7,17,4,0,57.49
36,2,9.33,20,7,0,0,122.72
74,5,6.12,12,18,4,0,62.33
55,5,7.27,15,17,0,0,58.08
69,1,8.74,7,10,0,1,240.0
47,2,4.29,11,12,5,1,73.98
49,4,7.86,16,8,5,0,70.22
33,2,10.88,15,17,4,0,125.88
21,5,7.94,8,17,3,0,24.67
22,2,8.42,18,14,0,0,66.88
48,5,5.62,16,10,1,1,46.06
37,2,10.35,7,8,2,0,128.48
15,4,6.87,11,7,5,0,23.76
35,1,11.65,8,14,6,0,240.0
71,4,11.95,5,16,4,0,138.48
32,5,11.33,9,7,0,0,50.87
11,3,4.68,8,13,5,1,19.84
10,4,6.67,3,13,3,1,17.93
73,2,11.56,10,12,5,1,240.0
78,1,10.44,20,14,1,0,240.0
77,2,11.29,5,16,4,0,240.0
57,2,8.58,17,7,1,0,163.33
25,4,7.84,3,18,5,0,31.13
2,1,4.85,11,7,2,0,9.83
64,3,10.72,8,7,3,0,151.69
35,2,9.96,14,12,4,1,124.9
7,1,4.47,8,13,4,1,28.17
18,3,5.68,5,16,0,0,25.21
67,2,8.46,10,15,1,0,191.03
42,1,9.48,6,16,4,0,240.0
39,4,5.1,13,11,1,1,42.42
41,2,5.96,15,7,2,0,87.84
75,2,5.54,14,15,0,0,138.25
24,1,5.76,19,11,6,1,102.84
60,2,11.37,8,12,2,1,231.0
46,3,9.73,18,15,0,0,105.68
19,2,9.9,11,8,0,0,67.09
68,5,10.35,10,9,1,0,96.09
42,3,6.85,7,13,6,1,71.05
32,1,10.14,2,9,6,0,213.69
39,3,11.83,18,8,5,0,104.76
36,5,9.59,2,13,0,1,48.56
36,5,7.33,2,14,2,0,31.26
3,2,9.73,5,15,5,0,4.06
73,2,11.21,10,8,2,0,240.0
8,4,5.03,19,8,6,0,17.63
70,3,6.12,13,17,5,0,98.31
41,4,11.35,1,13,2,1,78.74
68,5,11.57,11,10,1,1,111.43
13,2,7.87,15,11,1,1,50.35
49,2,7.0,2,7,3,0,110.39
60,2,6.26,20,12,6,1,133.37
2,1,7.99,15,16,6,0,19.09
60,5,11.48,9,14,4,0,95.35
5,2,5.2,19,17,3,0,18.72
44,5,7.36,4,7,3,0,44.25
27,2,11.29,12,8,0,0,104.44
32,3,6.79,11,13,6,1,53.58
21,5,10.14,0,8,0,0,31.4
8,4,7.11,19,15,3,0,22.6
72,1,10.44,10,12,4,1,240.0
50,4,11.85,18,18,3,0,108.1
67,5,7.1,14,18,1,0,69.53
44,2,10.76,17,11,2,1,162.84
58,5,11.91,15,13,3,1,97.95
3,1,11.87,6,16,0,0,27.67
70,5,7.47,9,14,4,0,75.05
2,2,7.89,15,15,0,0,13.34
44,4,6.43,16,12,6,1,58.48
2,3,6.51,6,11,1,1,8.06
35,4,7.94,10,13,6,1,51.91
30,2,5.6,16,8,5,0,64.13
8,2,9.69,4,14,0,0,27.29
22,1,8.29,0,18,6,0,118.31
44,5,11.18,2,10,5,1,71.46
58,5,10.48,15,7,0,0,89.9
36,4,6.58,14,9,4,0,46.66
69,3,8.05,3,15,6,0,119.98
77,3,10.0,11,10,5,1,176.44
31,1,5.55,0,16,4,0,110.98
47,2,4.25,16,16,0,0,72.64
55,1,10.82,14,17,0,0,240.0
80,5,5.1,19,9,3,0,65.05
62,2,11.12,19,10,1,1,236.62
30,1,11.31,9,9,5,0,228.25
55,4,7.69,10,9,3,0,73.47
16,5,10.45,17,8,4,0,29.28
12,3,6.91,1,12,3,1,21.13
17,1,10.87,5,16,3,0,121.29
16,5,10.6,15,12,5,1,33.98
12,5,4.63,6,16,0,0,10.11
8,3,8.66,18,10,0,1,29.61
3,3,9.12,11,14,5,0,9.88
16,3,4.01,17,12,1,1,26.86
30,1,11.84,9,18,2,0,237.8
23,3,7.25,6,14,2,0,41.89
5,4,8.14,3,12,5,1,10.66
65,5,5.56,16,15,5,0,54.29
30,3,8.89,16,9,3,0,64.54
21,5,10.48,3,9,1,0,28.38
70,2,8.69,20,8,1,0,209.04
22,2,10.3,4,16,4,0,73.4
72,3,9.85,0,12,0,1,161.98
32,5,5.9,18,13,6,1,38.01
33,2,7.49,10,13,5,1,88.97
16,3,5.19,0,11,6,1,26.02
76,5,4.34,7,12,5,1,47.75
38,3,4.5,3,13,5,1,41.0
14,5,11.54,14,17,5,0,25.5
36,2,11.88,16,8,4,0,146.95
23,3,4.76,17,16,2,0,30.94
66,2,6.68,2,18,1,0,141.68
2,3,4.92,17,13,6,1,12.26
73,1,10.67,6,7,2,0,240.0
65,2,7.97,16,12,0,1,181.63
75,2,8.97,17,14,0,0,224.38
67,4,8.32,19,7,5,0,99.7
52,2,9.68,7,7,6,0,166.26
62,5,6.55,10,12,0,1,60.48
23,3,5.1,2,11,2,1,33.64
26,1,4.14,6,9,6,0,72.86
68,5,7.57,14,16,1,0,74.25
55,5,11.26,9,16,6,0,86.37
6,5,6.44,11,13,4,1,14.69
35,5,5.57,11,13,1,1,34.8
22,1,11.41,18,13,1,1,177.81
43,4,4.84,18,12,3,1,45.66
15,2,4.41,14,10,1,1,31.6
60,5,11.04,20,15,4,0,94.12
12,2,9.61,20,18,3,0,50.31
49,2,7.38,4,15,1,0,120.64
42,5,10.02,12,13,3,1,65.17
38,4,9.93,8,13,6,1,72.43
45,2,4.32,9,14,1,0,65.23
35,3,9.41,7,17,0,0,74.69
30,2,9.13,8,11,0,1,94.05
30,5,11.71,5,17,1,0,45.35
78,1,11.73,17,15,6,0,240.0
6,2,7.02,9,12,3,1,25.57
67,4,8.72,14,13,4,1,105.11
80,3,5.13,12,18,0,0,94.1
7,3,4.53,10,13,3,1,14.99
52,1,7.46,1,15,4,0,240.0
14,1,9.52,7,13,3,1,92.96
73,2,8.54,17,9,1,0,214.44
15,5,7.44,2,12,0,1,19.6
21,4,10.54,2,12,0,1,40.0
35,3,10.36,20,17,0,0,89.1
66,1,9.86,6,18,1,0,240.0
2,4,4.62,17,13,4,1,14.33
35,5,10.37,20,12,4,1,60.79
78,3,11.36,20,10,5,1,207.05
20,3,4.48,8,12,5,1,26.95
10,5,7.21,17,9,6,0,15.62
25,3,11.91,0,7,0,0,64.37
66,5,8.79,3,7,5,0,78.66
25,3,8.11,3,11,6,1,50.31
54,2,5.42,16,17,4,0,100.55
33,5,8.52,1,14,5,0,38.65
36,4,7.51,14,9,5,0,51.95
14,2,5.02,12,8,0,0,29.09
65,4,7.71,8,14,4,0,87.6
80,3,5.32,6,15,6,0,97.05
54,4,9.85,11,15,0,0,93.7
52,2,11.79,11,8,4,0,201.25
3,5,7.76,13,18,3,0,10.81
41,1,9.06,14,14,0,0,240.0
6,4,7.45,0,8,5,0,7.94
25,1,5.11,8,13,6,1,89.17
13,4,11.76,15,14,6,0,34.18
8,4,5.04,8,7,6,0,12.69
21,5,4.89,15,14,5,0,20.65
68,3,7.67,1,9,0,0,110.11
25,2,9.27,9,7,5,0,80.89
79,2,6.84,17,13,2,1,188.52
68,2,5.54,12,16,0,0,124.6
45,3,10.55,1,9,4,0,103.36
60,1,6.9,12,14,6,0,240.0
12,2,5.55,2,15,3,0,18.16
32,1,6.92,14,8,3,0,151.06
13,3,5.72,2,7,4,0,17.56
31,3,8.16,9,14,1,0,59.77
78,5,9.35,5,16,6,0,96.84
20,2,10.4,13,12,5,1,78.4
18,5,5.82,8,16,0,0,17.2
60,2,5.34,17,7,6,0,112.08
63,3,4.16,7,9,3,0,61.23
6,3,5.82,5,15,4,0,15.18
32,4,4.19,14,15,3,0,28.69
43,4,6.76,13,12,6,1,56.36
2,3,5.17,14,9,6,0,8.98
60,3,8.64,19,14,6,0,121.64
23,1,7.07,5,12,6,1,110.87
31,1,4.75,11,7,3,0,99.88
5,5,7.2,9,12,6,1,11.48
34,4,5.67,18,11,4,1,43.19
10,4,9.44,7,14,2,0,18.99
2,3,6.92,4,8,3,0,4.81
11,3,5.18,9,18,3,0,19.12
50,5,6.8,10,13,1,1,49.11
31,4,5.8,19,12,2,1,42.37
56,1,10.37,13,7,1,0,240.0
79,2,11.87,13,18,4,0,240.0
73,5,4.2,1,14,6,0,38.71
9,2,9.52,16,12,6,1,36.19
21,1,6.11,14,9,5,0,90.08
73,1,4.53,2,11,6,1,219.95
28,2,4.11,2,13,0,1,39.59
62,5,11.05,2,15,4,0,89.94
7,2,6.83,2,10,2,1,20.69
80,5,11.96,17,18,5,0,131.04
16,5,7.54,5,8,4,0,18.37
4,3,5.5,13,9,2,0,11.37
4,4,10.22,2,13,5,1,11.26
40,4,11.41,0,14,1,0,75.73
17,1,10.52,9,11,3,1,126.84
52,3,9.96,12,9,4,0,120.4
52,4,6.68,8,7,6,0,58.72
36,5,4.52,1,16,4,0,21.28
38,5,5.61,9,7,5,0,28.27
50,2,7.57,11,17,3,0,129.88
63,2,11.65,18,8,4,0,240.0
63,5,9.78,2,11,6,1,87.32
62,5,10.63,18,9,4,0,98.4
7,2,6.22,0,13,5,1,20.28
27,4,9.47,14,8,0,0,49.62
14,1,10.9,12,8,5,0,105.39
71,2,7.84,6,9,5,0,189.11
5,4,7.44,1,18,5,0,7.07
55,4,9.76,19,7,0,0,101.55
2,4,8.48,10,8,6,0,6.39
62,3,11.95,15,11,3,1,171.41
21,3,7.4,13,9,1,0,41.69
79,4,5.41,14,17,4,0,70.44
21,5,7.78,19,16,5,0,30.26
10,3,5.88,18,12,4,1,28.14
58,2,8.49,6,8,1,0,162.28
39,3,5.01,8,14,4,0,46.33
5,5,11.6,3,10,1,1,9.88
65,1,10.88,5,9,3,0,240.0
13,3,5.24,9,11,3,1,21.61
53,4,5.38,2,14,1,0,48.84
45,4,8.1,20,15,1,0,70.85
32,4,10.18,0,7,2,0,51.34
36,1,5.75,5,10,0,1,139.16
60,5,4.49,4,12,6,1,44.14
11,2,8.36,14,12,0,1,38.25
63,5,9.53,10,15,5,0,84.61
21,1,5.95,19,7,4,0,90.8
52,4,9.92,12,11,4,1,96.05
55,5,11.61,5,16,1,0,85.91
26,2,5.1,4,7,5,0,44.04
68,4,8.09,1,12,1,1,91.57
34,2,4.45,16,15,0,0,54.89
52,3,5.65,11,10,5,1,70.63
52,2,4.72,11,16,5,0,85.04
29,4,7.23,13,16,4,0,42.19
38,3,10.57,6,15,6,0,88.19
42,4,8.62,13,9,0,0,63.26
21,4,5.78,6,17,3,0,23.08
42,3,4.32,8,13,0,1,50.09
13,2,8.43,13,11,0,1,47.66
64,1,5.06,20,16,1,0,220.31
17,1,6.74,16,7,4,0,80.42
9,1,8.08,16,13,6,1,59.36
41,1,11.23,20,14,3,0,240.0
1,5,4.65,12,12,0,1,11.77
2,1,9.35,17,7,0,0,21.17
60,3,4.11,18,15,1,0,64.65
48,1,9.04,16,13,5,1,240.0
29,4,8.41,5,12,2,1,47.8
10,1,10.49,11,10,4,1,73.68
58,2,8.25,5,9,4,0,159.95
60,3,6.82,2,10,4,1,93.37
21,3,5.94,14,7,0,0,34.3
28,5,4.68,2,15,0,0,17.53
75,4,8.28,14,8,0,0,106.55
34,3,11.11,0,8,5,0,77.1
8,2,8.12,20,9,2,0,31.71
59,1,9.91,2,7,0,0,240.0
72,3,6.39,4,16,4,0,102.73
49,2,7.59,13,9,5,0,126.58
79,1,6.6,3,10,4,1,240.0
17,5,4.87,8,15,1,0,18.25
60,3,7.34,17,11,2,1,107.66
45,3,10.11,9,17,3,0,102.04
69,2,7.16,7,12,0,1,166.61
32,4,9.2,12,7,6,0,54.74
44,5,10.07,1,9,3,0,56.94
65,4,6.58,19,13,0,1,82.95
8,3,10.38,19,13,2,1,29.63
77,4,6.71,6,16,2,0,87.06
72,1,6.05,10,18,4,0,240.0
43,5,5.78,4,18,2,0,32.84
1,4,5.6,17,7,5,0,9.44
51,1,9.9,7,15,5,0,240.0
24,2,11.1,9,7,6,0,93.75
24,4,5.85,1,13,3,1,29.62
17,5,4.68,2,18,3,0,12.8
5,1,6.51,4,18,2,0,23.97
20,4,9.26,15,8,3,0,43.33
21,2,6.95,9,15,5,0,53.35
58,4,8.39,10,18,0,0,84.65
31,1,9.95,18,18,1,0,211.9
11,4,7.27,15,15,6,0,21.65
52,5,12.0,11,15,5,0,91.71
15,3,6.38,1,10,4,1,24.11
7,1,11.83,10,12,1,1,62.73
28,1,5.62,0,18,3,0,99.61
51,1,4.89,4,8,4,0,163.88
58,1,10.01,20,9,6,0,240.0
5,4,9.62,13,12,1,1,18.56
5,5,10.49,17,7,1,0,13.93
8,2,6.75,6,13,3,1,26.13
64,5,11.45,4,8,4,0,96.28
10,1,4.96,7,14,5,0,37.16
38,4,4.24,20,11,5,1,39.76
8,4,6.4,14,13,4,1,21.7
25,1,10.38,4,14,1,0,170.49
73,4,9.38,12,9,4,0,116.4
66,1,7.49,18,12,6,1,240.0
79,5,6.05,1,18,5,0,59.94
50,3,4.47,4,15,4,0,51.92
67,4,6.7,4,10,0,1,76.38
49,1,7.68,5,16,3,0,240.0
36,1,9.5,15,13,5,1,232.93
68,4,9.17,1,7,3,0,101.8
78,2,11.58,4,18,0,0,240.0
41,1,4.8,14,13,6,1,141.07
62,4,6.69,0,15,6,0,64.48
10,1,7.85,18,16,1,0,57.26
21,2,9.37,2,14,2,0,64.43
36,3,7.96,18,10,5,1,77.48
12,2,11.3,14,9,1,0,51.11
2,5,8.87,2,13,0,1,9.63
13,4,4.32,7,18,4,0,9.32
53,2,4.91,14,7,0,0,90.45
32,3,10.03,0,14,3,0,69.69
16,1,9.73,5,18,4,0,101.55
32,4,5.23,16,7,1,0,32.89
32,2,4.47,15,13,4,1,56.38
11,3,8.63,12,12,3,1,29.8
10,2,9.09,0,16,0,0,27.27
15,5,5.08,2,14,6,0,13.34
17,4,7.79,5,12,1,1,28.42
40,1,6.45,19,11,2,1,181.83
18,3,11.45,20,15,6,0,55.22
55,2,5.75,2,10,2,1,110.94
73,4,9.87,14,13,0,1,132.12
25,2,8.15,14,12,1,1,76.66
59,4,4.09,10,16,6,0,45.28
78,5,8.14,5,12,6,1,88.44
22,2,4.8,5,17,1,0,38.59
30,5,9.27,8,18,4,0,42.98
44,3,8.52,13,11,6,1,91.71
32,5,4.08,10,8,5,0,23.87
51,4,5.64,5,10,0,1,52.59
46,3,10.21,17,7,4,0,112.58
21,2,6.21,19,15,0,0,50.1
32,2,7.99,14,15,3,0,87.95
39,4,6.5,8,14,0,0,46.4
12,1,11.37,10,10,4,1,99.97
47,1,8.29,1,11,1,1,240.0
18,2,9.57,5,7,0,0,60.6
21,4,4.67,13,10,6,1,24.73
13,1,4.32,13,10,1,1,46.87
21,5,6.07,12,11,3,1,23.42
8,2,6.47,4,8,2,0,16.43
46,5,9.5,8,8,2,0,63.72
7,4,8.55,10,18,4,0,13.99
23,5,7.0,6,8,0,0,27.64
75,1,9.23,1,17,3,0,240.0
22,1,5.31,11,14,3,0,80.99
22,3,4.51,4,18,1,0,23.0
29,2,10.84,1,8,5,0,104.67
13,4,8.51,13,12,6,1,28.24
2,2,9.19,6,8,4,0,9.06
29,5,6.46,4,14,3,0,26.98
79,4,6.98,3,7,0,0,88.42
52,4,4.66,9,8,3,0,44.07
27,1,10.86,15,11,2,1,201.99
50,5,8.74,5,12,4,1,64.22
79,1,4.67,20,15,1,0,240.0
23,1,10.44,5,12,6,1,162.11
44,3,7.55,8,14,0,0,76.99
77,1,10.12,0,18,2,0,240.0
22,2,4.1,15,13,3,1,44.8
43,4,4.23,16,7,4,0,40.64
37,1,5.37,12,8,4,0,134.48
61,2,5.69,5,10,0,1,119.52
56,5,10.11,1,18,1,0,69.75
3,4,9.65,7,7,2,0,9.55
63,5,8.93,3,14,5,0,73.17
19,2,11.08,8,10,1,1,73.16
23,5,5.98,6,13,6,1,25.57
29,5,11.24,20,13,6,1,54.56
30,5,11.28,0,14,0,0,41.93
39,1,7.47,13,15,0,0,197.42
25,1,4.76,1,15,2,0,81.11
8,1,9.81,7,13,4,1,59.07
58,4,6.7,10,15,4,0,70.66
16,2,10.36,4,11,2,1,59.19
72,1,5.31,17,16,1,0,240.0
1,5,8.32,11,10,6,1,11.07
5,5,8.06,20,9,2,0,16.15
3,5,4.8,19,12,5,1,13.49
65,5,6.91,18,16,4,0,62.53
4,3,4.68,4,17,1,0,8.85
64,4,7.72,6,15,3,0,82.78
10,2,10.74,1,10,1,1,35.68
21,2,6.16,16,8,6,0,50.01
46,1,10.12,12,17,4,0,240.0
27,3,5.47,10,9,0,0,37.1
66,2,9.39,4,9,1,0,203.94
41,4,11.32,12,8,6,0,81.62
13,5,6.59,12,15,1,0,16.49
9,1,11.2,7,10,0,1,73.37
36,4,8.04,10,9,4,0,51.73
58,2,6.53,7,16,3,0,126.99
54,3,11.17,9,12,3,1,139.98
12,1,4.26,10,14,6,0,39.39
78,2,4.22,0,17,2,0,105.99
14,1,8.8,6,14,3,0,84.44
34,2,10.37,7,16,3,0,118.97
53,5,10.01,5,12,1,1,77.93
20,3,4.64,13,11,2,1,30.99
75,5,11.6,19,17,3,0,124.62
16,2,9.62,6,13,1,1,52.58
70,4,11.59,2,9,2,0,130.72
56,5,6.63,1,18,1,0,50.99
58,4,9.55,17,16,0,0,99.18
4,2,10.88,2,8,4,0,13.04
4,3,7.04,13,14,4,0,12.98
20,4,11.72,17,17,4,0,48.73
10,2,6.12,12,18,3,0,23.42
24,4,6.52,7,15,4,0,29.49
26,5,11.36,3,18,4,0,44.27
37,2,11.76,14,12,2,1,150.81
54,5,6.28,11,10,6,1,51.77
21,1,5.09,13,12,2,1,75.06
74,2,10.07,19,18,5,0,240.0
38,4,11.44,6,13,2,1,79.49
46,1,8.81,11,18,3,0,240.0
4,5,9.08,8,14,6,0,13.92
60,5,10.1,9,9,5,0,90.09
57,4,5.22,7,18,5,0,55.46
45,1,11.79,19,12,4,1,240.0
20,3,6.91,1,16,3,0,31.07
17,4,9.03,15,12,6,1,35.27
71,5,7.75,20,16,6,0,80.23
4,2,7.75,17,13,3,1,23.26
14,1,9.62,19,10,3,1,98.94
3,3,11.96,9,12,3,1,12.49
80,2,9.27,5,8,3,0,240.0
58,1,10.35,5,14,3,0,240.0
55,4,4.22,19,9,5,0,51.01
4,4,10.48,12,15,4,0,14.69
24,1,6.4,18,14,2,0,108.62
34,3,5.01,16,18,5,0,46.43
30,1,4.91,1,12,1,1,100.11
19,2,9.44,17,16,6,0,68.93
31,2,11.98,6,8,1,0,125.21
60,4,9.33,13,14,1,0,92.68
60,1,6.1,14,17,6,0,240.0
19,4,5.63,7,12,0,1,26.25
49,3,8.21,8,17,2,0,92.79
63,2,4.52,20,7,4,0,101.62
22,5,7.19,10,12,3,1,25.28
24,5,9.33,2,11,1,1,34.53
76,1,11.74,19,12,6,1,240.0
30,1,7.41,13,7,2,0,149.33
58,5,5.6,7,10,4,1,52.54
31,1,10.54,2,13,1,1,216.47
64,2,9.95,17,11,2,1,218.05
19,3,10.88,13,12,6,1,55.03
48,3,5.72,19,8,5,0,70.81
45,4,7.24,7,14,4,0,55.94
55,2,11.85,16,16,6,0,222.76
55,1,5.26,7,10,5,1,193.7
18,1,9.37,4,12,2,1,113.54
63,4,5.9,11,9,3,0,66.85
47,4,8.0,1,15,2,0,60.2
75,1,10.4,16,14,2,0,240.0
57,1,7.91,12,12,0,1,240.0
45,2,10.44,13,15,3,0,156.65
33,4,7.41,8,16,5,0,44.39
17,2,11.99,8,15,2,0,72.09
70,1,7.49,8,8,3,0,240.0
4,5,5.2,19,15,2,0,12.23
20,5,7.21,5,14,6,0,16.65
47,1,9.94,11,8,3,0,240.0
15,4,10.78,9,15,4,0,28.79
70,5,7.68,4,11,6,1,73.92
47,4,8.76,17,18,1,0,74.99
78,5,10.76,6,15,0,0,111.21
75,4,10.51,12,9,1,0,131.61
9,5,9.26,0,10,2,1,17.96
16,4,10.52,5,7,2,0,30.15
69,2,8.61,20,17,4,0,203.87
61,4,4.04,20,11,2,1,52.92
10,2,4.33,7,13,5,1,21.45
50,2,11.84,8,13,3,1,196.23
3,1,5.16,6,12,5,1,14.87
77,2,7.24,9,12,1,1,192.66
70,3,11.47,7,14,6,0,178.7
51,2,5.56,1,17,2,0,91.69
19,4,10.75,17,16,4,0,42.47
42,2,10.55,14,15,0,0,147.51
35,4,11.89,5,10,5,1,73.32
46,4,6.25,13,10,1,1,57.23
26,3,6.52,17,14,4,0,46.81
69,2,11.22,2,11,4,1,240.0
64,2,5.87,0,16,1,0,122.18
37,5,8.38,0,15,4,0,39.81
49,5,9.66,13,12,6,1,72.79
21,1,6.18,0,15,6,0,84.83
74,4,11.51,0,18,0,0,138.32
64,3,9.33,3,18,0,0,131.56
5,5,4.38,11,10,2,1,11.14
70,2,5.09,14,7,3,0,121.75
4,1,5.53,3,10,2,1,16.75
39,3,5.96,9,15,3,0,56.27
35,2,9.85,10,13,1,1,120.78
1,2,4.71,5,12,4,1,5.87
24,4,6.8,9,8,2,0,29.44
57,4,11.29,11,10,4,1,117.37
70,5,8.45,2,7,2,0,77.38
41,5,6.12,14,9,2,0,40.46
54,2,11.66,15,8,0,0,211.11
46,2,5.95,9,10,3,1,95.16
60,5,11.24,10,10,1,1,96.75
60,5,9.81,15,17,6,0,86.22
57,2,9.92,16,15,4,0,194.72
31,3,10.12,13,13,2,1,81.2
24,2,8.05,15,9,4,0,71.6
36,3,10.52,13,13,0,1,93.69
30,3,10.69,5,14,6,0,70.16
24,2,6.88,9,18,1,0,58.32
30,1,7.2,16,13,3,1,154.4
7,5,11.11,9,14,3,0,17.48
35,4,8.2,20,15,2,0,56.5
55,2,10.94,9,7,6,0,199.23
14,3,9.01,13,16,1,0,31.99
10,2,8.75,19,12,3,1,41.94
80,5,4.25,16,10,1,1,58.55
16,3,6.22,8,7,4,0,24.59
54,4,8.02,14,8,0,0,78.71
77,4,8.7,6,16,1,0,114.19
70,4,9.04,1,10,1,1,106.53
44,1,9.73,3,7,6,0,240.0
73,3,9.25,19,12,3,1,162.35
45,3,10.79,17,7,5,0,114.45
56,1,6.36,10,15,2,0,239.77
57,3,9.13,4,16,6,0,114.88
21,1,4.41,7,9,2,0,66.05
68,2,7.84,19,18,5,0,180.49
50,5,6.14,4,17,5,0,43.49
33,4,7.05,1,7,6,0,37.55
7,1,6.84,4,12,5,1,34.58
70,1,4.48,2,12,4,1,207.93
15,1,7.73,11,13,3,1,84.6
32,2,11.96,18,13,3,1,138.56
75,1,6.39,6,16,0,0,240.0
20,5,9.89,18,17,2,0,30.95
15,5,8.38,3,10,3,1,21.21
48,4,6.6,13,11,5,1,62.0
71,2,4.72,18,9,4,0,119.22
21,5,5.73,17,12,6,1,30.02
42,3,10.25,6,13,0,1,98.86
26,3,6.23,14,15,2,0,40.64
14,3,5.15,20,15,2,0,24.03
57,1,6.65,0,18,2,0,240.0
37,1,8.67,11,11,0,1,214.77
58,3,9.63,18,10,6,1,134.99
21,4,7.1,5,13,6,1,35.98
69,4,7.99,12,9,4,0,97.33
3,1,7.64,5,10,6,1,23.35
37,3,4.07,12,15,4,0,39.55
49,4,7.16,14,11,3,1,65.32
19,1,8.7,15,16,3,0,114.33
12,3,8.56,7,13,2,1,31.15
61,2,10.0,12,8,5,0,201.7
41,3,9.36,12,15,1,0,88.18
33,3,6.21,19,11,3,1,55.28
50,5,6.05,19,11,4,1,51.83
68,5,7.71,11,10,2,1,81.63
71,2,9.86,18,14,4,0,239.76
33,2,4.75,16,17,2,0,59.27
24,3,11.59,2,10,0,1,68.39
61,4,8.35,14,8,3,0,91.11
61,2,6.45,16,11,5,1,139.37
28,3,9.55,5,9,0,0,57.97
58,1,4.36,18,10,3,1,176.67
43,5,7.88,11,9,5,0,48.97
41,4,7.89,3,13,5,1,57.28
39,3,5.3,20,12,5,1,58.56
49,1,10.7,11,8,4,0,240.0
17,5,10.37,1,17,4,0,20.83
70,1,5.22,6,14,1,0,237.8
70,3,6.91,15,11,4,1,117.19
65,2,4.8,11,12,2,1,108.99
74,5,10.79,15,14,1,0,111.72
5,1,6.59,13,17,2,0,28.01
2,2,7.51,0,17,1,0,5.57
22,4,6.59,8,18,2,0,26.87
57,3,6.48,6,13,1,1,84.84
66,3,9.98,4,17,3,0,148.18
74,5,9.98,9,9,5,0,99.11
16,1,8.14,9,8,3,0,93.02
51,4,9.26,17,9,1,0,82.56
39,5,8.09,6,14,0,0,41.99
76,5,4.23,17,10,6,1,50.7
40,1,4.53,12,14,1,0,123.95
38,4,7.07,10,10,0,1,53.96
60,1,10.0,9,13,5,1,240.0
59,3,11.31,8,12,2,1,152.64
10,2,4.24,14,16,1,0,19.96
64,3,6.94,13,7,0,0,98.58
63,3,5.79,2,17,5,0,79.83
49,5,10.52,13,14,1,0,75.35
64,3,10.77,20,12,3,1,166.27
32,4,5.65,15,8,3,0,33.54
7,3,9.69,2,11,1,1,21.74
21,4,9.85,7,18,1,0,38.72
20,1,5.42,1,8,4,0,70.22
26,5,7.47,1,16,5,0,22.31
68,4,8.96,17,13,6,1,112.17
15,3,4.21,6,17,3,0,13.29
79,5,7.24,16,16,2,0,82.98
14,5,5.24,5,12,1,1,14.86
27,4,8.34,9,13,4,1,43.39
40,4,10.74,6,12,6,1,77.38
58,2,8.2,3,16,5,0,160.68
28,2,4.29,10,7,1,0,46.96
26,5,4.24,15,9,3,0,21.81
63,2,8.84,16,16,0,0,189.59
66,3,6.62,5,8,5,0,96.95
25,1,8.58,19,7,0,0,148.34
3,5,5.31,18,7,3,0,14.29
72,1,10.21,19,10,2,1,240.0
44,2,10.89,20,17,5,0,166.78
42,4,11.11,17,7,4,0,85.14
6,5,6.43,14,8,1,0,11.9
39,2,9.29,1,7,1,0,116.16
52,3,6.23,18,18,6,0,77.46
23,5,10.1,5,18,1,0,33.33
50,5,4.96,11,12,4,1,42.94
43,4,10.1,0,17,4,0,68.17
19,5,7.52,10,10,3,1,26.19
69,4,10.84,18,14,4,0,129.45
51,2,9.91,3,17,1,0,163.88
11,3,7.01,20,11,5,1,26.59
12,3,11.23,18,16,6,0,35.57
74,5,6.27,20,11,1,1,74.23
8,5,11.74,5,17,4,0,15.84
24,2,10.14,7,17,4,0,81.22
41,4,11.93,8,14,6,0,84.39
36,3,4.43,9,17,3,0,39.24
72,4,6.19,9,16,0,0,78.32
55,2,9.93,9,12,4,1,189.3
9,3,11.38,3,12,0,1,25.93
47,3,4.23,17,9,2,0,50.61
15,1,4.0,11,12,6,1,46.04
48,2,6.05,10,16,0,0,102.4
42,2,10.82,15,13,4,1,158.32
60,1,10.14,18,8,1,0,240.0
70,4,6.72,10,9,1,0,82.73
12,1,4.02,3,12,4,1,39.72
2,2,8.44,11,16,3,0,8.01
7,4,5.9,16,15,5,0,16.59
80,3,9.96,12,15,4,0,174.74
3,1,7.57,3,14,4,0,13.98
3,4,9.43,5,14,5,0,6.65
27,4,10.82,6,15,3,0,50.43
40,4,8.29,7,17,3,0,60.43
33,1,6.69,1,17,2,0,144.1
1,3,10.16,8,15,2,0,6.13
8,4,6.12,9,16,2,0,12.84
32,1,11.13,18,17,3,0,240.0
48,2,4.57,0,15,0,0,69.86
4,1,10.68,15,11,4,1,35.99
70,1,4.73,17,12,6,1,227.9
19,1,4.45,7,11,2,1,62.63
32,4,6.91,9,7,6,0,40.07
9,1,11.65,10,10,0,1,80.43
12,2,11.87,16,17,4,0,55.99
11,4,5.62,6,7,5,0,9.24
46,2,5.19,2,18,5,0,77.59
16,5,6.82,6,7,5,0,18.18
1,1,6.7,5,9,6,0,7.7
63,4,10.08,2,13,0,1,110.4
21,4,7.55,7,7,5,0,32.29
30,1,10.24,0,13,1,1,204.48
13,3,9.99,4,16,1,0,31.36
34,3,8.63,18,16,5,0,69.82
4,2,10.67,12,7,6,0,18.51
28,1,5.57,10,15,4,0,105.27
59,1,5.29,10,11,0,1,209.03
27,5,10.01,1,12,0,1,41.15
69,3,5.96,8,18,5,0,93.35
25,3,4.02,1,15,3,0,25.94
3,1,11.3,20,17,6,0,33.34
68,2,8.98,18,9,2,0,208.11
25,1,7.56,11,9,6,0,131.47
20,2,9.81,8,11,4,1,70.32
34,3,6.67,8,13,0,1,53.5
26,5,11.63,9,9,2,0,45.69
5,4,4.55,4,10,5,1,10.53
61,3,9.13,8,8,4,0,124.4
9,2,10.22,17,15,0,0,37.43
50,1,7.75,9,16,5,0,240.0
6,3,10.04,16,15,1,0,21.04
60,5,11.42,9,17,0,0,94.0
44,2,9.95,13,8,1,0,150.18
11,1,6.47,3,11,5,1,48.89
66,4,8.49,9,7,1,0,97.77
47,2,11.29,17,14,3,0,180.56
73,1,7.59,4,12,5,1,240.0
3,4,9.45,8,16,5,0,7.12
76,1,7.72,5,16,3,0,240.0
30,4,4.97,15,8,2,0,35.4
21,4,4.47,15,8,4,0,24.33
28,4,11.62,10,16,2,0,56.99
62,1,8.9,20,11,6,1,240.0
33,4,4.83,14,13,3,1,35.68
35,2,10.86,18,15,2,0,131.44
52,5,8.18,2,15,4,0,57.13
34,5,10.18,15,18,4,0,51.18
41,4,5.01,20,17,0,0,41.81
51,5,11.26,19,12,2,1,87.44
47,5,8.72,4,8,3,0,55.18
58,4,9.91,8,12,0,1,100.75
75,4,4.25,4,7,2,0,52.98
57,2,6.52,3,17,5,0,119.57
23,3,6.14,12,17,4,0,37.49
48,1,11.6,19,8,3,0,240.0
22,4,5.48,16,18,5,0,29.42
17,4,9.66,19,9,2,0,38.41
69,5,4.34,11,11,4,1,45.96
11,2,5.58,19,16,4,0,32.91
15,5,6.71,19,7,5,0,24.79
35,4,10.36,6,18,2,0,62.26
33,4,10.32,0,16,2,0,53.37
16,5,11.62,15,11,3,1,30.55
34,4,11.33,6,11,0,1,69.61
66,3,4.65,1,10,4,1,71.25
40,1,10.64,11,9,0,0,240.0
28,1,7.61,10,13,0,1,143.58
47,1,10.93,7,17,4,0,240.0
39,3,4.71,0,13,2,1,46.05
70,4,10.58,2,7,4,0,122.2
73,5,5.28,7,13,5,1,54.9
20,2,6.67,7,9,0,0,46.39
1,4,4.23,10,9,3,0,3.38
72,3,4.99,20,12,4,1,89.22
63,3,7.57,4,12,6,1,107.0
67,1,10.55,7,17,3,0,240.0
4,4,10.19,20,10,2,1,18.96
58,1,5.88,8,11,2,1,229.21
25,2,5.21,16,9,5,0,51.66
47,1,7.11,4,9,3,0,219.2
38,2,11.07,18,15,6,0,144.92
15,3,4.73,18,11,3,1,28.09
63,1,8.34,1,7,4,0,240.0
21,1,4.71,18,15,2,0,75.88
57,5,7.76,14,16,3,0,59.6
53,3,5.01,7,12,1,1,64.06
46,5,4.64,7,15,4,0,31.28
14,2,5.53,0,17,4,0,29.28
76,2,6.04,13,13,1,1,159.32
17,3,6.21,10,17,6,0,27.07
39,2,9.16,6,16,2,0,118.63
9,3,4.44,17,16,3,0,16.93
77,2,4.65,14,13,3,1,127.8
79,4,5.51,9,11,2,1,79.97
6,1,10.98,3,13,6,1,47.93
23,4,9.03,20,16,1,0,47.44
59,3,9.84,0,10,1,1,129.85
46,3,6.96,13,17,6,0,78.18
38,4,5.71,19,17,1,0,44.91
14,1,4.3,19,12,4,1,51.79
72,1,7.91,8,8,6,0,240.0
62,5,8.59,12,16,3,0,70.43
35,2,11.18,16,9,0,0,134.86
19,5,11.06,19,8,4,0,30.99
30,1,7.4,3,16,4,0,143.35
78,4,7.39,4,8,3,0,94.07
25,2,5.29,17,13,2,1,55.43
40,4,6.06,16,11,6,1,52.06
14,5,11.41,20,12,6,1,31.43
26,3,5.13,6,9,5,0,30.9
22,4,11.75,9,16,3,0,45.81
48,5,8.04,8,11,2,1,62.28
51,5,7.65,12,11,3,1,60.58
3,5,5.4,17,17,4,0,8.06
42,3,9.29,11,10,6,1,95.75
19,3,7.68,7,16,5,0,34.57
73,3,6.97,17,10,6,1,124.23
28,2,6.12,4,18,1,0,59.7
45,3,4.53,6,14,4,0,45.46
71,3,8.15,14,12,4,1,135.56
78,3,6.5,2,17,0,0,110.09
63,4,9.66,17,8,4,0,109.16
73,3,9.79,5,8,4,0,160.59
19,2,6.66,5,8,4,0,46.95
47,5,9.35,19,12,5,1,70.21
14,4,6.07,0,18,0,0,16.88
38,1,9.82,20,7,2,0,240.0
53,3,4.13,16,9,5,0,54.7
61,5,5.21,10,7,5,0,44.74
36,5,5.96,1,10,6,1,33.34
40,4,10.18,8,7,6,0,73.37
30,1,4.53,18,15,6,0,99.79
9,2,5.5,5,17,6,0,17.0
64,5,6.87,6,18,6,0,60.85
33,5,4.07,3,17,0,0,17.25
52,5,10.1,2,12,1,1,73.7
14,5,8.48,1,14,2,0,16.87
75,4,11.21,9,8,6,0,141.75
53,1,4.25,9,12,5,1,156.9
59,5,6.17,16,10,5,1,57.89
78,2,9.85,15,13,0,1,240.0
41,2,9.4,0,14,1,0,124.51
68,3,5.94,11,12,6,1,94.74
68,5,8.77,19,7,1,0,89.03
8,5,10.35,19,14,3,0,21.18
2,5,4.27,9,17,6,0,7.55
41,5,9.74,0,7,3,0,52.22
55,5,6.02,15,15,5,0,46.18
16,2,11.58,10,8,5,0,63.54
62,1,8.31,3,17,4,0,240.0
48,1,4.27,2,16,2,0,134.11
30,3,7.23,12,12,0,1,60.6
12,2,11.73,20,14,4,0,54.15
35,5,9.84,14,11,2,1,57.51
11,1,6.4,9,8,5,0,51.43
64,4,8.6,5,11,3,1,91.13
50,4,8.79,10,7,0,0,76.38
21,4,4.19,0,14,1,0,14.52
69,5,5.43,19,14,1,0,60.83
48,5,8.41,3,8,4,0,50.54
20,3,7.22,9,12,4,1,41.33
67,3,5.52,14,17,0,0,87.92
44,3,10.18,0,14,1,0,99.68
33,4,7.91,20,16,6,0,51.16
73,5,6.48,14,14,6,0,70.04
61,4,5.29,2,18,4,0,51.21
9,3,8.89,0,13,1,1,25.46
68,5,9.33,5,9,3,0,84.13
35,2,9.36,18,18,4,0,112.5
65,1,5.76,3,17,5,0,240.0
8,1,8.76,11,10,6,1,56.99
45,3,11.24,1,7,2,0,110.02
47,4,6.83,16,15,4,0,62.18
40,2,5.69,5,16,3,0,79.63
76,5,10.18,11,16,0,0,108.02
54,4,5.42,14,8,6,0,56.43
76,3,6.03,16,16,1,0,105.3
46,4,4.81,0,13,6,1,38.42
47,3,6.14,13,14,5,0,66.66
15,1,7.28,1,10,0,1,75.54
19,1,4.51,3,17,6,0,61.05
26,4,10.97,19,17,4,0,55.34
52,2,8.11,1,16,2,0,141.07
22,5,8.7,13,7,0,0,28.18
21,3,6.97,17,11,6,1,43.31
51,5,9.36,7,16,2,0,63.71
38,1,7.45,19,16,4,0,194.4
20,2,10.09,0,12,6,1,70.31
29,2,10.57,15,13,2,1,107.8
51,5,9.37,6,7,2,0,63.46
4,1,7.93,5,10,3,1,29.43
55,5,10.26,18,18,6,0,84.29
71,4,7.95,9,11,0,1,98.55
28,2,4.89,5,11,4,1,49.51
4,2,4.93,9,13,3,1,14.67
22,4,11.59,18,10,2,1,52.68
76,1,5.71,2,16,3,0,240.0
45,2,10.53,19,13,3,1,167.1
67,3,5.97,2,14,2,0,89.61
66,3,7.45,19,8,4,0,115.54
34,1,9.24,5,7,6,0,208.48
55,4,5.27,16,16,1,0,54.06
1,5,9.9,17,16,3,0,8.79
72,1,9.52,9,7,0,0,240.0
38,5,8.34,5,7,2,0,40.6
6,1,8.53,12,15,1,0,39.12
25,3,4.85,5,10,3,1,34.96
17,4,7.49,11,15,2,0,23.9
61,3,4.69,13,13,2,1,74.48
12,4,6.46,16,13,3,1,24.75
6,5,11.2,7,8,6,0,12.59
27,1,8.6,4,8,5,0,153.74
8,2,9.94,3,18,5,0,26.76
65,2,8.59,5,11,0,1,188.67
57,4,5.55,10,16,2,0,55.94
40,4,8.76,4,7,2,0,57.77
14,3,10.04,13,13,3,1,43.31
35,2,5.11,9,17,1,0,60.14
48,3,10.54,10,13,2,1,117.63
56,5,8.44,2,17,6,0,64.1
49,2,4.03,7,14,2,0,65.84
13,5,8.16,20,13,3,1,27.44
61,1,7.17,4,14,5,0,240.0
49,3,6.37,19,9,2,0,76.29
46,4,10.17,20,9,6,0,83.14
62,2,11.2,9,14,3,0,228.73
8,3,10.1,7,15,0,0,21.34
43,4,10.77,20,16,3,0,85.14
20,1,11.27,8,10,6,1,156.7
39,2,11.3,14,14,5,0,151.67
49,5,4.92,0,7,1,0,30.61
64,1,7.65,4,8,2,0,240.0
62,4,4.0,14,16,0,0,47.02
54,2,8.05,3,16,2,0,141.42
9,2,11.39,18,16,2,0,39.84
37,1,5.59,9,15,6,0,141.86
49,2,9.12,1,8,5,0,148.29
41,4,9.16,4,8,3,0,62.62
17,1,5.28,17,14,2,0,66.68
21,5,5.91,5,11,5,1,22.17
51,1,7.7,9,11,0,1,240.0
59,1,5.51,14,17,6,0,218.09
39,5,8.68,8,12,5,1,47.73
55,4,7.88,12,14,5,0,74.07
41,3,8.15,17,14,5,0,80.87
39,3,5.08,6,15,6,0,47.55
13,5,8.14,1,16,4,0,10.91
64,4,4.4,15,17,5,0,52.94
11,2,11.05,1,9,2,0,39.86
19,5,6.75,3,15,5,0,17.85
11,3,10.85,1,17,3,0,27.02
77,4,9.61,16,9,1,0,129.79
46,1,10.13,5,7,2,0,240.0
45,4,6.52,9,18,5,0,55.26
1,4,5.82,13,17,5,0,7.01
40,3,7.25,14,11,3,1,71.8
19,3,4.19,20,13,2,1,34.87
76,2,11.35,11,9,4,0,240.0
72,2,7.1,18,15,4,0,176.34
72,5,11.91,10,7,0,0,111.92
61,1,10.09,0,12,4,1,240.0
12,2,4.64,7,18,6,0,20.21
61,3,9.28,5,18,6,0,128.12
33,4,6.17,11,12,3,1,42.56
45,5,5.95,19,14,4,0,42.95
69,2,6.05,15,9,3,0,143.85
8,4,11.33,17,18,2,0,25.81
25,4,8.0,11,11,0,1,40.37
46,2,9.36,19,17,5,0,150.98
30,1,6.25,1,16,5,0,118.6
47,1,8.18,6,17,5,0,240.0
49,5,6.8,8,11,0,1,48.56
47,1,6.57,17,14,5,0,207.52
18,5,5.98,8,13,4,1,24.38
66,3,7.27,7,9,6,0,106.76
68,2,9.28,0,13,5,1,207.63
33,4,5.78,4,16,5,0,35.34
36,5,11.72,15,14,1,0,63.51
19,1,5.0,13,11,6,1,68.5
28,5,7.84,12,17,4,0,34.4
40,5,4.68,10,11,5,1,33.46
76,1,4.18,19,17,1,0,217.55
15,1,11.38,12,7,4,0,116.39
41,2,10.48,14,14,3,0,150.53
39,4,9.55,15,12,3,1,72.6
2,2,10.92,12,12,5,1,13.94
63,2,10.42,7,11,5,1,220.1
29,1,9.18,17,11,1,1,187.72
74,1,10.78,18,9,0,0,240.0
66,4,7.13,14,18,1,0,83.69
51,5,8.42,9,9,2,0,60.26
75,2,10.21,3,8,0,0,240.0
77,4,4.68,5,15,1,0,60.24
10,2,10.87,7,14,6,0,37.92
14,5,5.25,6,17,6,0,15.86
51,2,10.92,11,9,2,0,189.15
73,3,6.49,17,11,2,1,112.78
39,4,6.61,17,16,6,0,47.41
28,1,4.59,18,11,5,1,97.97
3,2,11.09,3,14,6,0,12.33
70,4,5.4,0,12,4,1,65.77
27,4,9.04,4,13,5,1,43.34
2,2,9.15,6,11,1,1,12.82
38,1,6.25,10,18,6,0,158.0
3,1,11.89,20,7,3,0,30.91
16,2,4.51,20,14,6,0,32.76
40,4,8.86,10,10,5,1,66.22
2,1,7.84,9,11,4,1,16.23
41,2,5.96,6,7,5,0,81.65
12,2,5.31,15,9,5,0,26.81
35,2,9.9,0,8,6,0,112.22
65,4,11.33,0,18,0,0,118.84
55,1,4.86,11,8,6,0,182.58
45,4,5.55,15,7,6,0,48.55
79,3,11.89,4,12,6,1,208.54
62,1,4.12,13,14,3,0,174.52
49,4,8.07,17,9,2,0,68.56
25,1,8.13,8,7,0,0,137.24
23,3,6.11,1,16,6,0,31.36
24,5,9.3,11,8,6,0,35.1
38,2,11.56,9,9,4,0,146.22
28,4,7.6,1,12,5,1,40.75
21,3,10.0,14,9,2,0,53.19
54,3,9.17,3,15,5,0,110.52
18,1,7.78,18,18,2,0,98.27
36,1,4.4,3,7,2,0,106.68
45,2,9.93,8,13,3,1,152.17
73,1,6.91,12,16,4,0,240.0
53,4,5.8,9,14,4,0,58.11
30,4,11.59,13,15,5,0,64.66
60,4,10.19,2,14,6,0,104.19
32,5,11.7,2,11,3,1,53.63
67,4,6.05,19,7,4,0,77.35
67,1,10.69,15,7,2,0,240.0
28,1,8.86,8,14,2,0,164.56
44,4,11.85,13,13,5,1,92.02
79,3,11.57,15,11,2,1,210.37
41,3,11.78,8,16,4,0,109.21
63,3,11.61,4,9,1,0,161.13
23,2,4.06,12,15,0,0,36.35
75,5,9.93,14,10,1,1,106.79
48,4,6.18,3,12,3,1,52.49
32,2,9.64,13,17,1,0,108.14
57,3,11.84,19,10,6,1,153.53
33,4,4.31,19,15,5,0,29.2
24,2,8.54,6,10,1,1,69.91
39,1,9.88,3,14,6,0,240.0
34,3,6.03,16,17,5,0,52.14
56,2,5.8,8,18,3,0,110.68
28,1,4.48,3,18,1,0,84.09
37,3,4.75,2,9,0,0,36.64
7,5,9.25,18,14,4,0,13.99
68,3,8.04,8,17,6,0,122.79
37,5,4.24,7,9,3,0,24.92
56,5,11.76,6,17,1,0,89.77
65,5,9.25,6,11,2,1,82.32
65,4,8.12,3,7,2,0,88.92
47,4,6.18,18,12,3,1,60.56
20,5,9.26,11,17,2,0,27.58
19,1,6.91,19,8,0,0,93.58
29,5,9.62,5,18,6,0,36.99
74,2,9.46,11,9,1,0,231.39
60,5,4.74,19,17,0,0,48.67
18,4,11.27,3,7,0,0,35.51
35,4,7.9,1,17,4,0,43.21
43,2,7.14,14,12,1,1,109.88
11,2,11.64,5,11,3,1,49.32
49,3,7.51,17,16,2,0,84.18
38,1,9.77,20,8,6,0,240.0
64,1,9.24,4,17,4,0,240.0
69,1,5.32,3,14,0,0,240.0
8,4,11.93,10,15,2,0,20.14
34,1,7.71,10,9,1,0,172.35
48,3,7.16,8,18,0,0,73.86
56,3,11.36,2,12,0,1,141.81
76,1,8.23,10,12,1,1,240.0
65,2,9.64,1,16,3,0,203.82
31,3,10.77,8,12,4,1,82.79
4,2,5.88,9,14,1,0,12.88
50,4,5.36,10,18,2,0,46.95
69,3,4.55,2,11,2,1,75.54
30,2,11.18,16,16,0,0,118.19
59,1,5.6,10,16,6,0,216.6
67,4,6.46,16,14,5,0,76.35
75,5,6.29,18,18,4,0,69.35
45,5,6.44,3,9,3,0,42.71
4,1,9.34,1,13,3,1,30.26
26,4,11.63,13,7,5,0,53.58
27,4,6.64,14,10,2,1,46.47
46,4,7.26,2,11,3,1,60.84
64,4,10.17,19,13,6,1,116.89
51,5,7.46,12,12,2,1,58.86
50,2,11.41,12,12,4,1,194.38
6,4,8.03,17,8,5,0,14.65
59,2,6.78,19,17,0,0,142.11
15,4,11.77,20,8,6,0,38.43
30,3,7.41,6,8,2,0,53.02
42,3,5.85,15,16,4,0,60.49
37,3,5.42,15,18,5,0,50.23
42,4,11.96,5,14,2,0,82.93
35,2,10.02,5,13,1,1,120.51
6,5,7.27,3,7,2,0,5.61
68,1,10.61,2,15,4,0,240.0
18,5,8.37,0,17,3,0,18.45
73,4,6.54,2,17,2,0,75.89
29,3,9.95,18,14,0,0,70.8
77,3,9.97,8,15,4,0,166.78
59,2,8.0,13,10,3,1,166.61
47,4,4.36,18,11,4,1,47.3
17,5,4.62,18,17,2,0,18.28
22,4,10.31,12,11,1,1,43.32
68,4,10.59,15,17,1,0,124.55
69,3,9.43,7,15,6,0,144.93
37,5,10.71,15,14,0,0,59.85
49,1,9.76,8,16,5,0,240.0
13,3,11.18,8,12,5,1,39.91
34,5,5.2,2,17,6,0,27.81
53,2,7.1,6,16,0,0,124.26
51,3,7.71,19,17,3,0,96.77
3,2,6.38,17,16,1,0,14.69
42,3,9.8,1,7,2,0,89.4
32,4,11.3,0,13,6,1,63.02
51,5,7.3,11,15,4,0,52.83
46,2,11.53,15,18,6,0,180.16
21,3,8.13,11,10,4,1,48.42
44,2,8.18,20,10,1,1,132.78
11,3,8.8,9,11,6,1,31.77
68,3,6.15,8,14,1,0,93.36
1,1,7.07,20,17,4,0,14.71
63,1,8.43,17,11,3,1,240.0
24,1,11.54,3,10,4,1,183.58
13,2,9.14,7,14,0,0,41.89
11,4,6.66,20,17,6,0,19.48
51,3,4.08,3,11,2,1,50.8
17,5,11.85,15,14,6,0,35.77
24,1,7.94,20,7,1,0,137.3
19,2,11.51,20,9,5,0,79.08
37,2,8.39,7,13,6,1,106.74
8,2,8.84,6,18,1,0,29.14
28,5,9.7,12,7,3,0,35.25
5,5,6.57,7,17,0,0,6.49
17,1,9.59,6,11,6,1,114.91
36,5,8.21,4,12,4,1,41.02
19,1,9.38,17,18,0,0,122.25
64,5,10.69,18,7,0,0,100.46
11,5,5.47,9,13,3,1,12.35
54,5,8.91,10,15,3,0,63.49
45,1,4.42,7,15,5,0,134.47
47,3,4.82,5,9,4,0,54.83
12,1,9.4,10,10,5,1,85.19
21,3,4.57,15,7,4,0,23.11
11,2,8.76,3,10,2,1,39.74
5,2,5.76,1,11,0,1,14.02
56,1,6.43,12,13,4,1,240.0
20,3,5.04,6,11,3,1,26.97
41,3,5.99,16,14,2,0,62.61
46,3,10.57,12,13,5,1,116.22
12,2,9.11,9,7,2,0,42.84
70,1,11.6,12,18,3,0,240.0
17,4,4.39,9,8,4,0,15.65
19,3,10.34,6,13,3,1,51.18
26,3,9.59,9,9,4,0,56.94
48,4,6.09,15,8,3,0,56.64
52,1,9.83,2,17,3,0,240.0
70,3,9.73,3,18,1,0,153.15
55,1,7.67,3,15,4,0,240.0
75,3,9.51,3,18,0,0,154.57
33,5,7.56,15,16,1,0,40.06
62,3,6.68,8,14,1,0,93.98
23,5,7.73,5,14,1,0,25.35
15,1,11.16,9,9,1,0,111.31
27,3,7.08,3,17,0,0,43.13
75,2,7.23,11,16,1,0,178.77
64,2,8.87,9,15,5,0,192.07
51,4,10.02,11,14,0,0,91.75
53,2,9.88,18,18,5,0,181.88
78,5,4.16,18,8,0,0,54.02
51,2,9.5,0,13,5,1,162.95
47,2,7.6,3,14,1,0,115.77
4,2,8.19,12,18,2,0,14.02
7,3,8.49,7,13,0,1,18.23
35,4,9.85,13,15,1,0,63.43
48,1,10.65,15,13,6,1,240.0
73,4,9.17,1,18,6,0,109.63
72,5,8.51,7,13,3,1,88.27
45,3,6.99,12,7,3,0,73.78
72,3,5.1,0,8,4,0,79.63
19,2,11.67,11,11,6,1,86.78
63,2,7.69,16,17,0,0,165.39
38,5,8.53,6,7,6,0,45.95
67,3,10.01,15,18,0,0,155.16
59,1,4.55,13,16,5,0,182.8
69,4,10.84,9,13,3,1,131.71
13,3,10.38,2,11,0,1,34.79
47,1,10.2,11,11,6,1,240.0
61,1,4.18,7,14,0,0,165.6
31,4,8.21,15,15,3,0,52.33
80,1,4.43,0,16,1,0,229.17
22,5,8.41,16,7,5,0,33.81
43,1,9.75,5,16,3,0,240.0
67,5,4.97,0,10,2,1,53.52
54,1,9.56,14,17,6,0,240.0
10,2,7.6,12,8,6,0,35.43
42,1,10.49,5,15,3,0,240.0
64,5,8.27,20,15,5,0,80.27
21,1,6.69,12,7,3,0,97.35
80,1,6.66,3,9,5,0,240.0
76,1,11.18,0,16,6,0,240.0
66,5,7.62,9,14,1,0,70.52
41,1,7.25,3,8,3,0,194.92
24,4,4.32,12,8,3,0,23.98
35,4,6.91,3,8,1,0,38.95
56,5,10.8,15,11,6,1,85.7
30,2,10.09,8,15,3,0,103.3
57,4,5.77,3,13,1,1,63.21
47,3,7.3,19,13,2,1,87.02
35,4,5.57,7,8,1,0,36.72
19,3,11.63,3,8,0,0,46.42
8,5,8.78,8,11,0,1,16.02
26,2,10.03,10,18,5,0,89.85
71,3,9.71,4,13,1,1,155.31
30,3,10.99,8,13,3,1,81.67
7,4,11.59,7,15,4,0,13.05
67,3,4.26,3,9,6,0,63.0
65,5,11.8,19,7,6,0,107.96
36,5,10.96,0,15,4,0,49.47
25,5,7.06,19,7,2,0,30.98
37,4,10.7,12,14,2,0,70.88
1,2,9.89,4,11,4,1,9.51
15,4,10.34,19,14,4,0,34.31
37,5,5.77,20,13,1,1,39.05
13,4,9.19,9,15,4,0,23.38
8,5,4.21,15,8,0,0,14.13
5,1,10.79,7,15,2,0,35.28
60,1,11.61,11,16,6,0,240.0
73,3,9.3,2,11,5,1,149.8
1,2,8.1,3,11,6,1,5.92
36,1,9.81,16,7,2,0,237.07
35,5,6.61,20,12,6,1,42.8
66,4,9.01,19,16,0,0,104.42
63,4,9.75,12,16,2,0,105.85
23,3,5.14,5,16,4,0,24.98
9,4,5.12,2,16,2,0,12.48
34,1,9.73,13,9,0,0,220.4
46,4,7.45,6,16,2,0,57.94
78,1,11.11,2,9,5,0,240.0
4,1,6.5,5,9,5,0,17.46
30,2,4.34,12,10,5,1,54.82
75,3,9.2,13,15,6,0,156.51
72,5,9.47,14,14,5,0,90.63
3,1,8.43,15,18,4,0,21.46
14,3,9.47,0,12,5,1,31.44
60,5,8.19,14,14,5,0,72.15
77,4,9.54,6,14,1,0,124.75
45,3,4.35,8,7,5,0,46.14
34,3,6.95,14,15,4,0,61.38
45,3,5.69,13,7,5,0,63.52
61,4,4.79,18,17,2,0,60.77
16,4,5.87,17,8,5,0,22.64
66,3,5.53,8,15,3,0,82.27
40,2,11.79,0,13,2,1,157.7
17,1,6.29,11,16,6,0,73.53
34,4,5.85,9,7,5,0,38.39
16,2,10.68,6,9,5,0,56.06
60,4,7.35,13,7,2,0,75.2
66,3,7.37,0,11,0,1,109.28
66,2,7.55,14,10,3,1,175.91
13,5,7.33,0,14,0,0,13.37
56,1,6.61,12,15,5,0,240.0
31,1,6.29,19,18,0,0,139.58
34,4,11.06,1,10,4,1,66.47
39,1,5.29,2,9,1,0,134.41
67,5,5.45,3,10,2,1,55.88
8,2,8.57,15,9,3,0,31.71
78,2,6.75,11,12,2,1,179.15
55,3,7.37,3,7,0,0,87.63
27,2,10.45,11,8,6,0,97.09
53,4,11.23,6,14,1,0,101.52
39,5,10.32,19,9,0,0,59.88
65,3,5.88,2,10,2,1,88.08
17,4,11.84,4,18,4,0,36.52
30,4,6.91,11,7,2,0,38.69
53,4,5.35,11,9,0,0,52.14
13,1,8.0,19,7,3,0,78.08
21,4,9.8,6,17,6,0,37.95
19,1,4.67,11,16,3,0,63.33
53,2,9.07,1,11,3,1,160.48
19,1,10.86,13,7,6,0,142.65
57,4,6.09,15,18,3,0,58.78
25,5,9.54,6,15,3,0,35.73
31,5,7.2,3,13,5,1,35.68
55,2,7.31,19,17,1,0,143.21
23,4,6.25,4,14,1,0,26.51
32,1,9.0,13,15,4,0,191.63
62,5,6.89,8,16,3,0,59.74
74,3,10.65,4,14,0,0,170.8
10,4,11.7,1,9,0,0,21.81
72,4,11.48,4,13,2,1,135.39
54,3,5.31,2,13,3,1,63.92
52,5,4.11,9,13,6,1,33.88
20,3,7.51,7,18,6,0,32.79
32,2,9.83,9,14,0,0,106.08
14,1,11.82,1,10,5,1,111.22
50,1,10.27,13,17,4,0,240.0
28,5,8.64,3,12,0,1,33.13
53,3,4.21,20,8,5,0,57.27
24,4,10.6,11,13,5,1,51.36
79,4,5.42,19,15,4,0,77.22
22,4,4.44,13,11,3,1,23.07
30,2,10.8,15,10,2,1,118.21
63,2,8.53,4,8,2,0,177.79
4,4,5.03,15,13,1,1,10.53
77,5,7.09,3,8,3,0,71.61
59,2,4.68,2,8,0,0,89.51
8,2,9.1,0,15,6,0,27.29
12,1,6.26,3,8,2,0,46.55
31,1,10.93,8,16,5,0,223.34
78,5,6.86,0,9,4,0,71.08
34,2,7.96,15,9,5,0,95.22
75,2,4.51,2,8,4,0,113.07
76,3,6.2,5,16,0,0,100.63
49,5,9.41,12,9,0,0,63.36
79,5,9.89,16,15,3,0,108.94
57,3,5.94,14,17,0,0,81.34
26,3,8.03,20,17,0,0,55.24
18,1,10.54,11,17,0,0,130.04
38,5,7.04,7,9,6,0,37.6
50,5,5.07,15,11,2,1,41.84
8,3,7.45,2,18,3,0,15.02
41,4,8.81,3,13,6,1,61.14
6,4,4.06,6,7,6,0,5.02
69,1,6.79,14,7,0,0,240.0
44,4,8.86,10,16,6,0,68.71
64,4,11.62,15,8,0,0,128.19
29,4,7.27,13,7,5,0,38.48
28,2,5.3,12,7,5,0,52.64
11,1,8.27,8,16,6,0,62.43
65,3,6.29,17,10,4,1,102.35
19,4,5.72,2,16,2,0,18.72
9,2,8.72,19,18,0,0,35.58
27,4,11.33,4,18,2,0,52.58
34,2,10.68,1,9,3,0,118.47
44,1,5.46,20,7,3,0,166.58
68,4,10.13,16,9,5,0,119.65
15,2,5.84,15,7,1,0,38.92
51,5,6.33,19,9,6,0,52.53
13,5,11.36,12,10,6,1,32.87
49,2,11.29,19,17,4,0,191.83
70,4,5.35,10,17,1,0,65.46
56,4,4.51,7,14,2,0,44.15
76,1,6.34,20,9,4,0,240.0
51,1,8.65,4,9,5,0,240.0
37,3,11.02,1,15,0,0,90.86
17,1,4.95,3,17,5,0,58.12
58,4,7.32,2,15,5,0,65.95
29,3,6.17,1,12,4,1,45.9
33,1,4.12,2,16,4,0,91.74
60,2,10.31,15,10,3,1,214.78
55,5,10.51,19,16,1,0,85.67
10,1,5.77,8,11,3,1,46.52
47,1,5.21,5,15,3,0,161.3
23,2,5.16,14,7,1,0,44.31
21,4,7.71,4,13,3,1,34.58
13,2,5.97,8,17,4,0,28.7
33,1,8.09,5,13,2,1,172.35
24,4,7.08,2,16,0,0,29.85
11,3,5.69,12,7,6,0,17.45
17,1,10.01,14,7,0,0,117.91
68,2,5.2,10,15,6,0,123.24
47,3,10.39,15,13,6,1,121.51
25,5,8.49,14,10,3,1,39.98
73,3,10.66,5,15,1,0,173.74
21,2,4.04,13,18,4,0,35.56
12,3,9.99,10,11,3,1,36.58
37,2,4.41,19,9,4,0,64.37
42,1,11.6,9,8,4,0,240.0
17,4,9.62,15,15,6,0,31.51
48,5,6.56,11,10,6,1,52.46
28,4,6.56,6,13,5,1,37.46
41,4,10.89,6,7,6,0,75.87
47,4,11.22,17,15,0,0,93.24
18,2,11.13,14,18,2,0,71.39
78,2,10.47,5,15,2,0,240.0
71,5,10.55,18,16,1,0,104.68
13,2,8.58,7,12,2,1,43.78
13,2,4.23,19,12,3,1,29.8
31,2,4.69,14,12,0,1,55.14
2,2,9.2,3,11,0,1,11.69
16,1,7.21,17,17,4,0,84.97
9,5,8.54,12,7,3,0,13.87
73,2,5.85,0,10,3,1,141.37
38,5,9.2,7,16,4,0,46.58
75,3,5.94,18,7,5,0,105.79
54,1,7.69,16,11,5,1,240.0
56,2,7.83,9,10,4,1,146.76
45,1,5.42,0,14,0,0,157.83
34,1,11.01,0,7,6,0,240.0
9,3,8.21,20,14,3,0,28.33
8,5,10.93,4,14,2,0,15.79
7,1,6.1,0,7,2,0,25.77
36,4,5.38,20,15,6,0,39.1
18,3,4.14,20,15,6,0,24.85
3,4,4.75,19,12,0,1,17.76
28,3,5.18,12,7,2,0,39.3
70,4,4.63,8,13,2,1,60.67
44,4,11.18,15,13,6,1,93.67
21,1,11.29,7,15,3,0,158.82
28,1,11.5,13,7,3,0,214.84
54,3,11.68,16,14,1,0,143.97
54,5,7.93,3,18,3,0,54.63
65,1,8.24,6,17,1,0,240.0
21,1,5.05,16,14,5,0,75.71
13,2,5.1,15,13,3,1,31.04
57,1,10.18,13,18,4,0,240.0
49,5,10.85,15,12,3,1,83.6
54,2,10.28,1,7,1,0,179.99
10,4,10.68,14,17,2,0,27.51
53,4,6.21,10,16,3,0,58.6
44,2,7.73,12,17,2,0,116.08
47,2,7.67,3,14,2,0,119.7
53,2,11.96,0,18,3,0,201.24
74,3,11.59,14,11,3,1,200.99
46,5,8.79,11,10,4,1,63.97
13,5,5.1,20,11,5,1,23.03
37,4,6.07,8,11,1,1,46.12
24,4,6.91,6,16,3,0,30.06
2,4,10.99,2,9,2,0,3.36
14,1,5.37,15,10,2,1,60.32
10,4,5.76,3,10,3,1,14.02
35,2,6.8,13,14,1,0,82.05
25,4,11.42,12,11,5,1,55.6
3,2,8.03,19,12,2,1,21.75
17,3,9.17,18,16,5,0,43.49
12,1,7.1,1,8,5,0,58.7
54,1,5.51,9,15,4,0,197.28
24,5,5.78,18,14,2,0,25.62
29,3,10.42,14,14,1,0,69.96
43,2,11.15,6,16,0,0,159.71
25,3,7.94,14,11,4,1,56.93
60,1,6.86,16,11,4,1,240.0
65,2,10.46,15,9,0,0,227.34
28,3,9.38,16,17,4,0,66.64
16,1,4.33,15,8,4,0,50.4
47,2,6.81,17,15,4,0,115.76
58,2,9.46,16,12,2,1,190.17
76,1,8.59,3,14,2,0,240.0
27,2,11.82,1,10,3,1,108.3
53,1,10.93,16,11,3,1,240.0
42,4,4.48,16,16,2,0,38.44
59,4,9.81,1,11,4,1,97.79
47,2,6.69,1,17,1,0,103.47
34,2,9.46,14,16,0,0,113.82
37,1,8.94,15,10,3,1,227.49
6,2,8.02,10,17,6,0,19.31
7,5,10.82,1,8,6,0,13.64
25,4,9.67,7,12,4,1,46.87
33,2,11.12,20,10,6,1,135.82
55,2,6.25,11,17,3,0,118.98
58,3,6.79,13,10,5,1,93.83
7,2,8.98,13,16,1,0,29.05
57,5,11.73,11,9,5,0,94.15
12,4,6.97,1,14,4,0,14.25
16,3,4.26,13,12,6,1,24.37
80,1,7.57,11,15,2,0,240.0
43,1,8.35,8,11,1,1,240.0
77,4,10.41,7,12,3,1,136.94
7,1,9.83,19,15,6,0,55.44
51,5,11.72,15,10,4,1,88.53
73,2,10.26,9,16,5,0,240.0
32,4,6.39,6,13,4,1,41.09
75,3,9.13,14,16,0,0,156.94
8,2,9.38,8,18,6,0,29.43
72,1,11.98,3,16,0,0,240.0
45,1,5.11,5,17,5,0,149.67
59,3,5.53,11,17,0,0,75.57
4,5,5.24,14,12,2,1,14.47
67,3,8.71,18,12,4,1,143.75
29,4,5.08,1,12,4,1,26.49
29,3,9.25,18,10,3,1,70.89
28,1,10.43,19,16,6,0,199.0
77,5,7.46,19,12,6,1,83.69
79,5,8.49,1,18,6,0,86.51
44,3,11.3,14,13,2,1,116.34
4,4,8.56,11,8,6,0,10.26
9,1,5.67,0,17,6,0,36.18
5,2,6.75,13,15,6,0,18.78
56,5,8.24,3,13,0,1,65.83
50,3,5.24,10,9,4,0,65.67
75,4,8.9,6,16,0,0,114.29
15,4,11.99,12,16,1,0,33.62
32,1,9.22,13,13,2,1,198.62
28,5,6.98,6,16,0,0,23.76
22,1,6.65,10,16,2,0,98.34
17,2,11.45,19,11,5,1,75.63
59,2,10.97,19,15,6,0,222.94
71,2,7.78,10,12,4,1,190.93
57,4,6.83,20,17,1,0,75.1
26,5,9.68,8,13,3,1,39.71
25,1,6.52,3,10,6,1,111.07
10,1,4.96,1,8,1,0,31.92
45,2,6.48,1,17,2,0,99.68
11,5,7.47,8,10,1,1,17.43
77,5,6.04,18,15,4,0,67.87
53,3,5.73,14,9,2,0,73.93
72,5,4.05,20,13,6,1,49.98
68,5,9.05,20,10,2,1,95.12
28,1,8.92,17,9,4,0,171.42
75,5,5.5,15,11,5,1,63.64
65,5,11.55,1,8,0,0,97.41
49,1,7.28,11,17,3,0,235.68
47,5,4.2,0,16,5,0,27.69
52,1,5.76,1,10,6,1,198.89
54,3,9.54,13,13,5,1,121.69
60,4,5.61,6,18,1,0,59.32
57,1,4.43,16,18,6,0,173.48
47,1,8.94,14,8,6,0,240.0
31,5,8.15,16,16,5,0,42.93
46,1,10.09,8,12,3,1,240.0
26,2,10.18,12,11,6,1,94.24
5,2,11.68,1,9,6,0,19.78
52,3,4.46,14,11,3,1,61.18
75,1,4.31,19,16,5,0,222.49
54,5,11.9,10,13,4,1,92.01
33,5,9.16,18,9,0,0,51.48
50,4,9.72,13,14,3,0,83.05
38,3,4.77,3,13,2,1,44.3
27,5,4.56,10,10,5,1,24.37
15,4,5.28,15,11,6,1,23.73
61,5,7.42,1,16,0,0,61.62
21,4,4.88,1,17,4,0,16.23
46,2,7.57,8,10,5,1,123.15
69,2,8.49,20,8,3,0,200.22
6,5,4.0,20,18,5,0,12.92
38,3,4.91,3,15,4,0,39.25
62,1,7.0,7,7,1,0,240.0
62,3,4.43,17,14,4,0,71.08
78,3,5.07,14,10,2,1,94.18
74,1,5.85,1,15,4,0,240.0
46,2,7.44,10,9,0,0,113.34
13,2,9.72,16,13,1,1,52.73
3,1,5.06,6,9,5,0,12.66
6,4,9.9,7,16,5,0,12.55
8,3,10.84,9,18,2,0,25.47
44,5,9.21,2,13,1,1,59.18
33,2,4.35,12,8,2,0,49.26
75,5,7.53,16,9,5,0,84.36
77,1,9.28,12,14,1,0,240.0
50,5,11.83,18,13,3,1,91.25
11,5,11.61,8,17,4,0,19.9
28,3,7.17,20,9,0,0,53.94
70,1,8.93,15,14,0,0,240.0
41,5,11.13,4,15,3,0,63.28
16,2,10.65,8,8,6,0,55.8
68,1,7.84,8,8,1,0,240.0
48,2,6.09,5,13,4,1,103.81
56,4,5.1,20,17,3,0,55.92
64,5,7.9,9,14,1,0,71.33
59,1,9.78,17,11,4,1,240.0
62,2,11.76,10,8,1,0,240.0
76,5,10.89,14,16,0,0,115.39
11,3,5.63,6,11,4,1,21.32
18,2,9.76,13,9,0,0,62.43
19,2,6.31,7,15,0,0,43.07
55,4,9.47,18,8,4,0,93.52
26,3,9.33,14,15,3,0,55.88
6,4,6.18,18,8,1,0,14.56
4,3,5.88,17,7,4,0,15.04
29,2,4.83,16,16,5,0,56.18
59,4,4.4,2,12,0,1,46.7
17,5,10.87,2,17,1,0,25.79
43,3,4.4,6,12,4,1,48.34
80,2,4.71,9,10,3,1,132.03
66,1,5.91,16,8,4,0,240.0
34,3,11.1,14,16,4,0,88.63
8,3,6.66,7,18,2,0,16.13
13,5,5.53,16,17,5,0,18.15
8,3,9.72,2,9,1,0,19.06
65,3,6.55,3,12,4,1,99.34
43,5,6.67,7,10,0,1,45.1
39,5,9.91,12,11,0,1,60.84
59,4,6.01,0,17,2,0,56.49
44,2,11.17,17,15,0,0,169.95
9,2,8.49,10,11,4,1,31.67
37,4,8.3,20,16,1,0,61.14
74,2,6.12,5,17,2,0,149.95
36,3,10.68,15,14,5,0,89.37
28,4,8.58,20,8,6,0,47.69
42,4,5.24,18,18,2,0,45.19
43,2,5.65,16,12,3,1,90.46
42,1,7.75,17,17,3,0,219.22
66,2,10.24,10,17,1,0,225.49
55,1,11.51,13,12,1,1,240.0
72,4,9.31,11,11,6,1,118.61
48,1,8.05,19,12,2,1,240.0
22,3,6.01,6,11,4,1,33.19
27,5,9.38,16,8,4,0,40.25
67,1,11.86,4,11,3,1,240.0
13,5,7.81,13,7,1,0,22.06
45,3,5.3,12,9,6,0,59.12
10,5,4.83,11,13,1,1,17.43
9,3,6.15,13,10,4,1,23.52
54,5,8.56,8,14,3,0,59.81
27,5,11.57,3,9,4,0,39.76
34,2,6.39,18,13,4,1,85.4
1,1,6.44,0,8,2,0,8.13
32,5,7.85,12,14,1,0,39.41
71,4,11.35,5,9,2,0,136.23
67,2,7.35,0,12,2,1,162.42
20,1,5.79,16,8,4,0,82.02
35,2,5.31,2,13,3,1,66.74
78,1,7.66,16,10,4,1,240.0
17,3,10.41,1,12,5,1,39.61
18,5,6.33,6,8,3,0,19.31
45,4,8.1,0,9,6,0,57.79
53,2,8.82,20,9,1,0,158.05
68,2,7.6,14,10,5,1,181.28
65,2,5.53,3,7,5,0,119.33
1,2,11.37,5,12,5,1,11.59
58,5,8.52,20,17,0,0,75.76
26,1,9.83,12,12,1,1,178.07
20,5,9.09,12,10,4,1,34.64
10,3,11.98,19,14,3,0,32.48
59,5,7.65,0,11,5,1,60.5
75,5,7.4,1,16,0,0,74.66
41,3,6.88,5,10,5,1,68.77
5,5,6.89,10,13,3,1,13.22
65,1,6.21,17,16,6,0,240.0
17,4,11.85,12,16,3,0,37.06
22,3,10.97,20,14,6,0,61.68
41,2,6.53,11,8,0,0,91.0
68,1,6.44,19,7,0,0,240.0
69,4,4.83,6,12,1,1,61.82
11,1,11.02,19,8,2,0,91.23
56,1,6.97,6,17,5,0,240.0
51,2,8.58,6,14,0,0,144.26
21,4,11.2,1,11,5,1,42.59
76,1,7.26,10,8,2,0,240.0
26,2,10.45,0,17,2,0,87.11
19,3,7.44,20,18,2,0,41.06
60,2,9.61,12,11,6,1,196.68
71,5,7.45,11,8,2,0,73.51
47,2,7.14,12,12,0,1,115.89
71,2,11.93,6,14,5,0,240.0
26,2,8.9,11,8,3,0,81.52
40,1,6.94,16,12,5,1,194.13
5,4,6.06,7,12,5,1,8.94
21,2,4.32,2,7,0,0,32.39
78,2,9.65,6,15,0,0,240.0
4,5,6.98,18,18,4,0,15.57
23,5,10.57,19,14,4,0,40.38
15,3,6.91,7,18,1,0,26.09
8,3,6.99,13,10,2,1,20.57
41,5,10.23,13,13,2,1,64.9
19,4,7.92,1,10,4,1,28.32
46,3,11.08,5,14,3,0,113.23
28,4,8.72,15,16,1,0,47.09
68,5,5.93,8,8,5,0,58.04
15,3,8.55,20,8,3,0,37.38
37,2,4.03,14,9,4,0,58.01
1,5,6.5,18,10,5,1,8.91
67,3,5.66,14,17,3,0,91.75
24,4,9.23,11,12,2,1,42.74
27,4,5.09,8,11,4,1,31.98
40,3,6.32,15,16,5,0,63.62
63,4,6.65,5,16,3,0,68.43
61,3,4.03,19,13,1,1,69.21
36,3,4.37,14,12,1,1,42.72
24,4,6.49,12,10,0,1,32.67
24,1,5.78,20,17,6,0,99.27
4,2,4.94,9,16,5,0,10.12
67,5,5.23,13,15,4,0,50.84
34,2,10.68,2,13,4,1,123.15
57,5,9.47,11,7,5,0,76.41
49,5,7.87,0,14,4,0,49.97
53,2,11.27,20,10,2,1,205.8
23,3,4.24,15,13,2,1,30.92
69,4,6.76,9,17,4,0,84.51
53,1,10.59,8,8,5,0,240.0
62,1,9.03,17,18,3,0,240.0
41,1,11.85,0,9,2,0,240.0
57,2,11.56,9,7,5,0,220.59
60,2,5.36,6,8,4,0,109.44
54,3,11.78,9,17,2,0,143.12
70,1,11.56,11,11,5,1,240.0
57,3,6.99,10,8,0,0,89.88
10,1,11.86,8,12,1,1,82.78
40,2,4.29,4,12,6,1,62.32
7,4,9.29,3,12,0,1,17.01
38,4,6.13,19,18,4,0,47.73
61,4,5.04,12,17,5,0,55.34
3,4,8.62,7,9,1,0,9.76
51,5,6.45,15,17,3,0,50.18
47,1,9.33,0,9,4,0,240.0
68,4,8.32,16,16,3,0,99.88
76,5,7.14,14,13,3,1,80.56
38,5,5.45,14,10,2,1,35.8
36,5,8.81,17,12,2,1,54.57
41,3,10.63,5,18,1,0,92.6
69,3,8.8,1,14,1,0,130.79
13,5,8.88,4,9,5,0,16.01
58,4,8.09,18,15,2,0,82.82
50,1,7.11,6,15,6,0,233.49
30,2,7.66,8,9,1,0,79.58
62,3,11.92,1,12,5,1,164.88
25,4,10.0,6,11,0,1,46.48
27,4,7.44,13,10,4,1,44.38
51,2,7.66,14,14,0,0,134.49
78,2,8.0,11,16,4,0,206.01
57,4,9.27,19,15,5,0,93.81
47,2,7.73,3,18,2,0,116.75
39,4,9.49,12,15,6,0,65.44
16,2,6.63,8,11,0,1,41.14
22,2,7.29,11,11,6,1,61.17
54,4,10.91,9,17,3,0,104.1
21,5,6.63,8,9,0,0,18.83
72,4,11.72,20,15,1,0,143.33
16,1,5.38,6,7,0,0,61.94
59,2,5.93,11,18,2,0,120.26
31,3,7.71,15,9,2,0,61.24
42,2,10.38,14,13,6,1,152.0
74,1,9.85,6,13,1,1,240.0
32,3,5.4,7,11,4,1,44.69
59,3,5.89,6,12,1,1,84.03
34,4,8.6,10,10,5,1,58.55
9,5,6.36,3,14,4,0,10.79
11,4,7.38,17,10,2,1,24.38
10,3,7.89,18,16,6,0,26.28
17,3,8.75,6,12,6,1,37.31
68,5,6.01,12,11,2,1,64.23
48,2,5.31,8,18,5,0,87.51
52,5,7.19,17,16,4,0,53.92
25,4,4.66,6,12,0,1,26.85
21,2,8.21,19,9,0,0,66.41
65,4,10.72,15,9,1,0,121.87
63,5,4.95,4,16,6,0,42.63
51,2,4.9,6,13,2,1,89.35
36,5,4.64,5,7,0,0,24.84
66,1,10.78,1,7,2,0,240.0
15,3,4.65,6,7,1,0,19.37
39,2,11.87,20,12,3,1,162.55
70,3,6.87,8,10,2,1,110.06
1,1,6.63,12,12,3,1,14.73
23,2,4.73,16,7,6,0,38.03
39,3,8.69,16,10,2,1,84.1
57,3,8.69,14,10,4,1,117.69
34,2,7.95,17,8,5,0,99.0
41,3,6.49,14,7,3,0,64.22
73,3,6.95,10,14,4,0,118.78
13,2,6.56,11,12,5,1,34.24
70,3,7.41,16,10,4,1,125.33
6,3,6.73,11,8,1,0,15.55
52,4,9.4,6,18,1,0,80.59
3,4,6.37,6,11,0,1,9.93
63,1,6.81,20,15,3,0,240.0
49,4,7.48,9,13,0,1,70.23
76,4,4.03,15,10,6,1,58.39
47,1,7.94,10,11,3,1,240.0
55,3,6.05,15,14,1,0,75.8
64,3,4.45,1,17,1,0,63.05
65,4,11.29,1,11,5,1,122.0
67,1,6.58,17,18,5,0,240.0
15,3,7.41,4,12,1,1,28.76
32,5,10.62,13,16,6,0,53.37
68,2,5.33,7,12,3,1,125.49
18,2,10.8,5,14,6,0,64.84
43,2,5.93,8,17,6,0,84.63
35,4,8.71,5,11,1,1,56.81
78,2,9.49,20,7,0,0,240.0
58,2,11.24,16,10,4,1,223.15
33,5,8.86,7,9,5,0,41.57
14,3,7.63,2,8,6,0,24.71
34,5,8.58,11,13,3,1,48.71
61,4,5.62,12,13,4,1,63.71
4,2,9.51,17,14,0,0,19.94
59,3,5.5,10,16,2,0,76.53
29,2,8.46,1,11,5,1,84.02
6,2,9.18,13,7,1,0,20.65
49,4,11.19,0,12,5,1,96.28
40,2,7.6,14,12,5,1,111.49
65,1,10.2,17,17,5,0,240.0
69,3,5.34,17,14,0,0,87.02
27,3,5.25,16,16,2,0,41.86
80,1,8.2,0,8,3,0,240.0
6,4,8.77,13,17,0,0,12.17
13,2,9.06,19,15,3,0,43.86
64,2,9.97,15,17,4,0,211.35
62,3,6.36,3,12,4,1,89.95
19,4,8.98,5,7,3,0,31.56
76,4,5.51,15,15,6,0,72.48
80,4,5.75,19,14,4,0,85.39
43,2,4.54,5,16,4,0,64.19
74,4,9.98,14,7,1,0,123.29
20,1,8.06,0,14,3,0,104.08
68,5,5.91,6,13,3,1,63.19
44,4,8.45,10,11,2,1,72.1
23,5,6.83,0,12,5,1,23.42
2,2,10.7,7,10,1,1,14.87
22,4,8.23,13,15,0,0,34.76
57,3,4.24,4,15,1,0,50.43
72,2,11.88,12,16,0,0,240.0
7,1,4.59,14,7,3,0,29.16
78,1,9.57,8,18,1,0,240.0
56,5,7.5,7,15,6,0,60.24
67,5,5.99,18,9,2,0,63.4
16,3,9.41,16,18,5,0,39.72
51,3,5.01,18,8,4,0,64.58
80,1,10.87,17,10,0,1,240.0
72,4,6.0,17,10,4,1,83.43
12,1,6.89,3,15,5,0,58.16
53,1,9.06,1,10,3,1,240.0
75,3,4.01,4,11,3,1,70.0
5,5,7.78,16,12,3,1,16.4
27,3,11.15,6,10,4,1,74.71
12,3,9.44,15,7,5,0,32.05
17,3,7.1,0,8,6,0,24.68
6,1,9.28,11,9,3,0,41.47
5,4,11.49,18,10,3,1,23.38
57,1,5.5,8,11,4,1,211.14
28,2,8.25,15,16,3,0,84.25
78,3,5.88,6,16,5,0,102.6
69,3,10.83,14,9,0,0,168.3
59,2,9.77,11,17,1,0,195.2
33,3,10.41,3,7,0,0,78.81
62,3,11.54,5,17,6,0,159.86
50,3,5.86,5,17,3,0,64.37
19,2,4.39,14,14,5,0,36.49
69,1,6.33,2,14,5,0,240.0
66,3,7.19,1,10,3,1,105.03
47,4,9.0,4,13,6,1,74.07
39,2,10.38,7,10,6,1,141.56
68,5,6.8,18,9,3,0,71.02
33,2,7.79,20,13,3,1,96.5
13,1,10.28,15,12,4,1,96.19
54,2,5.8,18,7,5,0,113.39
7,5,5.74,15,15,1,0,13.85
79,4,8.71,5,18,4,0,114.39
14,5,7.49,0,8,4,0,12.03
19,2,11.59,17,9,5,0,81.51
54,5,6.86,7,11,6,1,53.59
20,2,10.08,4,9,3,0,65.71
29,4,8.66,11,9,0,0,47.11
24,4,4.44,17,14,5,0,27.8
63,1,4.68,4,10,0,1,197.93
74,4,5.63,12,16,2,0,72.98
57,3,5.15,20,8,5,0,75.38
8,5,6.63,11,11,1,1,14.08
62,5,8.63,15,8,5,0,75.16
29,2,8.82,13,16,2,0,91.8
74,4,8.7,10,17,4,0,107.25
17,1,4.94,8,18,2,0,55.02
66,1,8.8,9,14,6,0,240.0
6,1,7.28,15,9,2,0,38.07
58,3,11.22,18,8,5,0,151.78
69,4,11.3,9,9,2,0,128.27
28,1,10.15,20,9,1,0,193.09
62,3,9.62,3,7,5,0,127.75
41,5,4.92,20,9,0,0,37.5
69,2,4.68,7,9,0,0,106.0
41,4,10.73,10,10,2,1,81.39
49,4,7.42,5,14,5,0,61.17
49,5,7.61,3,15,1,0,50.16
76,4,10.78,20,7,0,0,139.78
71,4,8.97,4,7,3,0,107.28
3,4,5.44,17,12,5,1,18.24
10,4,5.69,2,7,6,0,13.21
35,3,4.05,6,18,5,0,33.84
80,3,9.69,11,11,6,1,173.36
2,2,7.88,2,18,0,0,5.4
24,4,11.6,16,7,0,0,53.78
74,5,9.71,2,14,1,0,94.68
38,1,4.83,10,18,1,0,121.21
22,2,5.29,5,11,0,1,45.75
26,1,8.01,10,12,3,1,145.91
43,1,11.4,3,10,3,1,240.0
55,4,5.98,16,14,6,0,60.01
39,5,10.6,0,18,2,0,50.84
29,1,6.5,11,15,2,0,127.05
20,1,6.16,2,15,0,0,83.44
41,2,11.21,15,7,0,0,154.94
54,5,4.38,2,13,0,1,34.01
20,5,9.29,13,10,5,1,32.53
19,1,4.35,16,16,3,0,60.88
66,5,10.41,18,17,4,0,99.15
30,2,10.64,6,14,2,0,108.09
53,2,11.15,10,13,2,1,198.53
34,2,5.49,15,7,4,0,70.19
22,4,5.0,18,7,0,0,29.18
67,1,8.03,4,7,2,0,240.0
6,5,6.17,0,8,3,0,2.04
79,2,8.85,9,16,4,0,234.24
27,1,8.11,17,8,3,0,151.58
10,1,5.16,9,15,5,0,41.85
73,4,9.91,0,11,0,1,118.68
48,5,10.43,12,7,2,0,71.67
70,5,11.7,3,13,6,1,114.91
59,2,7.16,11,16,3,0,143.72
59,2,6.7,15,8,4,0,131.6
2,1,5.54,18,9,6,0,12.03
29,5,5.45,11,10,0,1,33.64
68,5,6.57,5,9,2,0,59.35
65,2,11.85,15,9,2,0,240.0
26,3,4.74,11,15,6,0,29.6
10,1,6.07,9,18,0,0,42.82
53,5,4.69,4,10,0,1,40.22
79,4,6.19,18,14,0,0,89.03
59,4,4.74,11,7,5,0,50.04
22,3,8.07,7,12,3,1,47.56
51,2,7.51,3,7,1,0,125.87
48,2,5.39,6,11,5,1,93.09
21,2,5.4,4,13,2,1,42.0
22,4,9.01,10,18,6,0,37.8
30,2,7.1,16,7,3,0,81.22
25,4,4.45,20,15,4,0,28.39
28,3,11.36,2,18,2,0,71.3
65,1,7.24,1,17,5,0,240.0
45,5,8.73,18,15,1,0,60.36
68,3,11.08,1,12,4,1,168.15
7,4,7.22,13,8,2,0,12.29
49,3,10.57,0,8,6,0,111.68
9,5,11.32,15,15,1,0,20.16
36,1,5.39,14,10,0,1,134.91
1,5,11.14,17,12,1,1,12.93
10,4,4.96,1,16,2,0,12.79
36,5,6.2,10,8,1,0,34.06
73,3,10.47,20,10,5,1,180.23
46,2,11.21,16,8,2,0,179.36
32,3,9.47,12,9,2,0,66.68
32,4,4.84,11,8,6,0,34.98
6,1,8.18,1,14,1,0,33.89
48,5,8.58,20,11,1,1,65.08
38,1,6.25,17,11,5,1,164.39
17,4,11.93,9,14,4,0,39.05
74,5,6.69,11,17,4,0,71.41
27,3,5.68,16,14,3,0,42.1
54,3,4.88,13,13,2,1,65.7
50,4,7.03,18,11,4,1,70.59
35,5,9.54,12,13,6,1,52.12
25,3,5.85,2,7,3,0,32.14
28,4,10.16,7,9,5,0,47.76
15,4,5.08,4,9,2,0,13.03
4,1,7.52,11,8,5,0,20.84
73,3,9.62,0,12,6,1,159.16
27,5,5.08,20,9,3,0,26.14
26,3,8.78,15,10,4,1,63.7
19,3,10.39,11,9,3,0,47.36
17,3,8.76,16,13,1,1,43.08
43,4,8.09,8,10,5,1,60.35
41,2,10.71,12,11,3,1,156.52
42,2,11.88,3,13,5,1,169.76
50,1,5.45,3,10,0,1,180.73
40,3,9.53,14,12,0,1,95.43
39,2,4.65,9,15,3,0,65.58
23,1,4.34,5,12,0,1,71.79
52,4,6.25,2,11,3,1,58.16
47,3,11.77,14,18,5,0,126.83
63,5,8.42,5,7,6,0,69.89
69,4,6.15,10,14,6,0,73.15
43,1,5.06,1,11,3,1,143.99
48,4,11.36,1,11,3,1,95.18
34,5,6.9,0,9,0,0,33.82
40,4,6.45,10,16,2,0,47.65
75,1,10.86,4,18,3,0,240.0
61,5,8.84,5,8,3,0,71.71
50,5,5.35,2,7,1,0,36.48
67,4,7.37,19,15,1,0,90.86
62,5,11.43,4,11,4,1,98.42
58,4,11.21,19,16,0,0,113.71
33,3,4.56,8,18,2,0,38.95
75,5,6.15,18,10,6,1,73.21
16,4,5.24,4,13,3,1,20.55
48,3,8.27,11,10,6,1,91.3
10,5,10.0,11,17,3,0,18.06
38,3,6.36,15,8,0,0,61.28
19,5,10.06,6,15,4,0,25.38
36,1,9.35,13,14,4,0,221.8
59,1,9.83,8,18,1,0,240.0
63,4,11.59,14,10,6,1,129.9
77,2,7.4,10,14,0,0,190.59
46,1,6.74,3,18,4,0,203.83
3,2,9.47,10,15,4,0,14.75
74,3,10.46,8,8,6,0,165.75
65,3,5.53,5,10,2,1,83.57
8,2,10.77,16,17,1,0,35.72
51,4,4.46,8,12,1,1,45.29
73,5,4.05,5,13,1,1,44.99
6,2,5.27,5,11,5,1,15.92
39,2,11.83,3,16,4,0,153.21
60,2,8.19,19,18,3,0,168.64
28,2,4.37,10,16,5,0,45.14
54,2,11.98,2,13,4,1,218.44
37,4,9.96,17,17,4,0,65.51
9,1,10.7,15,10,6,1,69.56
56,5,5.7,20,14,0,0,52.18
59,1,4.84,15,9,6,0,194.29
2,2,8.12,11,9,1,0,15.13
61,1,10.18,13,11,1,1,240.0
58,4,9.1,8,12,6,1,93.42
60,3,9.05,6,9,2,0,119.6
40,1,10.06,13,16,1,0,240.0
36,5,5.82,19,8,4,0,37.76
37,4,9.29,19,11,0,1,71.0
79,3,7.14,9,16,2,0,127.27
18,4,4.56,10,12,4,1,24.05
63,2,5.62,6,9,4,0,120.88
22,3,10.35,18,13,5,1,63.53
11,5,11.17,18,9,2,0,23.89
58,3,6.26,20,18,5,0,86.74
57,5,5.52,10,8,4,0,46.21
77,2,4.21,5,16,4,0,110.88
4,5,11.58,7,10,5,1,13.93
7,4,9.47,0,9,0,0,7.45
61,1,11.66,7,13,0,1,240.0
54,4,10.91,4,14,5,0,98.66
68,4,6.72,9,9,0,0,78.58
79,3,4.9,1,12,1,1,88.04
1,2,7.99,3,7,2,0,1.0
55,1,4.21,1,11,0,1,153.35
3,5,5.2,14,8,4,0,7.34
78,3,5.87,19,7,1,0,109.95
38,2,9.33,9,13,2,1,123.3
1,1,8.08,20,16,0,0,17.43
38,4,6.42,1,10,0,1,39.83
29,2,8.52,5,11,2,1,91.32
5,2,5.0,13,8,0,0,17.11
74,2,10.05,4,14,5,0,240.0
21,4,9.7,1,17,2,0,32.91
71,5,5.73,13,16,2,0,60.97
67,3,8.85,12,9,4,0,134.65
47,5,8.03,1,13,6,1,53.17
35,1,4.49,8,17,2,0,107.64
68,3,6.23,2,7,6,0,94.53
69,1,12.0,14,16,3,0,240.0
1,4,4.8,2,7,0,0,1.0
68,5,8.05,11,13,6,1,80.42
12,2,10.79,5,7,4,0,41.89
60,3,6.41,18,18,6,0,89.53
27,2,6.09,16,15,1,0,60.24
56,1,11.13,5,15,6,0,240.0
23,2,6.44,18,14,6,0,57.37
25,2,9.21,16,14,3,0,84.74
21,4,9.92,15,10,2,1,47.94
61,4,10.31,20,10,1,1,116.92
63,5,11.96,7,11,6,1,103.38
52,1,10.43,18,15,1,0,240.0
25,4,9.26,7,9,1,0,38.85
55,4,11.16,19,10,1,1,112.17
46,5,11.25,14,16,4,0,76.99
32,3,11.79,7,11,4,1,89.23
55,5,10.21,2,13,1,1,78.92
5,2,5.56,15,11,3,1,16.45
36,2,9.68,2,15,0,0,113.62
49,4,4.6,0,12,5,1,41.19
58,4,6.54,7,9,0,0,65.33
39,5,4.93,8,12,4,1,34.57
80,5,11.6,11,12,3,1,128.87
61,1,6.71,17,18,3,0,240.0
9,2,9.71,16,16,2,0,35.48
6,5,8.57,7,7,4,0,10.23
35,3,4.86,19,13,3,1,48.38
39,1,8.49,10,9,3,0,221.33
22,5,9.29,6,7,0,0,28.05
41,4,11.05,13,7,3,0,80.65
5,5,4.56,9,11,3,1,13.09
42,4,6.37,14,16,6,0,52.32
76,4,9.54,11,16,1,0,128.56
80,2,4.27,19,8,6,0,120.53
67,2,5.63,16,8,0,0,129.98
30,5,5.75,7,18,0,0,24.67
57,5,9.35,13,10,1,1,81.01
73,3,6.29,14,16,0,0,106.23
29,1,8.8,10,17,2,0,169.19
37,1,11.72,11,18,5,0,240.0
13,5,10.35,19,18,2,0,29.5
32,2,6.66,15,13,4,1,82.53
46,3,7.78,19,14,5,0,89.69
23,1,5.61,17,17,0,0,89.52
45,5,4.13,9,16,0,0,27.95
17,2,6.32,18,13,2,1,46.09
66,2,6.96,17,15,4,0,158.06
6,2,8.51,0,13,6,1,19.01
18,4,11.55,3,10,4,1,42.08
22,2,11.58,6,15,2,0,85.08
33,5,4.56,0,15,2,0,23.28
30,3,8.92,7,9,5,0,63.2
32,5,4.34,16,16,1,0,27.86
42,2,9.18,7,14,4,0,132.26
78,3,4.94,4,7,4,0,85.62
10,1,11.57,0,8,1,0,76.89
36,1,10.91,14,14,2,0,240.0
34,5,4.18,3,14,6,0,18.4
73,3,10.26,6,12,1,1,168.02
28,5,9.09,13,14,1,0,39.18
11,3,7.96,11,14,3,0,25.37
78,3,8.82,20,8,4,0,160.56
39,5,9.43,2,9,2,0,49.93
47,3,11.08,19,13,3,1,127.49
19,2,10.14,17,9,5,0,70.56
15,3,8.6,7,17,3,0,27.01
28,3,10.6,1,8,6,0,66.33
24,5,11.9,5,12,3,1,42.03
72,1,6.4,6,8,2,0,240.0
9,4,4.95,6,8,1,0,10.93
47,3,9.85,12,17,2,0,109.06
33,4,11.83,0,8,4,0,61.23
62,3,4.93,7,10,5,1,75.98
19,5,7.45,12,13,6,1,29.83
67,5,4.5,19,12,5,1,53.45
74,3,10.21,18,11,5,1,174.6
40,5,11.59,16,10,6,1,70.86
47,5,7.99,12,8,4,0,56.13
65,3,7.28,15,17,1,0,108.62
29,1,11.26,14,14,2,0,217.59
50,3,5.07,10,18,1,0,58.91
13,1,11.13,11,8,1,0,100.55
1,5,7.14,2,17,2,0,4.77
34,1,8.48,8,14,4,0,192.24
48,5,8.23,13,16,2,0,60.29
77,1,8.93,6,10,5,1,240.0
48,1,11.54,10,18,4,0,240.0
49,3,11.61,9,11,0,1,134.42
64,1,10.65,2,17,0,0,240.0
61,5,5.53,18,7,0,0,53.77
29,3,6.67,1,8,5,0,43.2
39,1,7.9,16,17,6,0,205.28
26,3,11.24,1,14,6,0,60.74
17,4,8.17,20,7,3,0,33.88
71,3,11.82,15,9,4,0,189.48
13,4,11.87,16,8,4,0,34.2
69,4,8.79,9,16,2,0,100.8
26,3,11.02,3,11,4,1,70.63
49,5,11.99,10,18,2,0,80.97
67,5,10.8,16,10,3,1,106.83
7,5,9.26,11,10,2,1,16.92
58,2,10.76,20,10,0,1,217.48
49,4,4.66,9,17,2,0,46.37
53,3,9.08,15,10,2,1,118.08
65,5,5.73,3,10,2,1,52.78
62,5,4.93,2,12,4,1,42.72
17,3,11.14,8,8,1,0,45.74
43,4,9.12,5,10,1,1,69.57
25,3,5.95,11,13,5,1,40.37
3,2,7.09,0,13,1,1,14.89
79,2,11.79,13,7,5,0,240.0
29,3,10.9,9,16,4,0,74.41
32,4,4.12,17,18,0,0,33.81
26,5,11.84,12,15,1,0,43.7
16,2,6.95,8,13,1,1,43.31
25,2,9.56,18,17,6,0,86.02
54,4,9.7,3,12,6,1,93.84
28,2,11.29,2,8,3,0,103.68
73,2,11.08,5,12,6,1,240.0
56,4,6.25,8,11,5,1,66.58
65,3,9.15,9,15,5,0,132.66
80,5,7.15,8,18,3,0,76.1
41,5,8.2,16,7,0,0,49.68
51,2,8.44,9,11,2,1,149.72
71,5,7.17,5,9,2,0,73.82
78,3,7.71,15,15,3,0,136.85
29,2,5.67,16,18,3,0,60.16
19,5,8.86,10,7,0,0,28.19
66,1,10.07,19,12,0,1,240.0
41,1,7.44,6,9,4,0,200.35
45,1,11.82,3,7,2,0,240.0
15,1,4.46,9,17,4,0,51.04
3,1,8.71,20,9,1,0,27.56
11,2,8.67,13,8,5,0,36.19
53,4,4.29,16,16,5,0,45.72
46,4,5.8,13,18,0,0,51.9
30,2,11.24,19,18,2,0,121.78
57,2,8.36,12,18,2,0,163.12
18,3,7.49,1,14,4,0,24.53
51,4,7.32,8,9,3,0,65.65
48,1,11.11,2,17,3,0,240.0
66,2,6.94,3,13,0,1,156.21
8,1,10.87,11,16,6,0,62.74
22,4,6.47,14,12,5,1,34.22
6,5,8.25,19,13,3,1,19.35
76,5,5.15,7,17,1,0,52.79
57,2,10.6,17,13,2,1,207.6
36,3,9.89,4,16,3,0,81.9
79,1,8.24,1,7,0,0,240.0
57,2,4.21,8,10,1,1,87.64
49,3,7.85,13,10,5,1,92.7
45,1,5.8,0,11,5,1,174.72
66,4,7.31,19,16,4,0,91.58
77,5,10.85,3,11,4,1,114.39
45,3,10.16,16,14,1,0,108.64
79,1,5.94,9,10,0,1,240.0
20,2,11.88,1,7,6,0,76.94
64,1,11.23,5,11,4,1,240.0
67,2,8.23,18,7,2,0,186.82
3,5,8.24,8,18,5,0,5.72
54,5,11.21,18,9,5,0,87.36
78,1,9.09,18,14,2,0,240.0
64,1,8.29,8,16,5,0,240.0
40,2,9.99,2,11,5,1,135.21
59,2,5.88,5,13,5,1,117.01
55,3,11.03,5,7,0,0,134.27
62,3,8.25,16,12,0,1,119.04
4,3,8.83,12,18,6,0,15.82
60,1,4.72,12,14,2,0,186.97
75,3,6.48,6,12,0,1,115.41
30,1,7.41,8,10,1,1,153.35
2,5,7.31,17,17,0,0,11.58
62,4,10.23,0,14,5,0,102.19
49,5,6.26,19,14,2,0,50.46
9,1,5.46,12,12,6,1,42.32
31,1,8.66,7,14,3,0,175.7
61,4,8.92,20,18,6,0,99.96
79,2,4.97,8,12,0,1,133.94
48,2,4.02,0,10,4,1,71.39
25,2,11.34,8,17,1,0,94.57
36,3,4.64,19,18,6,0,42.46
8,2,11.18,10,12,1,1,41.46
73,3,7.19,19,15,1,0,124.78
58,3,9.22,3,14,4,0,118.27
45,2,5.48,15,13,4,1,90.54
62,2,10.59,13,11,1,1,224.02
39,4,5.44,19,13,1,1,47.66
58,4,7.09,20,7,1,0,78.61
64,3,5.9,17,14,0,0,89.13
44,4,10.7,8,11,5,1,83.5
29,3,10.87,0,13,4,1,73.74
59,1,6.98,2,13,2,1,240.0
71,3,6.46,19,14,6,0,108.1
9,3,10.19,0,13,5,1,25.16
6,4,11.03,2,12,0,1,17.83
29,1,8.99,13,18,2,0,174.12
58,5,11.42,13,12,0,1,96.05
17,5,7.06,12,11,0,1,22.17
16,5,5.22,0,11,2,1,18.98
3,1,5.44,14,10,1,1,22.1
21,2,9.36,19,13,5,1,79.2
64,1,7.26,6,18,2,0,240.0
36,4,5.25,15,17,3,0,37.22
62,3,6.34,19,9,4,0,94.46
42,3,8.24,20,11,3,1,88.63
76,4,4.97,0,9,5,0,66.11
42,4,4.03,14,14,0,0,35.3
61,3,11.34,19,11,2,1,164.73
13,2,6.44,14,17,1,0,34.25
11,2,5.77,18,16,5,0,29.79
54,2,9.59,5,12,1,1,176.16
16,4,10.83,5,7,6,0,30.59
8,3,9.06,0,17,6,0,18.51
59,3,6.04,15,10,3,1,87.06
57,3,10.89,17,15,6,0,145.42
40,1,8.08,12,11,3,1,222.42
59,1,7.05,11,7,0,0,240.0
2,5,8.84,17,10,4,1,11.31
76,1,9.6,9,18,0,0,240.0
10,2,8.75,13,12,5,1,37.61
44,2,11.36,19,13,1,1,177.74
11,2,9.02,10,13,5,1,43.02
79,2,11.03,17,14,6,0,240.0
80,5,8.7,11,11,2,1,101.41
2,2,6.64,16,12,3,1,15.64
50,4,8.26,2,17,1,0,66.73
12,4,4.69,20,17,6,0,15.38
23,4,5.84,0,8,0,0,24.65
18,1,10.13,0,18,4,0,118.34
62,3,9.29,5,16,2,0,125.19
62,5,5.33,18,18,4,0,52.59
38,4,7.5,3,8,0,0,48.02
67,4,5.14,12,9,0,0,60.12
38,2,10.85,11,10,1,1,141.7
67,4,4.87,7,12,6,1,62.74
61,2,9.23,19,12,2,1,196.91
1,2,8.86,6,9,5,0,4.59
45,3,7.78,20,7,0,0,85.09
28,1,6.23,6,9,1,0,115.66
21,2,7.23,6,10,0,1,52.99
13,2,10.45,13,15,1,0,52.53
27,3,10.09,17,16,4,0,66.8
7,2,9.91,18,14,1,0,31.24
22,5,10.0,19,10,5,1,43.22
74,1,5.15,18,13,4,1,240.0
53,5,4.79,17,15,3,0,41.91
79,4,10.89,5,8,0,0,140.12
79,1,10.7,15,9,3,0,240.0
4,4,9.45,2,7,2,0,7.01
23,2,8.85,20,14,3,0,72.49
70,3,6.93,1,8,6,0,106.56
76,5,5.79,14,13,1,1,69.52
33,4,9.34,19,13,1,1,63.77
28,2,11.3,10,17,2,0,106.16
8,5,7.5,18,9,2,0,17.22
1,5,6.43,17,8,0,0,11.39
37,4,6.17,10,9,6,0,41.66
63,2,4.19,2,18,1,0,88.38
22,3,8.16,3,14,6,0,41.26
70,4,11.91,5,18,6,0,134.19
21,5,10.52,11,15,2,0,33.19
35,5,11.18,20,17,6,0,61.91
79,1,8.97,3,14,5,0,240.0
5,2,7.85,11,17,6,0,20.14
60,1,11.92,3,8,3,0,240.0
46,3,7.58,1,18,6,0,77.35
50,4,11.33,11,15,1,0,96.89
48,5,10.09,12,12,6,1,73.63
6,2,6.65,15,18,5,0,18.42
56,5,8.02,3,8,6,0,61.62
59,1,7.07,7,15,2,0,240.0
29,1,5.09,4,11,6,1,99.52
71,4,6.85,13,12,0,1,89.07
77,2,11.11,14,7,6,0,240.0
18,2,10.02,10,18,5,0,63.23
2,4,6.22,9,8,4,0,5.9
8,1,6.94,9,7,6,0,39.07
75,1,8.93,5,10,1,1,240.0
54,1,7.33,15,8,6,0,240.0
38,5,8.02,20,7,1,0,53.65
48,3,9.59,3,9,6,0,101.97
27,1,7.74,8,10,1,1,141.01
20,3,5.53,9,10,1,1,32.5
12,3,8.16,4,9,4,0,25.27
43,2,6.85,9,8,4,0,101.08
61,4,6.33,15,18,5,0,67.5
31,5,6.62,10,14,5,0,32.98
61,3,7.51,5,16,0,0,101.82
74,5,11.09,6,17,1,0,110.11
67,2,9.87,11,8,2,0,224.12
35,1,9.34,12,11,6,1,222.44
15,3,7.77,16,13,3,1,35.85
16,4,4.01,8,15,1,0,10.97
13,2,6.72,7,18,5,0,30.5
35,5,10.51,15,9,4,0,53.82
75,1,7.11,20,7,0,0,240.0
59,5,8.51,2,15,1,0,67.61
21,4,5.64,4,7,6,0,22.26
54,3,11.33,20,14,0,0,142.51
75,4,11.39,12,8,2,0,142.82
30,5,5.17,17,13,2,1,33.16
48,5,9.79,20,18,2,0,72.35
35,4,4.6,15,9,2,0,37.2
38,4,8.79,13,12,3,1,65.47
31,4,5.43,10,12,0,1,37.28
78,1,5.17,17,10,1,1,240.0
24,5,4.03,7,14,3,0,15.69
49,2,11.53,11,18,1,0,190.68
32,1,10.63,18,18,4,0,230.0
55,1,4.62,19,11,6,1,178.37
79,1,8.8,1,13,5,1,240.0
58,2,5.86,8,11,3,1,117.87
3,4,6.11,8,18,5,0,7.65
80,5,10.99,13,10,3,1,126.04
69,3,4.91,14,12,5,1,82.97
10,3,8.81,10,9,6,0,24.51
25,5,7.21,12,12,5,1,31.64
68,2,5.53,4,12,4,1,129.47
61,3,7.62,5,17,5,0,106.15
29,1,11.52,4,17,3,0,220.25
19,3,10.25,0,12,5,1,45.56
43,5,5.06,17,17,0,0,38.84
66,1,10.8,7,9,6,0,240.0
74,3,11.5,16,14,5,0,192.99
61,5,6.22,10,10,2,1,63.98
43,2,6.67,10,17,6,0,96.46
25,5,5.01,2,8,6,0,16.63
20,2,6.76,7,13,5,1,51.0
48,1,9.39,7,17,1,0,240.0
24,5,6.18,20,14,4,0,27.78
11,4,4.05,20,17,2,0,17.3
55,4,6.71,2,10,3,1,68.19
28,4,7.63,9,12,0,1,44.18
69,4,8.53,18,14,5,0,106.88
63,4,9.47,13,11,5,1,109.12
59,2,4.49,17,15,3,0,95.29
5,5,7.76,2,12,4,1,6.46
51,1,6.13,19,12,3,1,219.94
21,4,11.58,13,18,0,0,48.08
12,4,6.88,10,8,6,0,18.98
50,1,4.8,9,13,5,1,161.94
4,1,4.33,13,15,6,0,14.84
42,4,6.12,0,11,3,1,43.37
38,2,5.43,15,11,6,1,77.18
25,1,9.2,5,18,3,0,152.73
14,5,10.78,17,17,5,0,27.62
75,5,6.5,15,11,3,1,75.06
32,2,8.62,18,7,5,0,99.76
11,3,9.84,15,11,3,1,37.57
61,2,7.19,4,16,6,0,143.28
18,4,4.53,11,14,0,0,15.42
27,3,5.83,5,9,1,0,35.0
55,4,11.06,1,15,2,0,100.55
54,5,10.6,15,15,4,0,83.59
75,1,4.69,20,12,6,1,240.0
21,4,5.79,10,10,1,1,27.37
44,5,10.15,11,10,0,1,68.21
5,2,7.89,10,17,4,0,20.86
41,4,10.08,19,7,4,0,78.16
59,5,5.69,18,16,5,0,49.13
54,1,11.62,7,11,5,1,240.0
74,4,10.27,17,11,6,1,135.33
22,5,5.58,4,11,3,1,18.97
65,4,8.47,11,18,2,0,97.9
64,1,4.9,9,7,5,0,205.57
71,4,6.89,14,7,2,0,86.29
4,4,9.28,4,16,0,0,10.65
65,5,6.64,16,18,5,0,62.35
15,3,9.25,3,8,1,0,31.5
76,4,5.96,11,7,3,0,80.09
22,3,9.77,17,14,2,0,53.47
47,2,6.88,7,18,3,0,107.44
46,4,10.32,19,18,1,0,87.24
14,3,5.09,16,10,4,1,28.71
50,2,6.9,7,12,1,1,121.2
20,5,7.71,12,14,4,0,24.11
50,4,7.39,2,11,1,1,61.8
33,5,7.46,2,12,3,1,38.71
59,2,7.56,6,10,1,1,154.46
43,5,11.91,17,12,5,1,84.27
79,5,5.55,20,12,2,1,77.26
12,1,10.15,6,9,2,0,85.69
40,2,8.41,1,10,0,1,111.76
20,5,7.31,6,12,6,1,25.62
38,3,9.07,1,14,5,0,76.47
3,2,10.83,6,13,2,1,18.49
28,1,7.73,13,10,2,1,150.85
56,4,10.92,14,9,4,0,109.02
13,5,4.75,15,17,5,0,14.53
77,3,9.22,7,14,3,0,157.77
66,1,6.67,15,12,3,1,240.0
37,2,7.09,20,18,4,0,96.22
49,5,8.57,6,14,2,0,58.69
66,1,7.84,10,15,1,0,240.0
36,1,7.05,3,15,4,0,160.87
54,3,6.47,17,16,3,0,83.27
26,4,8.95,12,17,0,0,44.31
75,4,8.04,16,15,3,0,106.98
72,4,6.59,11,16,1,0,81.38
40,2,5.64,17,7,3,0,82.4
43,1,10.2,9,18,4,0,240.0
22,2,10.4,6,9,0,0,76.03
20,1,5.71,11,15,3,0,79.4
8,3,6.09,11,10,4,1,17.66
29,3,5.91,12,16,6,0,39.22
40,2,11.08,0,18,4,0,146.48
30,2,10.19,6,8,6,0,102.75
55,3,4.6,15,7,4,0,61.64
16,5,10.66,15,11,0,1,34.43
46,4,4.29,20,10,4,1,47.0
62,4,6.03,15,11,0,1,76.29
7,3,11.35,15,17,5,0,27.39
80,4,10.91,13,11,6,1,153.03
45,5,10.25,10,14,1,0,69.25
59,5,7.66,18,12,1,1,71.57
56,1,6.57,10,9,1,0,240.0
48,2,11.05,1,15,5,0,171.82
27,4,9.26,6,14,4,0,43.74
53,5,6.36,8,15,0,0,49.16
73,2,7.71,8,10,5,1,191.35
35,2,11.05,13,14,1,0,132.78
51,1,11.23,9,17,2,0,240.0
37,2,9.27,15,9,1,0,121.58
57,2,9.86,17,11,4,1,195.35
8,3,4.31,0,13,6,1,10.28
79,1,8.84,1,7,5,0,240.0
20,1,9.51,19,7,2,0,135.72
53,4,4.16,3,9,5,0,39.04
12,2,10.75,1,10,3,1,46.21
49,4,11.43,3,7,2,0,90.96
17,5,5.9,5,14,3,0,14.44
64,2,10.77,3,8,2,0,225.49
42,5,9.32,17,17,0,0,59.22
29,3,8.65,4,11,2,1,58.89
19,2,10.75,10,12,1,1,77.28
11,4,6.28,12,17,6,0,16.09
50,4,10.33,2,12,3,1,87.12
71,2,6.52,18,12,3,1,163.05
58,4,10.3,19,17,5,0,107.51
34,2,7.61,10,7,1,0,87.25
20,1,4.94,10,9,0,0,69.32
50,4,7.05,20,9,2,0,66.41
10,2,5.87,1,14,0,0,18.92
32,2,4.8,14,12,1,1,60.9
52,4,4.88,7,8,6,0,45.92
15,1,10.24,1,7,2,0,100.36
3,4,11.05,7,10,1,1,18.13
37,2,11.42,19,7,3,0,148.21
40,1,10.83,14,11,3,1,240.0
72,5,10.64,15,18,3,0,106.48
40,3,4.55,12,17,4,0,44.42
56,4,10.32,16,14,4,0,103.93
23,2,10.27,13,16,3,0,80.1
11,1,5.05,13,8,6,0,44.86
64,1,9.3,0,14,4,0,240.0
8,5,7.62,0,14,6,0,7.69
56,4,11.2,2,12,4,1,109.23
60,1,9.56,14,14,5,0,240.0
10,5,11.61,4,8,1,0,16.91
39,2,4.84,4,13,5,1,68.36
28,5,4.32,3,18,6,0,16.48
49,4,11.79,13,14,2,0,101.81
36,5,4.64,19,10,3,1,34.29
13,1,7.09,6,15,5,0,63.46
36,1,9.2,14,17,5,0,227.56
26,3,11.04,10,12,4,1,72.15
4,5,6.04,13,18,1,0,11.81
64,2,4.23,5,9,1,0,92.31
38,4,8.17,9,10,5,1,54.99
22,3,7.77,6,18,2,0,39.85
2,5,6.46,9,10,6,1,12.92
31,2,10.99,13,7,1,0,114.85
11,3,9.99,4,16,0,0,25.46
46,1,10.86,0,7,0,0,240.0
62,4,5.29,18,7,3,0,60.04
69,5,9.54,7,10,5,1,95.38
64,2,11.8,18,7,2,0,240.0
10,1,8.9,16,12,5,1,70.99
40,3,5.37,18,8,0,0,57.0
24,4,11.97,15,7,6,0,55.8
44,3,8.23,3,13,2,1,82.08
60,3,10.72,7,12,6,1,149.21
62,2,5.19,3,7,3,0,104.67
17,1,9.33,12,18,1,0,105.97
65,5,11.3,6,16,1,0,96.53
57,2,8.26,0,18,1,0,151.35
55,4,6.31,8,15,0,0,61.91
53,3,5.02,3,12,6,1,65.18
56,4,6.37,13,8,2,0,64.76
9,2,6.84,8,13,0,1,26.09
22,2,9.68,2,9,4,0,69.16
13,5,5.43,14,13,2,1,20.0
48,3,4.85,4,15,3,0,49.98
18,2,7.1,0,11,6,1,43.32
76,4,7.67,10,7,0,0,99.71
40,5,9.03,18,11,1,1,59.54
17,4,9.66,4,14,1,0,26.48
15,3,11.11,16,14,1,0,46.71
15,5,6.31,18,9,0,0,19.91
79,5,8.23,16,10,6,1,94.14
63,5,6.93,4,18,0,0,61.33
39,1,4.01,19,14,1,0,111.76
13,5,8.64,8,14,1,0,18.03
32,4,10.53,5,13,1,1,59.85
9,4,4.29,20,12,4,1,19.54
40,3,4.03,12,10,0,1,43.46
20,2,9.82,20,16,1,0,72.79
77,2,9.47,10,15,3,0,240.0
80,1,7.25,0,8,1,0,240.0
73,5,9.29,16,8,6,0,91.02
63,1,11.63,5,7,0,0,240.0
76,3,5.98,2,17,3,0,97.04
44,3,5.97,15,18,6,0,61.21
38,2,5.49,12,9,5,0,76.23
60,3,9.79,11,9,5,0,131.83
71,5,6.83,10,10,5,1,72.73
48,4,11.91,1,9,6,0,95.08
18,3,9.72,18,16,0,0,48.77
16,1,6.94,7,12,0,1,80.7
55,5,5.19,12,15,6,0,41.77
39,3,8.74,13,14,0,0,77.76
68,3,6.36,14,12,2,1,108.3
59,5,11.24,16,14,6,0,94.47
62,3,7.53,14,14,3,0,109.08
13,4,6.34,20,16,4,0,22.42
6,2,8.71,9,12,4,1,26.14
77,5,5.1,0,8,2,0,50.21
60,1,8.49,11,11,0,1,240.0
14,3,4.45,8,10,4,1,18.8
54,2,8.86,4,18,3,0,158.39
4,1,8.24,14,12,6,1,27.8
39,1,8.17,2,8,1,0,210.37
72,4,9.47,18,10,6,1,127.63
25,2,4.36,6,14,3,0,37.53
77,5,7.68,6,7,0,0,81.65
32,2,7.55,6,9,3,0,80.75
59,2,7.68,1,10,5,1,151.75
63,1,11.84,1,8,0,0,240.0
38,4,5.11,11,18,3,0,36.21
53,4,9.52,4,8,2,0,83.14
67,2,7.22,3,12,6,1,158.89
28,2,8.09,6,12,3,1,81.28
3,3,10.1,15,9,6,0,10.3
80,1,5.26,2,14,5,0,240.0
22,5,10.11,20,18,4,0,35.36
38,5,4.56,1,9,1,0,22.28
72,4,7.87,16,8,2,0,100.6
72,1,9.94,8,11,3,1,240.0
62,4,5.54,19,13,0,1,69.22
57,5,10.17,7,7,2,0,78.27
6,2,5.33,11,8,4,0,13.65
78,1,10.39,6,8,1,0,240.0
32,1,7.75,13,14,5,0,170.04
10,3,9.48,15,16,1,0,28.96
3,2,11.34,0,12,3,1,13.24
59,2,7.27,9,10,5,1,143.82
76,4,5.86,10,10,4,1,84.65
49,1,10.94,6,11,4,1,240.0
59,4,5.29,17,9,1,0,59.2
31,2,9.05,18,18,1,0,98.43
69,3,11.39,13,10,4,1,178.58
62,1,9.4,16,18,6,0,240.0
52,2,5.57,18,10,1,1,108.85
41,3,5.22,12,13,0,1,57.69
31,5,6.02,2,13,1,1,30.46
22,2,7.13,1,7,0,0,49.43
4,5,5.27,8,18,5,0,7.08
13,4,10.38,6,9,1,0,25.59
45,5,6.86,13,15,2,0,43.8
42,2,11.49,4,12,2,1,158.66
49,5,10.74,19,12,6,1,82.02
20,1,11.27,14,10,6,1,155.86
77,2,6.36,19,16,5,0,166.08
54,3,8.59,0,15,5,0,96.48
36,5,6.57,19,18,6,0,38.84
1,1,6.06,6,9,2,0,10.09
15,4,8.86,4,14,5,0,25.32
77,4,10.54,3,12,0,1,140.31
17,5,4.75,10,18,6,0,14.02
24,4,6.21,18,8,0,0,35.36
58,3,5.64,5,9,3,0,75.85
72,2,10.39,19,7,3,0,240.0
23,1,11.47,17,9,1,0,179.46
46,5,4.64,4,10,0,1,32.79
72,4,7.03,19,12,6,1,95.58
8,2,11.32,14,16,2,0,36.62
59,3,6.76,20,13,2,1,97.8
59,4,9.7,19,9,6,0,101.35
13,4,4.81,5,17,2,0,14.89
39,1,7.56,3,13,1,1,196.03
28,3,8.03,16,10,0,1,60.86
61,3,10.06,14,7,5,0,140.91
16,5,6.31,17,7,1,0,24.11
2,1,6.11,5,14,5,0,11.65
17,5,6.42,19,16,4,0,25.55
30,1,8.45,18,13,4,1,178.64
13,3,11.01,11,10,3,1,41.09
13,1,10.65,8,7,5,0,95.74
43,1,4.46,7,12,0,1,127.5
21,1,11.03,14,17,5,0,158.97
55,2,4.76,0,18,5,0,80.93
40,2,7.32,1,17,2,0,94.63
15,3,10.12,2,16,0,0,35.68
73,1,4.65,18,13,6,1,233.32
52,3,4.32,9,12,5,1,57.03
74,2,6.64,13,18,5,0,166.67
53,1,9.84,18,12,5,1,240.0
52,5,8.17,10,14,3,0,55.89
30,2,7.34,20,12,6,1,84.12
33,2,10.5,5,8,2,0,117.9
57,2,10.13,18,13,1,1,200.15
52,1,10.29,13,16,2,0,240.0
9,4,7.68,7,10,5,1,20.1
54,5,4.16,1,17,5,0,27.21
1,5,5.38,17,17,6,0,10.96
44,3,9.93,3,9,4,0,95.43
75,1,10.03,2,14,1,0,240.0
80,2,11.78,1,16,5,0,240.0
9,4,5.52,3,18,6,0,10.58
32,1,4.98,17,18,2,0,111.45
15,1,5.11,10,11,6,1,59.37
12,4,5.48,8,10,1,1,17.94
78,2,8.23,7,17,4,0,212.04
57,1,11.8,20,10,4,1,240.0
8,5,8.72,7,11,0,1,15.87
72,5,8.18,4,18,5,0,76.85
27,4,9.39,12,10,6,1,49.22
62,2,4.59,6,9,4,0,98.99
12,4,10.52,20,10,4,1,34.88
65,1,9.18,4,16,4,0,240.0
42,5,5.37,12,11,5,1,39.09
62,3,9.05,19,18,6,0,133.04
11,4,8.77,15,8,3,0,19.84
43,3,4.52,13,13,6,1,53.73
17,3,6.14,4,11,6,1,28.49
32,5,7.13,18,15,6,0,35.11
40,4,5.96,3,12,4,1,42.96
23,3,5.95,10,17,6,0,34.21
56,1,8.58,1,7,0,0,240.0
6,2,7.77,12,15,1,0,19.62
50,2,9.34,15,11,3,1,163.73
37,5,11.65,8,15,1,0,60.51
64,4,9.28,15,7,1,0,104.88
54,4,8.66,6,8,6,0,77.64
72,2,10.78,15,9,6,0,240.0
49,1,9.06,12,18,0,0,240.0
11,2,5.32,4,11,6,1,24.14
49,2,6.52,14,12,3,1,114.35
21,4,9.87,6,11,5,1,41.38
66,3,9.91,17,7,2,0,150.78
63,1,11.9,19,10,4,1,240.0
28,4,9.02,1,12,1,1,47.41
17,2,11.2,7,10,1,1,68.94
6,3,4.44,9,10,0,1,15.62
19,1,8.53,9,11,5,1,116.56
56,5,11.36,10,14,0,0,86.68
28,1,6.3,20,11,0,1,127.87
66,1,5.24,20,13,3,1,236.55
38,2,6.8,7,14,6,0,85.58
37,2,10.34,15,12,5,1,137.17
68,5,4.68,15,12,6,1,54.18
49,5,8.8,16,8,6,0,60.36
43,5,5.09,5,16,4,0,28.89
36,4,7.48,17,11,3,1,59.01
58,4,11.73,16,7,0,0,116.85
13,2,5.56,11,15,6,0,28.45
52,2,4.27,14,13,0,1,83.23
58,5,7.42,6,8,5,0,59.25
32,4,8.62,13,12,5,1,52.39
60,3,6.38,3,16,6,0,84.75
58,4,8.33,16,15,1,0,80.69
56,2,11.63,10,18,3,0,215.34
28,4,6.49,5,11,6,1,35.3
1,2,6.48,9,9,3,0,3.33
42,5,7.86,14,17,5,0,51.22
48,5,8.12,5,16,4,0,51.33
40,5,4.01,15,17,3,0,31.69
63,3,8.93,11,10,5,1,132.2
76,3,11.98,18,9,4,0,205.76
72,2,6.34,15,7,2,0,157.31
80,1,9.05,13,16,5,0,240.0
4,3,4.04,5,17,4,0,6.35
38,2,8.83,8,13,0,1,114.52
27,4,7.58,0,14,2,0,34.88
9,5,8.24,7,8,6,0,12.22
16,5,8.35,6,14,1,0,16.14
56,5,5.42,13,18,1,0,43.2
76,2,10.16,7,15,1,0,240.0
31,5,8.44,10,13,0,1,43.68
14,3,6.16,8,17,6,0,19.54
25,4,11.5,18,7,5,0,51.97
34,5,4.1,6,10,1,1,24.24
67,2,9.81,5,13,4,1,223.3
24,4,7.05,17,12,5,1,38.9
73,5,8.18,4,17,0,0,80.05
26,1,6.33,18,14,3,0,110.68
20,5,6.57,10,12,0,1,31.47
64,3,4.12,4,16,6,0,56.91
10,4,9.84,8,12,0,1,24.16
67,3,9.69,7,16,3,0,140.44
24,1,9.23,10,12,6,1,153.79
5,1,11.02,5,13,4,1,41.1
67,3,11.21,14,11,2,1,174.18
58,4,8.45,5,18,3,0,81.53
27,1,9.48,10,17,0,0,172.3
80,1,4.09,14,15,1,0,221.75
15,5,10.77,11,13,3,1,27.66
35,2,10.53,8,7,3,0,127.09
76,1,4.16,9,17,2,0,208.55
53,4,8.34,14,18,6,0,79.71
44,4,11.25,16,18,0,0,86.64
26,5,5.45,15,15,1,0,26.15
47,4,6.82,7,17,1,0,54.82
34,5,6.65,16,12,2,1,45.33
50,1,6.85,10,17,5,0,226.05
12,1,4.34,10,14,1,0,42.04
4,1,6.23,5,15,4,0,16.66
48,1,6.36,1,17,3,0,202.12
55,2,10.93,0,17,3,0,197.32
1,2,6.82,19,8,1,0,10.96
66,1,7.58,5,8,1,0,240.0
30,4,7.05,4,11,1,1,40.68
3,5,4.97,8,11,3,1,9.94
21,3,11.92,4,18,1,0,57.04
49,5,10.61,17,16,4,0,76.32
62,3,8.33,18,16,4,0,118.89
38,3,7.81,14,8,3,0,70.23
15,1,9.19,14,16,5,0,97.16
52,3,6.61,8,10,0,1,80.31
79,1,4.4,13,15,6,0,231.38
46,2,7.23,4,10,0,1,115.14
25,4,11.87,16,7,0,0,56.7
21,3,5.46,14,11,4,1,35.25
5,4,8.22,19,8,6,0,18.21
70,1,4.07,16,12,2,1,199.12
47,3,4.98,8,7,6,0,53.53
68,5,8.7,12,13,0,1,88.23
18,2,6.38,12,13,2,1,45.53
21,2,11.25,4,10,3,1,83.3
23,3,7.25,13,15,6,0,43.13
64,2,5.66,6,9,4,0,120.73
67,5,8.36,4,11,5,1,78.28
40,4,10.36,11,11,0,1,76.95
10,5,4.16,2,14,4,0,6.38
52,2,8.04,8,16,3,0,135.32
72,4,10.19,9,16,4,0,126.49
75,5,4.83,0,10,1,1,52.34
61,1,11.22,13,7,0,0,240.0
64,1,6.12,0,17,4,0,240.0
5,4,5.36,9,11,5,1,11.81
53,4,8.71,10,7,4,0,74.65
55,4,5.4,19,9,4,0,58.44
37,1,9.44,1,12,3,1,228.31
56,5,7.92,1,7,0,0,55.48
59,4,4.88,10,16,5,0,49.61
69,1,11.3,7,9,0,0,240.0
73,4,9.39,2,13,1,1,116.72
59,4,8.37,8,8,1,0,86.36
2,4,6.99,15,12,6,1,11.31
65,1,5.08,15,13,4,1,224.66
60,5,9.66,9,18,0,0,82.41
51,1,10.51,5,18,6,0,240.0
30,1,5.01,19,8,6,0,107.81
11,4,7.96,19,17,0,0,23.65
76,3,7.88,19,17,4,0,140.06
39,3,6.8,10,11,2,1,66.52
77,3,10.31,7,16,0,0,175.7
72,1,4.8,19,18,4,0,235.06
63,4,5.64,0,16,4,0,55.92
64,3,4.01,5,7,6,0,58.48
61,2,6.98,7,9,2,0,137.98
54,2,6.33,13,7,1,0,117.6
73,2,10.94,2,18,5,0,240.0
58,5,9.97,1,9,4,0,77.3
56,4,4.68,0,10,0,1,43.79
34,1,9.93,10,18,1,0,224.84
31,1,9.4,20,18,1,0,200.65
52,4,6.25,5,11,1,1,60.8
76,5,4.12,7,10,4,1,46.9
1,4,4.92,6,10,0,1,7.09
55,5,6.0,5,15,5,0,46.23
22,3,10.53,17,15,2,0,56.39
40,3,7.72,11,15,3,0,71.51
1,5,11.35,7,17,3,0,3.23
65,4,10.31,20,11,1,1,119.28
63,3,6.3,18,17,6,0,97.93
54,4,10.76,4,11,3,1,100.47
42,3,4.93,18,8,6,0,51.77
21,4,4.29,8,12,3,1,17.95
79,4,8.87,11,8,4,0,120.01
22,2,6.73,14,16,2,0,51.99
38,5,6.64,12,11,3,1,41.46
80,1,9.5,12,17,6,0,240.0
8,5,10.8,20,18,5,0,18.75
62,4,6.58,20,18,5,0,79.6
47,4,6.6,4,11,2,1,54.36
17,5,8.27,1,10,3,1,20.29
17,4,9.23,18,11,5,1,38.95
13,3,5.62,7,13,1,1,22.62
17,4,11.3,13,16,1,0,41.58
38,5,9.24,5,8,5,0,50.96
78,5,9.0,6,7,2,0,97.26
45,5,11.23,13,10,6,1,77.3
6,2,11.26,5,13,2,1,29.8
35,2,5.08,15,7,2,0,64.54
14,2,5.16,3,10,2,1,30.33
72,2,10.1,6,12,0,1,240.0
61,2,11.66,15,12,1,1,240.0
15,2,9.33,3,7,3,0,44.2
54,2,7.29,6,13,0,1,134.06
27,5,9.47,20,11,2,1,48.36
13,1,5.83,1,12,3,1,55.95
31,2,11.98,7,7,1,0,125.1
35,5,7.45,9,13,2,1,45.14
60,1,11.45,1,10,4,1,240.0
6,2,7.45,5,9,2,0,18.08
69,1,11.43,3,18,3,0,240.0
58,1,6.69,20,17,1,0,240.0
49,3,10.08,0,10,6,1,109.39
23,4,11.61,5,15,2,0,44.75
34,3,9.17,11,11,1,1,78.76
26,1,9.42,13,18,0,0,166.19
47,5,4.82,14,11,4,1,38.78
5,2,7.79,17,14,5,0,18.14
20,4,11.09,16,13,5,1,46.29
6,2,5.93,8,9,0,0,15.42
70,5,10.31,14,7,5,0,98.4
59,4,9.41,17,18,4,0,99.21
64,3,5.78,20,17,6,0,87.95
18,1,6.26,17,8,0,0,81.36
4,5,7.42,4,9,1,0,6.51
17,1,5.0,15,17,6,0,61.78
14,1,11.31,8,7,1,0,109.04
78,2,9.91,2,7,0,0,240.0
13,5,6.92,11,14,6,0,15.34
7,1,6.4,13,14,3,0,33.36
44,3,9.52,0,8,0,0,93.86
15,4,7.39,8,14,2,0,24.21
19,5,5.83,8,17,3,0,17.69
63,2,7.44,19,8,1,0,162.41
35,5,10.97,12,17,0,0,55.34
35,2,4.55,7,11,6,1,60.56
19,4,6.95,10,7,3,0,26.79
20,3,11.7,13,15,6,0,53.17
35,1,4.12,15,10,2,1,107.52
32,5,11.13,10,16,4,0,54.0
48,2,7.0,18,17,1,0,117.25
44,4,5.52,9,8,3,0,44.59
24,1,4.12,7,7,5,0,69.94
61,4,4.56,10,12,3,1,61.0
17,3,5.37,7,17,6,0,24.33
71,1,4.2,19,14,5,0,204.03
50,1,6.69,9,10,3,1,227.65
65,1,4.36,16,7,0,0,194.13
32,2,9.54,10,7,1,0,105.28
36,1,10.55,11,12,1,1,240.0
13,4,11.1,9,8,0,0,28.3
70,2,8.39,19,11,0,1,204.96
58,1,11.57,16,8,5,0,240.0
14,4,4.05,2,15,5,0,11.49
37,4,5.07,6,8,5,0,31.22
79,5,6.35,2,11,6,1,72.85
68,4,10.31,16,10,0,1,124.33
40,3,11.08,7,17,6,0,101.41
59,1,8.95,20,7,6,0,240.0
80,1,7.07,18,16,2,0,240.0
16,1,9.33,13,15,3,0,106.3
62,4,5.45,4,9,2,0,58.04
4,4,7.66,18,16,1,0,12.72
45,1,8.06,12,14,0,0,240.0
28,2,4.84,17,10,3,1,55.09
66,2,4.27,10,17,5,0,94.31
31,3,10.0,11,15,4,0,71.64
3,5,8.28,7,11,6,1,10.63
8,3,6.66,11,8,3,0,15.77
24,1,7.5,0,14,4,0,116.47
15,1,11.66,17,10,3,1,125.07
43,1,7.08,1,8,0,0,198.41
31,5,4.83,11,12,4,1,28.51
73,4,7.71,18,7,4,0,97.43
45,5,9.18,6,14,1,0,56.63
66,3,4.1,6,15,3,0,60.03
8,4,6.66,0,13,2,1,10.85
71,4,7.15,17,15,5,0,89.17
57,3,7.71,7,8,2,0,99.07
80,4,6.41,9,17,1,0,88.63
30,2,9.34,0,7,1,0,91.32
74,3,11.56,14,13,1,1,197.8
18,3,11.31,14,10,0,1,55.11
69,2,9.32,3,16,0,0,210.76
39,5,8.06,9,14,0,0,43.66
60,5,10.61,7,9,0,0,87.25
43,5,10.69,13,13,1,1,69.97
45,4,10.64,12,13,1,1,89.06
23,2,5.26,20,17,6,0,49.13
69,3,4.2,16,16,0,0,70.8
6,3,11.87,6,15,0,0,16.85
56,3,11.68,5,17,4,0,143.9
4,4,8.52,8,10,3,1,17.6
23,4,11.94,19,16,4,0,50.42
6,5,10.16,19,7,3,0,16.52
32,4,8.14,7,13,0,1,51.39
18,5,7.11,13,16,0,0,21.71
15,5,8.74,19,18,5,0,26.76
40,3,8.13,2,12,0,1,75.26
73,4,11.95,12,17,4,0,149.46
74,5,7.92,20,7,1,0,85.7
6,2,10.69,8,15,3,0,21.55
63,2,10.51,20,16,6,0,228.57
67,4,4.57,8,14,5,0,53.5
11,3,4.7,10,16,4,0,16.52
43,3,9.28,5,10,5,1,92.05
17,5,6.07,11,11,0,1,23.25
4,4,9.26,3,14,1,0,9.48
63,2,5.16,3,8,6,0,106.86
68,5,7.18,16,12,4,1,73.91
41,5,4.82,6,16,3,0,26.08
5,1,6.26,5,8,5,0,25.19
32,4,4.71,19,18,5,0,33.11
70,5,11.76,7,17,5,0,111.62
35,2,7.16,6,14,0,0,85.83
22,1,11.21,7,11,3,1,167.35
65,2,11.77,8,18,5,0,240.0
22,3,11.28,0,16,0,0,53.79
11,1,7.64,2,9,0,0,57.24
77,1,10.23,17,8,2,0,240.0
3,5,5.23,18,10,3,1,14.63
9,3,4.76,10,14,6,0,14.87
60,5,11.02,15,7,1,0,94.08
76,4,4.25,17,16,0,0,62.23
14,2,11.78,5,9,1,0,53.44
18,2,9.38,1,7,4,0,54.72
73,5,7.36,3,8,0,0,72.16
23,2,5.13,4,16,5,0,37.75
74,2,9.79,20,17,0,0,240.0
47,4,8.5,13,13,5,1,72.32
69,3,9.69,0,7,0,0,142.59
47,1,7.34,13,15,5,0,229.31
30,5,4.53,20,14,1,0,26.01
25,5,6.52,12,7,2,0,28.19
28,4,6.52,15,16,6,0,37.34
25,4,4.07,3,7,3,0,16.26
74,1,4.08,5,8,0,0,202.9
78,3,6.65,8,8,3,0,117.89
58,5,9.82,0,12,5,1,78.56
41,4,8.99,16,7,3,0,69.34
25,5,5.91,3,10,5,1,25.51
78,2,8.82,5,13,3,1,230.48
48,5,9.18,15,18,5,0,65.79
10,3,8.18,6,15,1,0,20.64
75,3,8.17,4,16,5,0,136.1
11,5,6.96,8,9,3,0,14.11
21,2,4.99,18,10,4,1,46.5
45,3,7.08,0,11,6,1,76.29
7,4,6.76,7,11,5,1,15.36
64,5,8.74,19,8,1,0,81.72
64,2,10.85,3,11,1,1,229.46
2,4,7.0,16,16,4,0,8.28
76,5,9.68,0,7,2,0,95.73
42,2,10.49,1,13,2,1,146.96
54,4,5.69,20,11,5,1,62.45
75,3,11.21,13,12,0,1,195.25
16,5,4.56,1,15,2,0,12.07
18,5,11.21,0,9,6,0,24.24
59,3,5.31,12,7,0,0,73.19
16,1,6.7,7,14,6,0,69.93
6,4,8.84,8,8,3,0,11.63
57,3,11.25,19,8,0,0,147.08
47,5,6.05,20,16,2,0,46.64
48,4,10.11,1,10,0,1,81.59
42,4,9.68,16,11,1,1,74.52
76,1,5.28,5,7,6,0,240.0
60,5,7.84,2,17,2,0,64.67
77,2,7.85,19,9,6,0,204.68
4,1,6.44,16,17,0,0,28.62
2,1,10.24,5,14,2,0,14.14
59,2,11.41,7,12,6,1,226.45
27,2,9.73,13,9,4,0,92.53
27,1,11.78,9,18,2,0,209.16
79,4,4.4,19,13,6,1,66.67
72,3,4.3,9,17,4,0,73.75
7,3,11.15,14,12,0,1,30.1
63,1,11.18,7,11,4,1,240.0
46,4,4.86,10,14,2,0,39.69
63,2,6.86,15,14,1,0,148.7
12,1,10.68,2,9,4,0,84.38
13,5,5.03,14,14,2,0,15.3
43,4,6.14,12,16,1,0,48.14
17,5,9.45,10,15,3,0,27.44
63,5,11.86,13,18,5,0,108.89
36,1,10.38,6,16,4,0,240.0
8,4,10.22,18,9,4,0,22.64
69,5,6.74,14,17,0,0,66.15
80,4,9.29,5,14,3,0,124.62
36,3,4.9,19,14,0,0,42.8
28,5,11.94,6,18,0,0,45.8
47,5,7.84,13,13,2,1,59.13
76,4,9.11,3,14,6,0,114.5
30,3,11.01,8,7,0,0,75.37
23,5,4.01,6,9,6,0,11.3
16,1,11.81,14,12,4,1,136.82
14,4,6.87,2,18,0,0,17.09
74,4,6.72,4,13,1,1,86.76
71,5,5.16,16,13,4,1,62.14
52,3,10.87,0,17,5,0,124.89
37,5,10.97,0,12,2,1,56.34
29,2,4.16,15,18,0,0,46.19
67,5,4.45,13,18,1,0,46.21
15,2,11.35,10,18,5,0,62.8
47,1,4.98,13,17,6,0,160.61
46,4,8.97,7,10,1,1,72.62
52,4,8.96,18,11,4,1,86.54
19,3,10.96,1,15,0,0,43.89
77,5,8.58,9,7,1,0,91.48
21,1,7.47,4,8,0,0,103.2
64,2,11.8,14,11,4,1,240.0
37,3,5.83,0,11,3,1,48.14
27,1,6.1,1,18,1,0,105.9
55,1,4.68,18,13,2,1,181.29
29,2,11.8,16,14,6,0,116.12
20,2,9.65,14,16,0,0,73.28
25,4,4.1,17,12,5,1,31.38
70,5,9.63,20,12,4,1,104.4
63,3,7.23,7,11,4,1,107.73
36,5,11.74,20,11,5,1,65.2
2,3,6.22,13,17,2,0,11.44
22,1,9.68,7,14,3,0,143.38
16,2,9.02,7,11,0,1,53.73
18,2,4.1,18,12,3,1,36.08
69,1,11.08,12,9,6,0,240.0
54,1,5.12,4,11,4,1,182.54
30,3,9.31,9,15,1,0,66.85
45,1,10.2,6,9,3,0,240.0
19,3,9.05,8,14,1,0,41.58
34,5,4.78,13,17,2,0,28.03
13,2,11.8,5,13,4,1,53.65
43,2,5.89,9,10,1,1,87.58
62,2,9.02,0,11,0,1,186.25
22,5,10.38,10,14,4,0,34.59
52,5,11.51,7,16,2,0,81.87
52,4,8.83,5,13,0,1,79.08
36,3,6.07,16,16,4,0,57.1
73,3,10.69,3,16,3,0,173.0
19,4,5.31,5,8,6,0,18.34
38,2,4.18,14,14,5,0,56.31
70,3,11.27,9,14,4,0,174.3
79,3,8.6,16,15,0,0,155.79
57,2,4.56,9,8,1,0,89.87
20,1,8.64,4,10,6,1,122.22
9,1,5.16,18,8,1,0,40.83
32,4,4.25,6,10,4,1,28.59
4,5,4.93,18,9,4,0,12.63
50,3,10.2,9,13,2,1,119.66
5,3,10.05,18,11,3,1,23.98
20,4,8.83,10,13,2,1,41.02
75,4,5.67,2,8,5,0,68.85
37,3,9.91,10,10,2,1,89.65
22,2,7.26,5,12,1,1,59.57
58,2,8.09,5,18,1,0,158.63
68,5,11.18,14,11,0,1,105.71
44,3,7.66,2,17,5,0,76.46
34,3,9.01,10,8,5,0,69.16
77,3,11.69,7,18,2,0,195.47
42,3,7.61,7,13,6,1,74.85
9,4,8.49,15,8,0,0,16.96
7,1,8.68,2,15,4,0,42.87
68,3,5.93,7,13,0,1,98.1
19,1,9.9,7,18,1,0,124.36
31,2,9.81,12,9,2,0,104.42
35,5,5.71,0,12,1,1,32.24
57,2,4.11,9,11,4,1,87.98
61,3,11.99,4,18,3,0,160.77
31,2,8.65,4,15,6,0,88.27
53,4,5.45,16,9,5,0,52.1
32,1,6.27,13,8,2,0,134.52
66,3,8.94,5,8,1,0,133.6
59,4,5.1,13,10,3,1,57.02
10,1,4.3,11,7,4,0,34.23
2,4,10.39,19,15,3,0,12.39
66,2,9.73,0,9,1,0,208.02
60,3,6.48,4,11,1,1,87.14
17,2,4.47,17,8,4,0,32.75
16,5,7.89,13,14,4,0,26.18
16,3,6.21,6,17,3,0,24.5
46,2,7.18,14,17,3,0,115.47
39,3,6.19,8,9,5,0,53.37
31,1,5.4,14,11,5,1,119.58
1,3,7.1,15,13,1,1,12.67
11,3,11.72,8,8,4,0,31.69
4,1,6.13,6,9,0,0,19.8
71,2,6.69,6,14,4,0,157.86
26,3,6.63,16,16,2,0,43.38
50,4,7.84,10,14,2,0,67.24
12,3,10.75,5,9,4,0,30.45
75,2,7.22,13,16,3,0,186.73
65,1,10.45,14,18,2,0,240.0
47,2,4.92,20,13,6,1,88.22
53,5,11.16,7,17,5,0,79.73
71,3,5.48,3,8,1,0,86.46
2,3,4.31,0,15,1,0,3.79
24,1,5.27,5,14,6,0,85.49
4,3,5.53,0,15,6,0,2.72
19,4,8.07,20,15,1,0,36.17
26,4,7.6,4,13,5,1,41.14
75,2,9.73,18,10,4,1,240.0
40,1,4.41,4,18,2,0,116.14
50,5,7.98,4,18,3,0,57.37
43,2,6.66,16,11,5,1,102.45
75,1,9.05,11,13,5,1,240.0
67,1,4.35,6,11,1,1,197.14
12,2,4.28,14,18,6,0,24.28
67,2,7.42,18,16,5,0,171.85
27,3,10.49,20,14,5,0,69.01
54,5,9.37,12,11,3,1,75.24
66,4,4.13,11,11,5,1,53.03
49,3,5.43,18,11,1,1,68.41
16,1,5.81,12,10,5,1,67.53
2,5,7.38,5,17,4,0,6.95
60,5,8.69,0,18,1,0,68.11
54,2,5.73,5,17,4,0,101.18
30,5,7.06,12,18,6,0,31.66
38,5,8.67,12,13,2,1,52.76
28,1,7.07,12,8,6,0,136.49
25,3,5.15,19,16,6,0,35.63
10,5,7.93,3,10,2,1,16.92
60,2,6.59,4,17,3,0,133.4
42,3,10.91,12,9,5,0,106.37
40,2,10.2,8,16,1,0,134.99
77,5,5.52,16,14,2,0,63.03
42,3,5.22,2,13,5,1,51.9
47,5,6.78,19,9,0,0,49.98
37,1,7.3,17,10,0,1,188.02
80,3,11.46,14,10,3,1,208.6
22,2,6.41,0,18,5,0,43.95
57,1,10.94,8,16,6,0,240.0
27,4,8.04,5,13,2,1,43.66
41,2,11.08,17,14,4,0,158.21
80,5,9.62,0,10,5,1,102.0
34,2,9.67,6,14,0,0,111.87
32,4,8.15,9,7,5,0,50.07
66,2,10.72,5,15,2,0,230.35
12,1,6.04,6,13,4,1,52.32
40,2,11.26,5,10,1,1,150.36
73,3,9.09,7,14,6,0,145.08
76,4,7.51,1,18,5,0,96.11
73,2,11.86,8,16,2,0,240.0
10,4,10.9,8,8,1,0,23.14
48,1,10.18,6,14,0,0,240.0
20,3,6.19,8,16,1,0,28.1
39,5,11.79,16,12,0,1,70.18
60,2,9.94,2,13,3,1,199.99
66,1,8.84,15,13,3,1,240.0
65,4,11.37,15,8,0,0,127.46
51,4,5.3,1,17,4,0,42.85
36,1,5.11,10,8,3,0,123.48
24,2,8.51,15,10,6,1,75.59
27,5,4.45,14,12,4,1,27.99
2,2,9.31,0,10,4,1,10.75
31,3,5.93,20,12,4,1,53.23
57,2,4.95,16,11,2,1,103.03
78,3,7.28,2,12,5,1,128.57
66,4,7.73,18,15,6,0,93.8
29,3,5.36,19,12,2,1,45.9
15,5,4.33,6,12,5,1,16.79
12,1,7.31,10,17,5,0,60.74
28,3,10.08,17,17,4,0,69.19
24,2,10.99,13,14,0,0,91.83
21,3,4.78,15,11,5,1,35.48
10,4,8.2,5,11,3,1,18.86
78,3,6.11,1,16,1,0,99.64
18,5,7.0,10,17,2,0,19.44
14,3,11.47,10,7,2,0,43.68
34,5,6.82,9,12,6,1,35.34
58,2,6.92,3,7,1,0,128.18
76,4,5.68,16,17,4,0,79.77
22,1,11.68,9,14,6,0,172.9
70,2,7.65,8,16,6,0,177.3
36,2,8.56,12,15,5,0,107.21
45,1,7.63,10,12,6,1,231.3
36,3,6.02,9,15,1,0,49.51
22,3,10.48,4,8,4,0,55.35
78,3,4.23,2,15,6,0,71.15
80,4,9.52,3,10,2,1,126.56
61,2,8.75,2,9,6,0,171.1
56,5,5.15,9,7,1,0,44.61
33,1,5.33,12,7,5,0,120.67
45,2,9.27,4,14,0,0,139.25
36,3,6.5,12,8,3,0,60.42
20,1,6.13,0,7,3,0,78.67
18,5,4.47,10,8,3,0,19.7
38,2,10.13,2,9,1,0,125.86
67,2,11.06,16,10,6,1,240.0
23,4,10.56,18,17,6,0,51.26
16,2,7.73,12,15,5,0,46.28
59,2,8.27,15,13,4,1,171.75
69,5,5.94,17,18,5,0,60.82
68,5,5.38,19,11,5,1,61.86
21,1,10.58,18,11,6,1,160.22
78,3,10.39,5,12,6,1,183.29
78,5,10.22,6,7,2,0,105.81
70,1,7.71,14,12,3,1,240.0
12,2,10.92,4,17,1,0,43.78
16,1,11.41,15,12,3,1,130.01
14,1,6.63,5,17,5,0,65.85
61,1,5.8,2,11,4,1,235.24
71,1,7.71,11,16,6,0,240.0
46,5,5.43,3,15,0,0,34.97
32,3,11.07,2,16,6,0,80.35
15,1,6.7,15,16,0,0,70.73
44,4,8.61,15,11,6,1,73.48
17,2,8.76,18,15,5,0,61.11
41,2,8.12,14,16,2,0,113.89
54,2,5.25,8,13,0,1,104.51
44,2,11.93,19,9,0,0,178.41
5,2,5.38,1,17,6,0,8.7
27,1,10.01,5,15,1,0,179.79
78,3,10.33,13,16,6,0,181.38
79,4,5.16,8,13,1,1,70.2
43,5,11.47,9,10,2,1,73.44
31,4,7.9,17,18,5,0,48.57
17,5,9.03,14,15,6,0,25.87
54,5,9.14,3,12,2,1,69.16
62,4,8.04,4,15,5,0,78.88
32,1,5.14,20,10,1,1,119.81
40,2,10.01,5,16,6,0,134.09
13,1,8.65,14,8,0,0,80.44
35,2,4.95,19,15,5,0,67.83
5,3,9.6,1,16,4,0,14.62
73,5,9.62,15,18,0,0,97.15
29,4,8.39,4,10,0,1,43.76
70,3,4.72,3,17,4,0,74.99
25,2,6.82,0,8,2,0,55.1
22,1,4.41,7,13,1,1,70.2
66,4,7.82,20,13,2,1,103.28
45,5,11.25,9,11,2,1,76.81
69,3,4.02,14,11,6,1,71.42
72,5,6.13,1,14,6,0,58.9
1,2,10.4,18,12,2,1,16.81
44,5,4.08,11,7,1,0,26.21
75,1,4.08,9,17,2,0,204.11
39,3,8.89,11,18,6,0,80.34
54,3,10.31,20,10,2,1,133.32
75,1,10.21,19,7,3,0,240.0
29,5,10.24,8,11,0,1,44.1
54,1,6.89,7,11,6,1,240.0
16,4,11.06,1,10,3,1,31.87
20,1,4.1,20,15,1,0,61.63
46,5,6.5,6,14,5,0,45.71
67,1,6.7,3,16,5,0,240.0
65,2,5.32,18,9,4,0,120.48
58,1,6.69,7,11,5,1,240.0
53,1,8.69,12,12,4,1,240.0
1,5,8.16,20,11,5,1,14.0
66,4,6.56,2,14,3,0,69.48
29,4,9.99,4,11,3,1,52.44
70,5,9.72,19,14,3,0,96.99
8,5,6.25,7,16,0,0,9.69
29,5,6.59,1,16,1,0,29.45
51,2,6.3,9,9,6,0,108.74
33,3,5.03,15,11,5,1,44.98
3,1,10.02,3,10,5,1,24.64
60,5,4.37,13,17,5,0,42.92
35,5,5.2,2,12,2,1,32.74
69,5,4.84,9,9,3,0,45.21
76,4,10.6,12,18,0,0,137.0
20,5,4.35,4,16,4,0,14.03
73,1,9.32,16,10,6,1,240.0
39,5,4.36,16,17,6,0,29.76
4,1,10.29,10,10,4,1,35.77
19,2,11.3,18,11,4,1,81.94
45,3,7.89,17,17,3,0,82.82
43,4,10.44,16,12,4,1,86.84
13,1,9.65,10,8,4,0,84.64
13,2,10.37,14,16,4,0,47.67
60,3,10.13,7,18,2,0,134.25
57,3,5.64,11,14,4,0,71.8
52,3,8.0,16,10,0,1,101.33
53,1,11.68,4,13,3,1,240.0
43,2,6.75,3,13,5,1,99.65
72,5,11.76,10,18,2,0,114.12
72,2,8.67,7,16,2,0,206.49
42,2,7.69,15,17,3,0,116.22
26,2,9.26,15,17,4,0,80.75
23,1,10.53,2,8,5,0,161.48
43,1,7.15,11,13,5,1,206.47
77,1,4.26,12,18,4,0,220.12
28,2,9.67,0,7,1,0,90.54
9,1,11.65,3,18,4,0,69.27
20,3,9.0,20,8,6,0,49.41
56,1,5.51,5,11,5,1,208.53
39,4,5.99,4,14,0,0,42.05
51,1,11.28,4,18,4,0,240.0
12,1,4.11,20,13,3,1,46.9
79,1,8.39,9,9,4,0,240.0
55,1,5.27,18,16,3,0,198.39
78,4,6.26,17,15,2,0,88.83
11,5,6.46,1,18,1,0,9.62
26,1,5.75,15,11,2,1,108.7
42,3,10.34,14,9,3,0,102.18
27,4,6.66,4,13,6,1,34.33
11,5,6.76,20,10,1,1,25.18
38,1,7.62,8,7,2,0,190.74
43,5,11.22,4,11,4,1,72.69
19,3,9.51,4,17,5,0,42.13
64,4,4.49,8,14,6,0,51.2
6,4,4.31,8,18,5,0,7.07
46,5,8.53,1,10,6,1,55.27
42,1,11.1,6,13,4,1,240.0
65,2,6.59,0,14,6,0,141.7
72,4,5.98,19,15,1,0,77.17
59,2,9.99,1,17,2,0,189.37
52,4,8.82,11,15,0,0,79.11
47,1,8.52,5,11,0,1,240.0
7,1,5.19,19,12,0,1,36.23
11,4,5.41,18,13,2,1,23.63
61,5,6.25,15,16,5,0,57.53
68,1,5.65,3,8,2,0,240.0
25,1,11.77,17,15,6,0,202.49
12,3,4.15,4,7,2,0,17.39
26,1,9.01,17,12,3,1,165.86
12,3,8.14,5,12,5,1,28.55
43,1,6.59,13,13,0,1,194.84
51,1,11.1,19,8,0,0,240.0
37,5,9.36,16,12,0,1,59.0
46,5,11.99,17,12,5,1,83.73
53,1,5.35,20,15,3,0,194.19
80,4,4.7,9,14,3,0,65.87
13,4,5.12,18,11,6,1,21.41
54,1,6.15,17,13,6,1,231.0
57,4,7.33,3,13,2,1,75.07
4,1,10.9,19,11,5,1,40.2
75,5,6.27,14,13,6,1,70.05
49,2,11.32,5,9,5,0,181.2
7,3,7.7,5,13,0,1,16.58
11,4,9.18,2,12,0,1,19.16
54,4,6.12,8,18,5,0,58.33
45,5,5.25,10,12,4,1,40.32
23,4,10.96,4,8,5,0,40.47
28,1,4.88,13,8,6,0,99.4
57,1,10.19,1,13,4,1,240.0
26,2,8.65,18,7,4,0,78.05
25,2,10.89,7,15,3,0,93.26
54,2,9.74,12,9,6,0,176.91
29,1,6.25,18,12,2,1,130.04
36,2,8.6,4,9,1,0,102.89
14,2,4.1,14,18,0,0,25.56
78,1,7.8,3,15,6,0,240.0
35,5,4.69,3,16,4,0,22.44
30,4,7.43,17,18,0,0,43.73
17,3,4.88,18,13,0,1,31.41
67,1,11.64,19,7,0,0,240.0
80,1,8.18,8,10,5,1,240.0
30,3,11.31,14,11,2,1,84.42
45,3,4.18,11,13,0,1,52.84
79,2,9.1,3,13,6,1,239.23
51,3,6.46,2,11,2,1,73.46
47,4,7.45,4,18,1,0,59.06
53,4,10.98,16,7,1,0,102.58
64,4,11.84,4,11,3,1,129.65
38,4,5.97,3,11,0,1,42.83
64,4,11.59,20,10,4,1,134.57
7,2,9.51,6,12,3,1,29.29
22,1,11.61,6,14,5,0,166.61
41,3,8.5,6,16,6,0,83.03
74,1,11.69,16,11,6,1,240.0
10,3,11.14,14,14,3,0,29.0
57,2,5.03,6,18,1,0,93.23
7,2,6.49,14,11,4,1,26.69
50,5,5.94,19,9,0,0,47.32
52,5,8.58,3,14,0,0,60.1
33,2,10.42,1,18,1,0,116.49
1,2,10.08,12,10,5,1,13.33
53,3,9.81,11,9,2,0,120.33
60,2,7.0,9,9,1,0,139.04
34,1,5.12,18,12,4,1,126.68
4,3,5.68,14,14,2,0,10.22
17,2,9.93,16,16,4,0,60.55
4,3,5.18,20,11,0,1,18.87
43,3,5.78,5,7,2,0,59.32
4,4,7.4,4,7,4,0,8.74
1,5,4.58,20,9,6,0,16.04
71,3,5.7,12,18,0,0,93.58
50,3,5.2,13,18,4,0,63.51
73,4,11.61,13,12,2,1,149.55
61,2,5.53,14,8,0,0,116.86
35,3,10.89,15,7,4,0,91.86
8,4,4.92,9,13,3,1,13.82
24,1,10.96,0,18,2,0,169.59
36,4,8.8,10,8,2,0,55.45
50,5,10.8,6,14,2,0,71.18
43,5,10.94,16,8,5,0,65.79
27,2,8.77,3,17,0,0,78.15
32,2,11.34,6,7,2,0,116.47
78,5,8.68,2,16,4,0,88.21
18,5,9.7,19,8,6,0,28.06
28,3,7.33,13,8,3,0,54.17
29,5,11.31,17,13,4,1,54.34
16,2,10.59,17,7,4,0,57.94
47,5,5.33,0,9,2,0,32.63
59,2,8.61,5,11,3,1,172.13
31,1,11.17,8,18,3,0,227.87
4,5,10.34,1,13,6,1,13.1
37,2,11.7,7,12,3,1,149.37
17,4,5.85,19,14,3,0,25.17
39,3,6.94,3,7,1,0,61.2
48,2,8.06,20,13,6,1,142.83
46,5,5.86,9,15,6,0,37.11
48,5,7.15,0,13,3,1,46.98
39,1,8.3,10,12,2,1,219.46
4,4,5.53,8,15,5,0,4.25
30,2,6.05,18,10,3,1,72.56
30,4,5.0,10,18,4,0,32.67
22,1,9.71,3,16,1,0,140.1
75,3,6.89,4,12,4,1,114.79
66,4,5.76,20,12,2,1,77.38
12,1,8.06,16,16,2,0,74.16
36,2,4.55,17,9,6,0,56.29
18,3,11.39,4,13,5,1,51.48
53,5,6.36,17,7,5,0,53.62
71,1,11.09,16,17,3,0,240.0
1,5,7.98,2,14,6,0,2.51
58,3,10.8,10,14,5,0,140.96
6,1,5.98,16,14,2,0,30.8
70,1,5.4,7,15,1,0,240.0
44,3,10.8,7,10,6,1,110.64
72,2,5.7,1,12,5,1,142.7
24,1,9.97,6,17,4,0,160.43
19,3,6.76,20,18,2,0,38.05
18,4,9.99,19,13,5,1,40.89
30,5,11.26,20,8,5,0,55.04
42,1,11.85,5,12,2,1,240.0
33,4,6.88,19,14,1,0,45.08
74,1,6.94,17,10,0,1,240.0
12,2,11.85,6,11,0,1,50.66
27,3,10.89,17,14,1,0,75.73
39,1,4.36,11,9,2,0,113.62
9,3,8.59,6,12,1,1,24.29
21,1,5.45,6,7,1,0,75.8
76,2,11.95,0,10,0,1,240.0
29,2,5.11,9,12,3,1,56.21
33,4,8.47,9,9,5,0,49.64
62,2,9.32,11,7,2,0,196.34
15,3,11.5,2,12,4,1,43.21
2,2,10.78,2,9,1,0,8.44
52,1,5.97,12,14,6,0,209.31
44,2,8.58,12,13,0,1,132.13
54,3,11.63,5,17,3,0,137.35
18,1,9.89,2,13,6,1,119.4
3,4,9.51,14,18,2,0,10.2
7,4,10.04,8,14,6,0,16.01
43,4,6.58,20,13,1,1,57.06
38,1,9.83,5,11,0,1,240.0
37,4,5.86,5,16,1,0,40.38
58,2,7.42,7,14,4,0,143.98
33,1,11.12,10,14,6,0,240.0
59,1,4.15,18,17,2,0,167.11
11,1,7.31,15,14,5,0,58.04
68,5,6.13,8,18,2,0,60.71
68,3,5.59,10,16,2,0,87.56
22,5,10.71,15,12,2,1,41.11
66,5,9.57,5,8,0,0,84.0
44,5,4.9,16,14,4,0,34.26
6,3,7.96,15,16,1,0,18.07
42,5,7.74,19,7,0,0,51.97
25,4,5.14,20,15,6,0,32.1
57,1,10.4,17,15,3,0,240.0
55,1,6.93,0,12,2,1,240.0
16,2,10.1,17,16,2,0,62.14
14,4,5.54,7,12,1,1,19.78
39,3,6.52,9,12,2,1,66.29
28,1,4.76,1,17,2,0,88.43
51,5,5.15,8,10,1,1,44.32
49,2,11.07,3,7,4,0,175.65
9,2,4.87,10,7,0,0,15.6
58,1,4.77,9,7,4,0,184.9
45,4,11.52,13,11,1,1,90.68
22,2,9.17,6,13,5,1,71.37
32,1,4.81,18,7,6,0,108.99
69,4,11.77,5,7,6,0,135.97
69,1,5.18,15,18,5,0,240.0
42,1,10.13,18,17,5,0,240.0
53,4,4.28,18,18,2,0,44.47
59,4,9.0,12,12,6,1,94.47
74,4,8.37,11,17,2,0,110.68
39,1,5.66,14,8,4,0,150.18
15,2,9.15,7,8,3,0,48.37
71,3,8.94,3,18,0,0,137.9
29,3,10.39,19,13,2,1,77.02
3,1,11.01,7,15,1,0,24.66
10,1,8.08,20,14,4,0,64.62
29,2,7.92,15,8,6,0,81.7
79,4,8.97,15,13,0,1,121.67
35,1,9.83,1,11,5,1,225.93
6,5,6.85,16,17,3,0,17.12
12,4,8.04,4,16,5,0,12.61
38,1,8.68,4,18,5,0,214.94
77,5,11.91,11,10,6,1,129.6
19,2,8.7,6,18,2,0,57.65
67,5,5.79,4,16,4,0,53.4
8,1,8.7,3,10,2,1,52.53
8,3,10.56,16,10,6,1,29.87
47,1,10.86,5,15,6,0,240.0
4,3,10.4,13,13,4,1,19.07
51,2,11.11,8,13,3,1,194.54
67,2,6.68,3,10,6,1,147.64
45,4,8.06,10,15,1,0,63.02
8,4,10.24,19,14,6,0,22.85
16,3,6.12,20,16,6,0,29.9
77,3,6.97,15,10,1,1,126.73
67,2,10.65,15,12,0,1,240.0
9,5,10.16,15,10,6,1,23.65
60,3,11.77,5,7,2,0,157.41
78,3,11.97,14,11,2,1,214.4
77,5,5.93,2,16,2,0,62.43
71,4,11.2,8,17,1,0,131.93
15,4,4.76,0,9,6,0,16.81
71,3,9.68,10,7,0,0,150.55
41,4,5.76,5,8,1,0,42.48
22,4,6.4,4,8,5,0,22.85
24,4,11.57,17,14,4,0,50.34
44,2,6.11,20,10,2,1,104.71
1,1,9.39,11,9,6,0,10.86
10,3,5.43,6,10,6,1,16.21
80,3,4.75,1,16,4,0,82.03
72,2,6.71,6,7,5,0,158.65
56,1,8.99,8,7,3,0,240.0
50,1,5.98,19,11,6,1,207.19
12,2,6.4,7,13,4,1,29.74
60,5,9.67,8,15,4,0,79.55
26,5,4.82,9,13,6,1,24.77
78,1,7.58,11,17,4,0,240.0
41,5,11.53,1,11,6,1,68.85
36,5,7.18,9,9,6,0,38.11
23,5,7.47,2,14,6,0,24.26
43,1,9.91,0,18,1,0,240.0
6,5,10.23,16,13,4,1,21.3
69,3,10.16,0,10,5,1,161.36
43,1,11.98,4,7,2,0,240.0
25,2,4.57,13,9,0,0,42.41
18,5,11.86,5,17,3,0,30.74
62,4,11.6,8,14,2,0,121.24
13,1,10.82,13,8,0,0,98.16
43,2,7.63,3,15,2,0,106.76
78,3,10.97,0,10,4,1,186.59
28,2,5.77,5,13,3,1,57.29
18,5,10.33,6,16,6,0,28.83
59,4,5.48,20,18,2,0,66.61
60,5,10.52,5,13,3,1,89.63
63,2,8.92,0,18,1,0,181.96
57,1,4.78,7,14,1,0,182.25
51,4,11.16,11,13,4,1,99.27
56,4,8.62,10,17,4,0,83.38
27,2,9.25,1,10,1,1,84.48
32,5,6.27,1,18,2,0,26.02
9,2,10.97,1,13,6,1,35.46
68,4,8.36,7,11,0,1,97.66
46,2,7.37,20,18,0,0,123.58
67,4,8.27,6,16,6,0,91.79
26,5,9.63,15,13,1,1,42.8
8,1,9.56,8,9,0,0,53.6
6,1,6.86,15,16,2,0,34.67
80,2,7.08,1,17,0,0,187.81
24,4,8.5,2,13,5,1,38.49
48,1,11.4,1,13,0,1,240.0
45,4,9.96,18,8,6,0,78.14
13,5,7.12,16,14,5,0,20.64
69,2,6.7,19,13,6,1,162.23
25,4,8.19,20,15,1,0,41.79
20,2,10.96,11,18,3,0,74.36
66,4,4.07,10,10,3,1,51.98
74,4,9.68,19,15,2,0,126.67
45,5,6.36,18,7,3,0,47.07
47,2,5.67,5,11,4,1,93.51
63,3,4.1,9,16,1,0,59.22
76,4,11.17,13,13,5,1,147.0
77,4,11.3,0,10,5,1,144.56
55,1,4.49,14,13,3,1,171.73
75,2,8.17,5,18,0,0,198.51
19,3,5.22,12,15,3,0,26.97
35,5,10.07,13,11,1,1,55.57
53,3,9.32,12,11,0,1,117.73
26,5,6.38,15,8,0,0,34.72
14,3,4.94,0,11,5,1,18.96
45,3,10.65,13,14,6,0,110.36
44,2,9.39,12,10,1,1,145.6
65,1,4.05,9,8,2,0,175.21
51,3,9.02,9,14,2,0,105.03
43,4,10.48,3,10,1,1,81.34
23,4,8.73,13,11,5,1,42.54
56,4,7.4,11,18,6,0,75.89
19,1,8.67,5,13,1,1,113.96
76,3,8.96,14,17,1,0,156.14
55,5,9.12,4,11,0,1,73.26
60,5,11.74,9,16,6,0,98.72
59,2,5.43,8,10,0,1,114.39
33,1,8.98,9,13,1,1,203.9
19,3,5.5,11,10,5,1,32.48
28,4,5.68,3,16,0,0,25.94
52,1,9.35,3,18,4,0,240.0
49,1,11.33,12,10,1,1,240.0
37,3,5.27,13,8,6,0,48.09
26,2,11.7,11,11,0,1,107.18
40,2,6.55,12,14,2,0,88.16
80,2,7.13,19,10,1,1,200.72
38,4,5.23,12,17,6,0,40.96
77,4,8.93,1,8,6,0,110.78
54,3,8.77,20,15,1,0,113.89
22,2,7.54,18,12,1,1,72.23
16,3,7.81,8,9,3,0,33.46
28,2,8.98,9,16,1,0,84.17
35,1,8.67,16,17,2,0,207.04
60,5,6.99,9,11,0,1,62.68
45,5,11.07,19,12,1,1,80.0
46,2,9.34,12,15,5,0,150.26
72,3,5.64,19,11,4,1,101.35
55,4,6.56,0,15,5,0,61.45
26,2,10.3,1,7,5,0,86.03
25,2,4.84,16,18,0,0,46.36
65,4,10.0,12,16,2,0,107.67
6,2,6.87,16,10,3,1,28.65
23,1,8.41,12,7,6,0,128.41
64,4,6.24,16,8,2,0,70.63
43,1,11.89,18,8,5,0,240.0
23,5,11.25,13,16,3,0,44.24
30,4,11.43,19,17,0,0,61.42
77,4,5.48,9,11,6,1,77.81
18,3,10.73,1,7,3,0,39.5
79,3,8.28,13,16,0,0,151.58
21,4,9.66,16,9,6,0,41.31
57,5,5.74,4,17,2,0,47.64
23,2,9.7,17,12,5,1,83.48
45,3,11.31,2,7,2,0,110.36
44,5,6.14,15,18,3,0,40.75
47,5,5.87,18,17,6,0,47.76
40,3,4.84,17,7,4,0,53.29
51,2,6.13,19,9,5,0,109.79
42,3,8.29,4,15,5,0,79.39
7,5,10.66,7,8,2,0,13.0
50,1,6.23,5,18,3,0,201.09
48,3,8.97,14,12,1,1,105.29
6,5,7.84,2,9,0,0,8.83
9,3,6.31,8,12,1,1,22.51
57,5,8.08,10,17,6,0,65.02
31,2,5.34,19,17,1,0,62.62
21,5,9.12,13,13,1,1,34.4
40,4,4.93,8,13,3,1,41.85
45,1,9.85,9,8,2,0,240.0
77,5,5.42,14,9,5,0,59.98
49,3,11.99,17,10,1,1,140.36
20,3,10.59,20,14,6,0,57.34
17,5,6.75,18,11,3,1,29.41
28,4,7.41,6,7,2,0,36.71
41,5,6.07,18,15,0,0,43.84
66,2,10.14,4,7,2,0,217.93
25,4,7.05,20,8,2,0,38.74
58,5,10.04,17,13,1,1,90.07
41,1,4.15,0,17,6,0,111.22
6,4,5.08,11,9,3,0,10.62
75,5,6.92,5,12,5,1,72.48
38,1,4.87,12,14,6,0,123.71
6,5,8.81,16,11,4,1,17.5
45,2,4.41,8,7,0,0,70.84
75,3,10.88,20,16,3,0,185.5
14,5,10.09,0,18,5,0,18.37
66,4,5.73,11,9,1,0,70.93
40,5,7.87,0,17,3,0,42.98
3,5,7.61,3,8,5,0,4.17
24,5,9.8,6,12,4,1,37.08
19,5,7.21,19,11,0,1,34.19
18,4,4.26,4,13,6,1,17.78
64,4,6.19,19,8,2,0,73.89
35,5,7.73,4,12,5,1,40.79
62,3,11.8,6,17,0,0,164.79
1,5,11.05,16,11,6,1,13.42
25,4,5.45,11,12,4,1,30.99
45,2,9.79,14,11,0,1,155.57
49,5,11.49,2,13,5,1,82.09
16,5,4.07,16,11,0,1,18.02
19,5,9.77,13,13,1,1,35.32
23,5,7.67,14,7,2,0,28.28
25,1,9.44,14,15,4,0,163.27
16,5,8.84,14,12,1,1,27.16
54,4,11.88,18,15,0,0,114.87
73,4,6.31,10,7,0,0,78.38
1,1,10.29,17,8,6,0,18.47
42,5,5.88,20,13,3,1,50.94
19,3,7.48,9,10,1,1,41.75
34,5,11.8,20,16,4,0,62.07
80,4,10.13,8,7,4,0,133.28
55,2,6.53,2,11,6,1,122.11
18,2,8.95,0,10,4,1,56.88
34,3,4.4,20,12,5,1,51.07
45,5,6.13,10,13,5,1,45.13
6,1,9.75,15,17,5,0,44.1
21,5,8.56,2,9,4,0,24.78
70,3,7.76,20,12,0,1,130.93
48,3,9.53,8,8,5,0,102.92
39,3,7.19,10,18,0,0,70.08
31,2,4.21,16,16,6,0,48.72
10,5,7.53,0,10,1,1,15.71
30,5,11.22,8,16,2,0,47.13
18,1,10.85,2,15,6,0,127.88
60,3,7.27,9,13,4,1,102.98
73,3,4.18,4,8,0,0,66.18
15,4,9.09,10,12,1,1,32.33
4,4,9.93,4,10,4,1,7.94
63,2,6.35,11,14,2,0,134.91
40,5,7.81,13,18,4,0,47.7
9,1,11.93,11,14,5,0,76.45
9,1,8.61,18,7,3,0,60.43
26,3,6.81,8,14,4,0,40.11
4,1,9.02,6,16,3,0,25.62
16,3,5.44,15,13,2,1,30.64
15,5,5.59,6,7,3,0,12.4
52,1,11.4,13,9,2,0,240.0
69,3,5.91,7,11,1,1,96.94
5,5,6.49,20,9,3,0,13.13
20,5,8.35,17,9,5,0,31.5
79,3,11.2,2,7,4,0,192.2
18,3,10.25,1,14,4,0,38.84
2,2,4.35,4,15,1,0,7.47
13,5,9.54,7,11,6,1,22.65
4,3,8.03,18,7,0,0,13.09
42,5,7.8,8,7,5,0,45.57
74,1,9.53,1,15,5,0,240.0
61,4,5.57,14,7,2,0,62.89
8,4,11.85,7,15,5,0,16.73
67,3,9.16,9,9,0,0,138.72
63,3,6.93,6,9,0,0,97.51
9,5,8.8,18,10,1,1,20.39
11,3,5.73,0,11,1,1,14.31
42,5,9.07,1,12,6,1,54.45
13,3,4.23,2,12,6,1,16.27
36,5,6.73,13,16,3,0,36.23
13,3,9.98,14,15,5,0,33.87
12,2,10.46,20,7,3,0,50.6
37,5,6.02,13,15,3,0,35.21
74,2,8.32,7,10,3,1,207.35
73,2,8.23,17,13,3,1,207.46
52,2,7.37,16,12,4,1,140.5
71,2,5.83,6,15,6,0,136.51
2,1,9.63,19,8,1,0,23.48
56,4,6.02,0,17,2,0,56.0
60,1,11.29,8,8,6,0,240.0
23,3,8.23,8,13,2,1,45.62
40,3,10.96,10,18,2,0,99.15
64,4,6.33,18,15,2,0,71.52
23,4,10.46,5,11,2,1,41.97
29,4,4.91,6,13,4,1,29.12
78,2,10.13,14,17,6,0,240.0
51,1,7.1,19,14,1,0,240.0
69,3,7.76,5,14,5,0,115.25
31,1,5.33,8,10,3,1,112.97
50,1,4.15,14,16,3,0,142.18
20,1,9.33,5,13,6,1,129.03
55,4,8.7,6,7,3,0,79.09
2,4,8.98,16,10,6,1,14.86
25,3,6.04,5,18,1,0,35.63
13,3,5.91,8,11,6,1,28.1
70,3,10.64,2,16,1,0,165.54
67,1,10.09,13,18,5,0,240.0
58,4,6.69,5,13,4,1,65.46
75,2,9.1,3,18,4,0,226.27
64,1,10.63,15,12,5,1,240.0
69,5,11.11,15,10,3,1,109.86
59,1,4.05,8,9,6,0,163.26
60,4,10.51,3,17,5,0,103.34
62,5,6.8,7,12,1,1,66.61
16,1,9.75,7,16,3,0,102.64
68,4,6.97,5,18,6,0,78.66
15,4,8.85,7,11,4,1,24.96
55,2,9.17,5,18,5,0,165.49
35,1,7.24,13,9,3,0,173.62
55,4,8.1,13,10,4,1,81.78
14,3,9.81,17,8,6,0,36.58
49,4,7.81,12,15,0,0,70.69
7,2,4.11,14,13,6,1,20.67
30,4,4.1,2,18,2,0,21.26
49,1,9.29,5,16,0,0,240.0
16,1,10.78,19,9,5,0,119.59
51,5,10.28,16,14,3,0,75.66
72,1,6.48,19,14,3,0,240.0
80,5,7.77,15,17,1,0,89.91
42,3,5.87,5,7,2,0,57.14
17,2,11.91,7,11,4,1,74.14
63,3,6.08,12,11,3,1,90.36
45,5,7.33,12,18,4,0,50.29
77,4,9.45,19,9,4,0,126.04
7,4,11.01,16,8,4,0,23.01
27,3,4.41,20,7,6,0,35.19
10,4,6.41,2,10,0,1,15.57
34,5,8.55,12,18,4,0,45.05
36,2,8.95,6,17,1,0,108.32
25,1,4.56,19,16,6,0,77.19
6,5,9.31,4,8,0,0,5.81
24,5,8.22,10,11,0,1,33.08
18,1,10.62,17,18,3,0,133.57
6,1,5.78,3,17,2,0,27.48
29,2,5.56,19,16,2,0,61.29
25,2,10.35,6,18,5,0,88.72
55,2,9.63,3,8,3,0,174.99
46,4,10.33,9,7,2,0,79.04
24,5,10.26,0,16,4,0,32.0
75,1,4.83,16,16,1,0,240.0
26,5,6.23,4,18,4,0,21.22
28,5,6.08,16,16,2,0,33.53
3,2,11.48,2,16,2,0,12.96
75,2,7.9,8,15,6,0,194.89
38,5,4.89,2,8,1,0,23.96
61,2,6.32,2,16,0,0,126.55
78,4,10.98,8,10,0,1,147.91
51,1,10.78,4,9,1,0,240.0
48,5,11.2,9,7,6,0,77.05
21,1,7.11,14,14,0,0,104.46
54,4,9.13,11,8,6,0,83.77
56,2,6.23,5,17,2,0,120.72
59,3,5.45,6,14,0,0,73.54
72,4,4.18,6,18,2,0,55.0
51,3,5.79,3,7,3,0,67.97
20,1,8.83,12,12,4,1,128.83
59,5,11.23,14,10,0,1,99.25
71,2,5.07,17,9,3,0,127.38
9,4,11.34,17,7,5,0,26.61
1,2,6.76,6,16,0,0,8.08
29,3,7.41,9,17,3,0,49.93
63,3,6.92,15,18,1,0,102.79
72,5,7.27,7,7,3,0,70.45
56,3,6.07,18,17,2,0,84.51
68,5,9.59,10,13,1,1,93.18
35,4,10.07,20,12,6,1,70.83
3,5,10.58,5,9,1,0,2.81
7,3,6.73,9,18,2,0,18.69
27,1,10.12,18,18,0,0,184.13
1,5,9.1,13,8,1,0,8.54
80,2,11.66,19,16,0,0,240.0
71,1,7.4,5,9,4,0,240.0
44,5,11.94,3,18,6,0,68.81
41,2,9.92,19,14,3,0,138.97
75,1,10.21,14,17,6,0,240.0
42,5,4.21,4,13,3,1,31.31
33,4,7.98,15,18,2,0,51.03
50,2,8.23,6,13,2,1,140.83
63,4,4.32,1,11,5,1,48.66
37,3,6.5,12,18,3,0,55.9
59,5,11.65,1,16,4,0,85.37
48,5,7.41,8,9,2,0,53.55
5,2,5.49,19,7,4,0,18.45
48,5,8.11,4,7,5,0,54.25
3,3,4.27,2,12,2,1,7.07
47,5,8.13,1,10,1,1,53.47
62,1,8.75,13,13,5,1,240.0
14,4,6.86,7,16,0,0,18.71
63,3,10.1,19,16,3,0,149.62
61,3,5.09,11,16,0,0,73.04
31,4,11.03,16,7,5,0,66.93
17,4,11.64,15,12,3,1,41.39
24,3,4.01,5,13,5,1,27.0
23,4,10.74,5,7,2,0,42.54
50,2,8.05,17,8,0,0,140.77
78,4,7.69,1,15,5,0,96.57
79,1,5.91,7,15,5,0,240.0
79,1,7.58,13,12,4,1,240.0
70,2,11.6,1,17,5,0,240.0
27,4,5.69,16,10,2,1,35.95
15,1,5.43,15,13,5,1,61.12
50,5,5.94,17,11,1,1,53.04
36,4,8.41,20,9,0,0,61.39
8,2,11.44,5,10,0,1,31.61
79,4,8.59,16,8,6,0,119.41
3,3,5.95,17,12,1,1,16.99
62,3,7.52,13,9,3,0,106.43
47,1,7.12,9,13,2,1,229.13
77,3,4.37,3,10,1,1,77.56
61,2,8.09,17,14,5,0,172.29
32,1,5.01,10,17,4,0,111.08
13,2,10.74,15,7,2,0,54.31
1,2,8.39,3,15,1,0,5.2
34,3,10.76,18,9,1,0,89.73
62,3,11.65,5,9,0,0,157.81
79,2,11.55,7,11,0,1,240.0
78,3,4.8,17,16,0,0,93.02
71,3,11.56,18,7,6,0,185.7
31,3,10.37,17,9,2,0,77.73
64,4,10.22,15,10,5,1,115.11
25,2,4.72,6,8,3,0,42.59
38,5,5.44,16,18,2,0,32.75
14,2,11.8,2,12,0,1,59.52
8,1,5.71,14,16,0,0,36.04
54,3,5.35,3,10,2,1,68.56
2,3,6.9,15,7,5,0,13.87
78,5,11.31,13,9,5,0,118.92
56,1,7.81,16,13,1,1,240.0
61,4,11.36,8,9,1,0,115.07
22,2,6.67,6,12,0,1,55.68
35,4,5.81,13,17,6,0,40.37
16,1,7.96,11,12,0,1,91.85
50,5,8.92,16,7,3,0,68.33
43,1,7.13,8,8,5,0,203.34
17,5,6.77,11,16,1,0,19.24
80,4,5.74,11,17,3,0,82.76
58,4,6.2,7,18,0,0,61.46
2,1,9.38,9,17,5,0,16.36
4,1,6.96,11,12,0,1,27.43
39,3,4.64,4,8,3,0,41.66
6,5,5.11,19,8,3,0,15.86
69,3,6.98,0,10,0,1,110.14
69,2,11.4,8,18,4,0,240.0
20,2,7.03,14,14,0,0,50.76
64,1,4.49,1,12,1,1,191.24
16,4,7.34,3,14,5,0,20.3
51,2,9.35,3,10,5,1,161.6
37,2,8.75,2,17,6,0,105.83
73,3,6.23,15,9,0,0,108.91
69,3,9.5,7,13,2,1,150.81
42,2,9.04,6,13,0,1,131.58
57,1,5.38,11,8,4,0,202.87
66,3,5.3,11,7,1,0,79.85
9,2,8.38,3,17,0,0,24.96
64,4,9.28,14,14,3,0,103.53
22,3,11.7,5,9,6,0,60.65
34,2,7.38,2,12,1,1,85.03
55,5,10.12,6,13,1,1,76.12
29,3,4.93,20,14,4,0,43.84
38,5,11.12,5,12,5,1,60.51
18,3,9.06,0,13,3,1,39.21
71,3,9.03,7,11,2,1,148.43
65,5,5.14,0,9,0,0,45.78
1,1,4.32,15,8,2,0,8.48
4,2,9.61,2,13,5,1,18.03
4,1,4.94,1,14,3,0,16.13
27,1,5.02,5,14,6,0,90.69
43,2,5.5,7,9,6,0,82.58
59,4,4.78,6,8,1,0,49.16
32,1,9.0,6,15,4,0,192.4
33,1,7.38,20,12,4,1,174.96
28,1,6.13,18,16,1,0,124.04
55,4,7.53,17,9,4,0,76.75
60,3,10.75,2,11,2,1,143.97
70,5,11.42,10,7,5,0,109.47
62,5,7.9,10,8,1,0,69.34
80,4,8.53,2,15,0,0,111.91
34,1,6.06,0,16,0,0,135.4
56,5,8.11,9,17,3,0,64.67
13,4,9.98,1,16,5,0,22.15
56,2,7.94,16,9,5,0,156.91
18,5,6.42,8,14,1,0,17.4
54,2,8.66,17,16,5,0,161.22
77,1,11.57,19,14,2,0,240.0
43,5,11.1,8,11,6,1,66.36
39,4,10.15,10,14,5,0,68.07
61,3,6.21,16,8,1,0,87.25
42,5,5.93,13,8,1,0,40.55
79,5,10.71,17,18,2,0,115.98
18,5,5.45,17,10,4,1,22.5
23,5,8.84,11,14,2,0,31.52
54,4,7.51,17,8,1,0,73.71
30,4,7.74,7,10,1,1,44.44
58,3,7.64,7,14,1,0,97.33
68,4,11.2,7,9,1,0,129.05
67,4,4.7,19,14,3,0,60.32
71,1,10.26,14,18,6,0,240.0
18,1,10.68,7,8,4,0,126.49
7,2,11.54,13,7,1,0,31.47
40,3,7.62,12,12,3,1,74.29
70,1,8.0,7,14,5,0,240.0
65,3,11.69,16,15,1,0,171.28
68,3,7.67,18,16,4,0,124.16
49,5,8.03,5,14,6,0,49.14
52,3,6.66,16,8,4,0,86.41
29,5,4.25,3,7,2,0,16.92
21,2,7.46,6,13,3,1,56.37
78,2,9.24,16,13,5,1,240.0
9,2,9.52,17,18,4,0,36.15
47,5,4.05,5,9,0,0,26.65
76,5,10.41,9,12,1,1,110.12
42,2,7.94,17,13,4,1,120.35
51,5,8.17,6,15,5,0,58.14
56,4,11.69,13,7,5,0,113.92
51,4,6.28,13,9,6,0,56.16
70,5,10.09,9,11,3,1,97.98
20,5,8.6,8,9,3,0,28.42
27,1,9.61,9,14,3,0,172.1
38,1,7.34,1,16,2,0,181.68
72,3,6.23,2,12,5,1,102.43
65,3,8.37,15,8,1,0,128.31
54,3,7.0,9,7,0,0,89.05
24,2,5.78,10,16,3,0,50.77
47,4,10.71,9,11,1,1,88.95
71,2,7.81,11,17,3,0,190.34
63,5,10.78,13,15,3,0,96.19
57,1,7.79,8,16,5,0,240.0
55,5,8.45,12,15,0,0,65.94
60,5,11.96,5,7,1,0,93.48
62,1,11.61,10,9,3,0,240.0
30,5,6.17,0,12,5,1,28.1
22,3,10.95,14,11,2,1,66.5
75,1,7.12,6,10,3,1,240.0
29,5,4.57,10,8,5,0,21.34
41,3,8.61,16,18,1,0,87.05
42,3,11.82,4,18,4,0,108.73
65,4,11.79,8,18,3,0,127.98
31,3,5.01,15,10,2,1,42.06
30,2,10.17,10,11,2,1,110.41
18,1,10.42,16,18,3,0,129.56
17,1,6.95,5,8,1,0,76.94
38,1,9.27,14,16,6,0,238.29
14,5,7.91,2,7,3,0,14.86
79,5,5.82,8,13,2,1,71.41
56,2,10.09,11,13,3,1,195.69
22,3,6.1,18,14,2,0,35.66
67,5,6.72,17,16,4,0,68.48
56,3,5.52,15,12,3,1,80.58
19,3,9.75,7,7,0,0,40.28
57,5,7.67,18,14,3,0,65.32
44,5,7.55,4,8,2,0,44.11
35,2,8.84,11,18,6,0,108.23
1,4,5.26,5,9,1,0,1.55
52,1,11.19,11,14,2,0,240.0
70,5,7.72,14,10,4,1,85.12
37,5,6.93,9,11,1,1,37.78
65,3,5.01,16,15,0,0,78.75
51,4,5.34,6,17,0,0,47.51
1,5,11.36,6,13,4,1,3.52
21,4,7.65,20,16,4,0,32.76
53,1,9.78,10,18,4,0,240.0
16,3,4.64,1,13,5,1,20.47
61,2,9.15,20,7,4,0,191.79
54,1,11.37,1,7,3,0,240.0
40,4,6.4,13,14,2,0,50.59
26,4,8.63,17,16,5,0,49.77
80,1,11.52,15,7,3,0,240.0
65,4,9.75,10,16,6,0,103.29
74,2,4.5,8,8,1,0,112.15
64,2,7.03,6,10,6,1,156.05
43,4,4.69,3,15,0,0,33.41
17,4,10.89,15,13,6,1,44.42
59,2,8.97,13,18,0,0,177.83
23,4,11.65,10,13,1,1,50.04
7,5,4.16,7,18,0,0,8.73
44,3,7.38,10,16,6,0,76.27
53,5,4.83,19,13,4,1,45.58
71,4,6.8,16,11,4,1,93.06
79,4,5.3,18,7,5,0,73.33
34,3,6.63,9,11,4,1,59.45
46,4,10.55,11,14,1,0,83.27
68,3,5.29,0,18,2,0,81.46
78,2,7.79,1,18,1,0,199.61
78,3,11.37,17,13,6,1,203.96
16,3,11.99,6,13,2,1,46.63
71,5,6.01,15,8,0,0,59.73
19,4,11.48,12,7,5,0,41.29
2,2,6.09,3,10,6,1,9.57
10,1,7.31,9,14,0,0,54.12
50,3,11.02,8,7,0,0,121.94
12,1,10.29,17,8,2,0,89.49
70,4,10.86,8,13,0,1,130.82
22,3,10.4,9,11,1,1,61.07
32,1,5.88,7,12,6,1,129.55
1,5,8.47,10,18,2,0,4.64
54,1,7.08,12,14,4,0,240.0
58,5,7.68,12,18,6,0,63.0
70,2,5.23,15,15,2,0,126.02
18,4,6.53,12,14,6,0,24.7
6,1,10.86,11,18,1,0,48.71
45,3,11.18,14,7,5,0,115.34
23,4,8.88,15,17,1,0,39.03
23,1,7.99,7,10,1,1,126.11
26,3,9.7,5,11,0,1,60.71
77,3,8.87,7,15,6,0,150.35
7,3,11.87,1,12,5,1,19.28
79,3,5.52,17,12,4,1,103.94
44,1,7.59,10,9,5,0,218.16
27,2,11.35,16,18,4,0,107.94
26,5,11.32,9,8,3,0,43.66
79,5,7.96,1,8,5,0,80.57
36,5,5.08,18,13,5,1,37.74
55,2,10.52,19,11,6,1,200.78
64,3,8.68,19,18,1,0,129.57
57,3,10.19,19,16,5,0,132.74
69,4,7.7,1,7,0,0,89.33
61,5,5.63,5,18,6,0,50.34
2,5,4.19,16,11,2,1,13.74
55,3,8.47,11,17,0,0,104.91
80,5,5.29,4,7,1,0,57.21
38,3,5.5,1,15,0,0,44.23
80,3,7.49,8,14,5,0,131.15
78,3,7.54,1,10,1,1,133.33
29,1,6.2,19,17,6,0,124.38
26,1,5.06,13,7,5,0,90.31
35,1,11.56,14,17,2,0,240.0
79,1,5.05,1,14,2,0,240.0
67,2,6.81,17,11,4,1,163.8
29,4,6.44,11,7,5,0,37.32
34,4,10.93,6,8,3,0,65.01
41,3,7.28,15,11,0,1,73.49
41,5,4.99,18,15,3,0,35.07
23,1,4.08,2,16,0,0,63.45
71,4,9.78,14,14,4,0,117.89
3,4,9.72,14,17,4,0,10.92
58,1,7.34,6,16,2,0,240.0
32,2,5.01,7,14,6,0,55.0
31,2,6.97,6,15,6,0,72.86
43,4,8.72,2,8,2,0,62.94
7,2,9.63,18,13,5,1,31.59
1,1,4.63,18,16,2,0,8.66
61,4,8.45,17,11,5,1,98.72
14,1,6.21,6,9,0,0,61.66
52,2,8.94,18,16,5,0,158.8
6,1,9.19,4,14,6,0,40.89
10,2,11.28,12,8,3,0,42.99
71,2,7.28,1,10,6,1,174.76
30,1,8.3,17,18,3,0,169.77
21,2,6.15,3,11,2,1,48.1
60,3,6.29,3,11,4,1,86.59
74,1,4.37,7,10,3,1,221.04
63,3,6.29,10,9,4,0,90.53
42,1,4.51,0,9,2,0,122.95
51,2,11.71,8,11,0,1,198.86
64,2,8.99,5,18,5,0,189.25
76,4,5.39,3,16,1,0,71.55
56,4,4.93,5,12,3,1,54.07
80,3,6.96,12,7,5,0,126.27
41,2,6.46,8,17,5,0,89.9
32,4,6.23,13,10,2,1,40.41
15,2,7.75,11,16,2,0,43.98
62,1,11.3,3,16,5,0,240.0
27,4,8.54,7,12,3,1,46.03
28,3,8.17,16,8,1,0,54.39
64,4,10.45,4,16,6,0,113.0
59,2,4.03,2,11,0,1,81.82
58,5,5.58,3,17,3,0,46.03
2,5,7.97,7,15,5,0,5.98
36,2,9.64,15,9,0,0,123.15
71,1,7.88,10,9,2,0,240.0
13,4,5.31,1,15,5,0,10.04
15,5,11.44,7,9,5,0,27.45
60,1,6.63,6,10,3,1,240.0
22,2,10.31,0,18,0,0,74.14
63,1,11.13,1,15,4,0,240.0
75,2,6.77,12,10,4,1,176.87
74,4,10.76,10,11,4,1,140.7
25,1,9.69,2,8,5,0,155.84
48,4,11.23,1,14,6,0,88.36
43,1,6.01,15,15,0,0,175.09
38,2,11.45,0,16,4,0,145.2
41,2,4.52,6,10,2,1,65.8
45,1,10.35,2,9,5,0,240.0
40,2,7.49,15,10,6,1,110.26
17,3,5.42,5,13,6,1,26.59
57,3,4.64,13,7,0,0,66.57
2,4,7.12,10,17,6,0,7.12
62,3,7.11,20,17,2,0,103.07
9,3,5.84,18,8,1,0,23.33
68,5,5.72,0,16,0,0,49.67
17,5,7.2,20,11,4,1,30.1
50,5,7.28,12,15,4,0,53.01
40,5,7.54,19,12,5,1,50.82
58,2,10.95,8,9,1,0,208.57
75,4,8.89,10,9,5,0,110.27
21,4,4.16,0,13,3,1,19.23
18,3,8.15,12,9,1,0,39.22
55,4,10.1,19,16,4,0,100.27
29,3,4.45,0,9,4,0,29.18
24,4,7.38,2,16,3,0,29.52
74,1,7.61,19,18,6,0,240.0
17,1,11.63,16,13,1,1,140.46
18,4,7.81,4,15,2,0,24.7
42,2,10.0,5,15,1,0,136.83
45,3,6.42,16,9,2,0,73.23
17,4,10.23,9,14,4,0,32.18
73,3,6.58,10,7,4,0,108.15
14,5,7.44,12,18,1,0,18.42
49,4,7.84,9,14,4,0,66.16
29,2,11.41,13,17,5,0,113.29
4,5,4.43,12,8,6,0,8.7
20,4,5.57,3,10,5,1,20.24
47,1,9.65,19,13,6,1,240.0
9,4,8.62,16,12,6,1,27.58
77,1,6.01,17,18,5,0,240.0
79,1,6.31,10,15,3,0,240.0
27,4,6.94,9,14,0,0,39.94
15,4,7.6,20,8,2,0,29.93
19,1,10.54,17,10,4,1,145.61
52,3,4.11,18,7,6,0,55.49
26,5,11.18,8,13,6,1,45.29
26,2,7.3,4,10,2,1,69.59
26,4,5.84,0,14,6,0,26.91
46,5,8.07,4,8,1,0,49.71
49,5,9.28,2,14,3,0,60.99
53,3,4.36,0,8,2,0,44.19
3,5,9.73,18,17,4,0,11.49
66,4,10.09,5,14,0,0,113.57
42,5,5.33,9,7,5,0,32.53
19,4,5.34,4,8,3,0,18.38
17,4,5.63,11,11,6,1,24.81
33,1,10.37,11,7,1,0,225.75
76,3,6.18,16,18,4,0,109.59
49,2,10.37,1,11,3,1,169.23
56,1,8.32,20,11,6,1,240.0
63,2,10.14,13,13,4,1,217.83
3,4,8.43,11,8,1,0,7.26
49,1,6.69,12,8,1,0,218.98
55,5,11.29,4,18,0,0,82.58
26,5,9.72,4,12,6,1,42.8
72,2,7.87,16,17,6,0,190.56
52,4,9.1,4,16,3,0,80.52
7,2,8.93,18,9,0,0,26.42
46,3,6.86,3,14,0,0,74.8
46,5,7.39,6,9,6,0,47.98
16,1,6.55,16,16,0,0,76.6
24,1,12.0,10,10,5,1,197.42
61,1,8.64,5,13,6,1,240.0
54,5,4.74,12,7,2,0,38.45
62,4,8.15,11,7,1,0,85.74
1,5,4.4,4,15,0,0,2.98
49,5,6.31,9,18,2,0,47.2
25,1,7.57,10,12,2,1,128.28
10,5,8.27,8,11,2,1,23.18
80,1,11.81,12,8,0,0,240.0
16,4,11.86,2,8,2,0,32.45
58,3,4.78,16,13,0,1,70.62
72,1,8.31,17,12,3,1,240.0
29,2,10.54,4,18,1,0,101.99
6,3,5.9,15,14,4,0,14.81
16,4,10.0,15,9,0,0,33.86
20,3,11.03,10,9,1,0,53.02
80,1,9.3,3,11,0,1,240.0
71,4,6.62,8,16,5,0,81.37
78,2,11.39,14,10,3,1,240.0
43,1,11.07,11,18,6,0,240.0
26,1,9.73,15,14,1,0,174.61
78,4,6.91,3,12,1,1,94.77
71,4,10.34,2,14,2,0,118.07
33,3,6.53,20,13,6,1,59.95
26,2,6.02,3,8,0,0,51.91
45,3,8.12,1,15,0,0,79.18
63,3,11.98,18,17,4,0,172.2
67,1,10.43,6,12,2,1,240.0
52,4,9.84,1,17,6,0,81.71
68,1,7.62,0,17,2,0,240.0
26,2,6.5,17,12,4,1,67.79
75,3,10.85,7,18,2,0,179.38
2,2,8.54,7,8,2,0,10.55
14,4,10.51,9,15,3,0,25.29
30,4,7.9,17,7,5,0,48.11
49,5,10.03,10,12,1,1,69.96
12,2,10.94,0,14,6,0,43.39
44,1,7.13,6,8,4,0,205.19
33,2,4.11,7,9,3,0,48.98
13,3,6.04,13,16,5,0,28.83
78,4,11.32,18,16,3,0,152.79
26,4,9.5,7,13,3,1,44.65
21,2,9.9,18,17,2,0,75.27
28,2,6.6,3,18,5,0,62.25
48,2,9.61,9,7,5,0,156.95
40,3,9.17,9,11,4,1,85.74
66,3,5.43,3,17,2,0,82.9
73,1,11.75,7,12,2,1,240.0
79,2,6.83,6,16,3,0,178.34
77,1,6.63,14,13,0,1,240.0
23,5,6.95,7,16,4,0,21.75
48,3,4.73,9,16,4,0,51.86
2,4,9.0,6,13,3,1,7.18
20,5,5.91,18,9,3,0,28.85
59,4,10.43,2,13,6,1,105.02
46,5,7.15,8,7,1,0,47.12
3,1,7.67,15,17,3,0,24.72
55,1,9.17,13,10,2,1,240.0
12,3,10.09,6,13,6,1,31.61
40,4,5.85,11,13,3,1,48.23
66,5,11.73,0,10,4,1,108.02
78,2,8.98,15,7,0,0,236.92
16,2,4.05,2,14,0,0,22.77
34,3,7.32,0,10,2,1,58.44
44,4,7.49,5,8,0,0,58.31
6,2,10.47,1,10,3,1,22.99
77,3,6.44,6,14,0,0,111.04
64,3,6.65,7,14,3,0,96.65
22,4,4.56,12,11,5,1,25.77
18,2,6.27,15,8,1,0,43.92
12,2,9.74,20,13,4,1,48.77
52,2,9.08,9,9,5,0,156.85
51,1,4.65,3,12,2,1,154.92
71,2,4.92,20,15,1,0,124.87
48,5,7.02,12,11,0,1,54.05
19,1,9.95,16,15,2,0,130.61
6,1,10.66,7,10,6,1,49.59
27,1,4.12,7,15,3,0,76.41
53,1,6.63,6,7,1,0,230.71
48,3,7.39,0,10,4,1,78.07
7,5,11.29,14,17,4,0,18.27
59,4,8.01,14,7,1,0,81.82
69,2,6.16,18,18,1,0,147.84
11,1,7.12,3,15,1,0,55.03
15,4,7.49,5,14,0,0,24.3
64,3,9.36,9,14,5,0,135.05
3,4,4.33,11,13,5,1,10.99
69,1,7.12,3,15,5,0,240.0
23,5,9.17,5,17,4,0,30.6
53,4,6.27,13,17,6,0,56.62
37,1,8.73,12,9,4,0,214.35
9,1,6.86,20,13,0,1,52.61
15,2,10.07,2,12,2,1,54.91
3,2,4.48,20,11,4,1,18.26
70,5,11.34,14,15,2,0,110.5
17,2,5.37,2,10,6,1,34.42
26,5,5.27,4,9,2,0,19.37
21,3,10.73,12,17,2,0,55.43
72,3,10.95,14,9,4,0,179.22
21,2,4.74,16,8,3,0,42.49
11,3,11.27,5,7,2,0,29.31
38,4,6.19,17,9,5,0,48.83
72,4,8.95,2,14,6,0,108.9
35,4,4.55,8,18,6,0,28.66
14,3,7.05,7,12,3,1,30.47
14,4,7.61,19,8,0,0,25.67
10,5,8.8,10,14,5,0,18.9
12,1,8.2,10,11,6,1,73.34
38,2,7.69,7,18,3,0,97.69
34,5,11.68,0,10,3,1,53.81
41,4,5.48,1,7,1,0,35.87
10,1,5.26,19,18,2,0,43.38
17,2,9.71,3,7,4,0,57.4
17,5,4.6,1,10,1,1,14.07
67,2,7.86,1,18,5,0,170.75
62,3,7.87,12,15,3,0,115.27
1,4,6.48,20,16,0,0,10.25
12,5,11.44,19,16,4,0,25.03
4,5,6.26,5,12,0,1,7.02
42,1,6.31,3,7,3,0,172.29
13,1,5.87,14,18,0,0,56.6
4,1,5.17,2,14,1,0,14.5
69,2,6.91,3,18,0,0,155.22
19,4,9.45,16,15,1,0,34.09
2,2,9.94,5,8,2,0,7.19
12,4,10.51,1,12,6,1,22.35
74,5,5.58,19,13,4,1,61.17
6,2,4.29,12,17,0,0,9.73
8,2,11.8,14,7,1,0,38.27
51,2,4.11,4,17,3,0,69.51
11,3,11.69,18,11,5,1,42.04
63,4,10.63,5,17,6,0,109.98
57,4,11.3,16,17,3,0,111.45
12,2,7.1,0,11,1,1,29.97
73,3,5.58,1,9,4,0,86.97
2,2,8.85,0,8,2,0,4.24
8,4,9.93,7,7,2,0,19.87
11,5,5.05,3,12,4,1,12.5
53,3,10.38,17,13,5,1,130.11
10,3,5.67,8,8,0,0,18.21
8,2,7.93,14,8,1,0,27.57
36,5,10.85,15,11,2,1,64.44
76,4,5.55,20,11,4,1,83.54
14,1,5.94,2,9,2,0,55.33
54,4,4.5,0,9,2,0,40.09
21,4,5.17,12,7,0,0,24.4
50,5,5.17,13,9,2,0,37.56
39,3,5.63,5,15,1,0,50.31
20,4,6.29,4,8,4,0,23.0
7,3,10.52,4,7,5,0,18.77
9,5,11.33,3,15,5,0,13.78
1,5,7.25,20,11,5,1,17.36
26,2,5.03,11,14,0,0,48.46
38,1,5.79,13,17,5,0,148.69
38,5,9.89,13,10,0,1,60.16
61,5,9.42,10,14,5,0,81.78
44,3,11.74,9,18,4,0,114.97
44,5,4.12,9,11,1,1,30.35
74,4,10.01,8,12,6,1,130.0
62,2,8.05,1,12,5,1,168.64
6,2,11.22,13,12,2,1,32.16
17,4,8.61,6,8,2,0,26.41
51,5,7.57,16,16,5,0,59.97
38,1,9.33,19,16,1,0,238.36
24,5,10.67,7,15,6,0,32.02
51,2,6.26,19,13,3,1,117.48
10,1,4.86,3,9,4,0,33.32
72,3,7.46,4,8,1,0,120.24
21,3,5.72,12,10,2,1,37.63
70,5,7.44,6,14,4,0,74.03
57,5,11.93,5,15,5,0,91.43
39,1,8.59,16,16,4,0,230.18
33,1,9.55,5,8,2,0,209.69
59,5,9.42,18,12,1,1,85.47
18,2,10.57,2,14,3,0,64.97
56,3,11.55,8,9,4,0,142.36
57,1,9.27,20,17,5,0,240.0
76,2,7.81,14,15,4,0,199.61
48,5,6.54,7,10,4,1,47.93
42,4,6.88,14,11,5,1,59.66
27,1,6.68,0,18,5,0,119.44
74,4,6.6,7,13,5,1,88.43
52,2,9.56,3,17,6,0,161.81
42,3,8.7,9,17,1,0,85.03
32,2,5.62,15,11,4,1,72.38
26,3,11.76,17,10,5,1,80.2
25,2,7.42,3,10,2,1,62.97
75,1,8.53,7,11,2,1,240.0
23,1,9.62,3,9,5,0,146.44
57,4,8.91,9,15,0,0,89.36
52,2,6.49,19,18,6,0,117.22
31,2,10.38,3,8,4,0,106.07
64,4,4.88,15,18,6,0,58.34
71,5,8.55,11,13,3,1,86.4
33,2,6.19,9,10,6,1,75.45
2,2,8.93,10,14,0,0,11.59
18,2,5.74,1,13,4,1,38.42
47,5,10.18,15,14,6,0,71.69
33,1,5.82,18,10,4,1,137.76
35,4,11.12,11,17,5,0,70.16
51,5,10.89,3,8,1,0,74.56
18,3,6.9,16,13,6,1,40.23
72,3,7.09,11,18,1,0,115.17
30,5,9.61,15,15,2,0,46.05
44,5,4.72,2,12,0,1,34.33
53,1,4.65,1,13,0,1,166.57
10,3,5.09,6,12,5,1,20.49
52,4,8.5,5,8,0,0,74.71
49,2,5.19,0,15,5,0,85.86
11,2,6.22,14,11,2,1,32.67
66,1,9.18,11,18,3,0,240.0
58,1,4.12,12,9,3,0,164.83
36,3,5.44,7,10,5,1,50.87
33,4,11.44,8,10,3,1,71.17
47,4,9.31,0,18,5,0,67.68
13,5,6.44,4,15,0,0,13.61
40,1,4.36,6,17,4,0,116.92
68,2,8.69,17,11,0,1,205.71
42,2,5.78,7,8,5,0,83.51
19,3,11.68,9,12,4,1,55.91
19,2,9.5,7,18,6,0,67.06
58,4,11.79,11,13,1,1,119.05
23,4,10.79,15,14,5,0,47.36
54,1,7.86,11,11,5,1,240.0
80,3,9.36,2,14,2,0,161.23
65,2,10.5,17,14,6,0,230.22
12,1,8.63,4,10,3,1,74.89
24,5,4.49,13,13,0,1,23.6
34,5,7.76,19,18,0,0,42.47
53,2,5.04,20,15,1,0,97.71
8,2,9.72,15,16,4,0,33.13
18,2,9.45,5,10,3,1,60.57
57,4,11.94,15,15,2,0,118.41
5,2,9.03,19,18,4,0,24.17
26,5,10.4,13,10,4,1,47.66
30,2,6.15,19,7,5,0,67.57
54,3,6.72,4,10,3,1,82.99
13,5,11.34,13,8,2,0,25.2
29,3,10.04,10,12,6,1,71.57
3,5,9.24,20,14,6,0,15.53
58,1,6.03,8,12,3,1,235.66
76,5,9.59,19,15,3,0,105.58
2,5,11.09,6,12,0,1,12.77
75,3,5.85,4,17,2,0,95.46
28,3,9.65,14,13,4,1,72.45
77,5,7.15,12,18,3,0,77.64
76,5,4.95,11,11,1,1,53.81
2,4,10.11,14,14,2,0,10.77
7,1,5.34,18,8,1,0,30.54
26,1,6.02,18,8,4,0,108.11
76,2,10.26,9,17,2,0,240.0
16,5,9.94,16,14,0,0,28.54
23,5,6.03,15,12,2,1,27.04
40,5,11.53,4,8,4,0,64.5
60,5,5.72,3,12,0,1,52.36
73,1,11.95,9,17,4,0,240.0
32,3,9.9,20,14,5,0,78.49
15,4,7.14,5,12,2,1,22.95
13,3,5.04,10,15,4,0,19.64
5,3,6.56,10,12,2,1,17.84
75,1,5.55,15,9,0,0,240.0
74,4,8.97,13,15,2,0,113.16
52,5,6.85,18,16,4,0,57.33
77,1,6.36,3,11,4,1,240.0
41,1,10.06,4,12,5,1,240.0
53,4,5.84,18,10,6,1,66.13
50,2,8.7,16,9,5,0,153.13
15,1,5.56,17,16,4,0,66.69
7,3,9.72,7,11,1,1,20.93
40,3,9.0,3,18,1,0,77.98
28,5,10.39,17,9,1,0,48.32
32,1,4.55,10,8,3,0,98.93
15,5,5.68,13,12,5,1,23.15
70,1,5.24,12,14,2,0,240.0
65,4,5.52,15,9,1,0,66.63
4,1,4.82,11,12,4,1,22.71
11,2,8.5,8,17,4,0,35.84
26,3,8.75,6,15,1,0,49.93
61,4,10.75,9,7,5,0,108.5
37,3,7.34,16,9,1,0,66.66
23,5,8.26,17,8,4,0,33.44
40,4,11.93,6,18,1,0,83.9
77,2,8.25,2,14,6,0,208.32
23,3,8.59,14,15,5,0,50.29
16,1,11.97,15,16,3,0,131.49
61,1,11.95,20,12,3,1,240.0
68,1,7.39,16,9,6,0,240.0
80,4,9.08,12,16,5,0,121.67
31,2,7.85,2,14,3,0,82.23
53,2,9.77,19,16,0,0,176.8
25,2,11.51,19,13,3,1,106.17
44,3,6.48,4,8,4,0,60.94
12,4,10.55,8,17,5,0,25.34
9,1,9.24,17,13,6,1,69.97
12,3,6.24,10,7,0,0,17.81
69,2,10.38,10,14,4,0,234.56
54,1,7.42,15,18,4,0,240.0
54,4,4.96,7,11,5,1,51.56
28,5,11.95,1,15,5,0,43.05
56,2,7.41,20,18,1,0,143.76
69,2,8.33,9,17,6,0,191.88
77,2,10.46,5,18,5,0,240.0
58,2,11.69,3,9,2,0,219.25
78,1,10.98,20,18,3,0,240.0
75,4,8.2,4,13,5,1,105.16
42,3,8.37,10,14,2,0,80.44
38,1,6.25,11,7,2,0,154.68
68,4,7.7,15,12,1,1,93.98
53,3,11.57,19,17,2,0,143.51
33,2,9.82,20,8,3,0,116.33
71,4,4.1,13,14,0,0,55.53
56,2,4.93,13,12,4,1,101.27
72,4,11.39,19,17,3,0,142.55
51,5,10.79,19,17,1,0,79.09
74,2,7.89,14,18,0,0,194.78
43,2,8.94,7,9,1,0,126.74
15,2,6.32,4,10,6,1,38.46
38,1,10.34,8,13,3,1,240.0
15,3,8.83,20,15,4,0,36.77
5,2,9.56,15,17,2,0,23.79
54,2,7.0,2,16,5,0,125.1
51,1,7.44,11,8,5,0,240.0
10,1,5.66,6,15,2,0,41.58
12,5,11.58,16,12,1,1,30.16
4,4,11.57,14,8,0,0,13.99
18,2,10.54,14,14,5,0,68.81
80,4,11.48,11,10,4,1,160.77
36,1,9.32,20,17,1,0,229.61
25,1,5.88,1,14,4,0,96.24
76,5,10.08,7,17,5,0,105.39
36,3,6.6,4,13,1,1,61.19
67,1,7.52,2,13,6,1,240.0
9,2,6.19,0,17,6,0,23.2
61,5,7.39,15,13,0,1,76.53
53,3,9.43,9,8,6,0,115.49
18,5,4.88,9,14,3,0,10.57
43,1,4.84,10,8,2,0,140.7
35,3,9.47,11,9,4,0,74.38
63,4,10.24,7,16,6,0,111.68
78,3,8.41,4,13,4,1,147.5
4,2,5.45,8,13,0,1,15.98
41,4,7.45,10,18,4,0,54.34
45,4,10.07,14,13,3,1,88.23
50,2,9.49,16,10,3,1,163.84
79,4,4.88,10,11,0,1,73.06
28,1,11.75,12,13,1,1,221.76
42,3,5.79,16,14,1,0,56.42
80,3,5.76,6,9,4,0,103.22
76,2,7.68,8,12,6,1,195.25
69,1,6.62,17,18,4,0,240.0
1,4,11.87,17,15,0,0,7.29
39,3,4.61,9,16,6,0,42.68
17,3,6.45,11,17,3,0,31.12
35,3,7.06,17,18,0,0,59.12
46,3,7.95,20,11,1,1,95.4
42,5,4.13,8,10,3,1,29.47
39,2,4.66,8,15,4,0,60.94
49,4,6.06,9,10,1,1,59.18
62,4,8.43,0,9,6,0,86.86
38,2,10.14,10,13,6,1,135.86
23,1,9.49,13,11,2,1,152.84
22,2,8.54,9,7,1,0,63.42
4,3,7.18,13,14,3,0,15.21
49,3,10.97,18,17,3,0,125.52
59,2,7.68,9,7,0,0,152.03
73,2,6.39,16,15,3,0,160.39
68,4,9.03,1,7,2,0,102.26
71,4,9.54,13,10,2,1,117.31
2,5,7.19,17,16,6,0,10.28
49,5,4.23,1,10,3,1,30.54
31,3,4.75,19,17,4,0,44.37
40,5,10.76,18,15,3,0,68.42
48,5,4.45,7,7,4,0,31.85
51,1,8.74,5,16,3,0,240.0
43,2,5.47,19,15,1,0,84.76
55,4,5.83,6,10,3,1,54.05
49,5,6.19,12,13,1,1,51.46
80,4,4.31,1,15,4,0,55.39
57,5,5.42,6,17,3,0,45.59
77,5,9.2,0,13,4,1,94.97
15,3,7.99,5,8,6,0,28.07
27,1,10.38,15,12,2,1,192.91
68,2,4.49,7,12,5,1,103.54
80,2,11.11,12,9,6,0,240.0
64,3,11.97,17,10,0,1,182.43
30,3,4.13,13,12,4,1,35.82
36,2,11.74,17,17,1,0,147.35
67,2,5.89,3,12,0,1,139.02
49,1,9.54,14,7,5,0,240.0
76,5,6.34,4,16,6,0,65.56
55,1,8.17,20,14,3,0,240.0
56,2,8.08,13,15,1,0,154.22
68,5,6.89,15,8,0,0,69.39
44,2,9.74,14,10,6,1,147.88
31,1,8.8,10,17,0,0,179.43
58,1,8.07,1,12,4,1,240.0
53,1,11.86,17,8,6,0,240.0
79,5,11.52,3,17,3,0,121.65
23,4,11.64,14,13,3,1,51.67
28,4,11.05,11,12,3,1,60.93
16,2,6.04,2,14,4,0,32.91
37,5,6.8,3,13,4,1,38.48
21,3,5.85,20,16,3,0,36.86
79,4,11.89,15,7,6,0,160.75
17,5,5.22,5,16,0,0,13.98
37,5,6.93,1,16,5,0,32.64
77,4,5.59,8,11,3,1,77.5
19,5,5.79,11,12,4,1,20.1
30,5,5.98,11,13,3,1,33.87
45,4,9.12,13,10,4,1,78.19
18,1,4.61,16,15,3,0,65.25
78,2,8.58,8,7,6,0,222.73
62,3,10.55,11,9,5,0,146.84
36,2,10.13,9,16,0,0,123.99
52,1,5.21,10,8,6,0,180.46
19,1,11.32,1,8,0,0,138.96
44,5,10.16,15,7,4,0,60.83
7,2,4.04,0,9,4,0,9.97
44,1,9.9,0,16,1,0,240.0
68,2,9.9,1,11,2,1,225.88
34,1,7.97,11,12,1,1,188.53
66,3,4.37,19,14,4,0,72.69
69,1,8.64,17,10,5,1,240.0
55,2,10.13,11,7,4,0,184.17
10,5,6.17,0,18,3,0,8.46
42,2,9.34,10,15,1,0,134.29
41,4,6.83,1,9,2,0,47.92
77,2,8.59,11,14,1,0,219.6
69,3,7.08,1,10,6,1,106.15
10,3,6.43,16,17,0,0,19.52
10,3,10.85,5,9,6,0,22.14
60,1,10.03,15,9,0,0,240.0
51,3,6.76,18,10,1,1,87.17
21,2,7.48,5,10,5,1,56.95
8,5,9.53,6,18,6,0,13.87
65,3,10.49,18,13,1,1,160.01
78,2,9.47,19,8,5,0,240.0
30,1,8.33,16,14,4,0,170.05
49,1,11.64,5,17,5,0,240.0
9,5,10.19,14,8,3,0,13.83
17,5,4.92,8,7,0,0,15.94
69,2,8.47,1,14,2,0,191.71
58,5,7.28,4,10,3,1,62.12
57,5,10.36,20,12,5,1,88.14
62,1,4.36,4,7,6,0,175.94
52,2,7.29,11,9,1,0,132.05
61,5,6.55,9,13,6,1,60.07
40,2,5.13,3,13,6,1,70.95
38,3,7.03,11,17,0,0,66.15
43,1,9.38,14,14,1,0,240.0
63,1,6.89,9,8,6,0,240.0
19,1,8.64,17,13,0,1,121.68
50,4,8.74,4,10,2,1,79.66
33,2,8.7,12,12,3,1,106.01
13,3,8.24,3,10,2,1,30.19
78,5,4.94,8,15,2,0,58.12
62,3,5.75,17,7,3,0,87.63
43,2,10.4,2,7,5,0,147.0
49,1,8.02,10,11,3,1,240.0
36,4,9.65,3,11,5,1,61.35
10,2,8.56,8,17,6,0,29.34
6,2,4.31,11,14,2,0,9.48
57,5,10.37,9,13,6,1,87.25
1,3,4.51,9,17,1,0,5.28
71,3,11.55,8,9,3,0,179.96
58,5,5.72,9,14,2,0,51.69
21,4,8.1,8,10,2,1,38.03
80,1,4.51,0,9,2,0,234.21
56,1,11.16,15,8,6,0,240.0
20,4,11.84,13,15,1,0,44.93
54,5,5.17,12,18,4,0,41.57
25,2,6.37,5,13,4,1,60.75
28,3,4.13,13,11,3,1,36.09
5,2,10.3,7,15,6,0,17.74
21,3,6.49,17,9,4,0,38.76
18,2,8.71,19,12,0,1,65.72
47,5,4.31,0,14,5,0,29.73
70,5,9.72,11,15,3,0,94.53
57,4,8.24,10,10,3,1,85.44
19,2,9.8,12,7,2,0,67.54
65,2,10.32,3,14,5,0,217.4
3,4,4.71,5,16,0,0,10.24
42,4,8.62,12,9,4,0,68.76
21,5,9.2,12,12,3,1,37.05
40,5,8.13,5,10,6,1,49.41
67,2,5.46,3,12,6,1,121.64
25,5,10.36,20,18,5,0,43.73
55,5,11.98,2,9,6,0,87.65
52,2,11.75,14,13,0,1,207.52
44,4,10.22,10,8,1,0,76.98
56,2,7.34,1,11,1,1,137.12
55,1,6.7,16,9,6,0,240.0
70,2,4.55,1,11,2,1,111.38
77,1,7.33,20,9,0,0,240.0
73,2,5.25,0,15,3,0,127.26
66,1,6.03,4,14,1,0,240.0
19,1,11.14,19,8,5,0,146.39
7,2,11.75,16,14,1,0,34.82
63,5,11.59,0,14,5,0,95.33
42,3,5.55,6,16,4,0,51.4
42,5,11.21,2,9,4,0,62.92
59,1,5.13,15,16,0,0,202.01
20,2,8.06,15,11,6,1,67.59
73,2,9.15,11,8,4,0,221.52
17,2,7.7,8,16,0,0,48.27
27,2,11.61,13,12,3,1,111.26
47,3,6.67,11,8,3,0,75.95
2,4,8.22,15,10,3,1,13.22
63,1,4.6,16,9,4,0,196.26
62,3,10.82,11,7,4,0,150.36
19,5,7.31,3,14,2,0,18.96
17,4,9.6,16,14,1,0,31.58
69,4,9.46,0,7,5,0,104.62
39,2,9.41,20,18,3,0,129.97
71,3,8.06,16,12,6,1,137.08
39,5,6.22,10,18,4,0,34.26
36,2,9.0,18,7,1,0,112.99
40,2,11.69,17,15,3,0,160.31
45,1,10.67,19,7,3,0,240.0
4,4,4.87,1,9,5,0,4.43
25,5,4.19,8,15,1,0,19.7
69,4,7.99,8,7,1,0,94.26
30,3,10.21,11,8,4,0,69.86
76,1,6.51,12,10,1,1,240.0
68,2,9.61,15,13,6,1,225.84
29,1,11.46,12,14,6,0,218.86
73,2,7.67,13,7,1,0,189.41
68,1,5.95,6,7,4,0,240.0
51,2,11.34,1,11,3,1,191.16
24,4,7.78,11,14,5,0,37.24
14,4,7.26,16,7,1,0,23.12
69,4,6.83,4,9,5,0,77.99
18,4,7.38,19,12,6,1,33.32
42,1,9.39,9,7,2,0,240.0
57,2,7.47,17,9,0,0,148.41
12,4,6.59,2,18,5,0,14.69
17,1,9.95,12,7,1,0,117.14
30,2,5.62,12,10,5,1,66.24
75,1,5.62,9,15,1,0,240.0
23,4,9.57,1,11,6,1,39.12
1,3,10.93,15,9,0,0,4.81
79,1,5.93,3,16,2,0,240.0
32,4,5.53,18,13,5,1,40.95
9,5,9.36,4,12,3,1,18.59
15,2,8.97,6,17,2,0,42.22
28,4,7.58,8,15,0,0,39.03
24,5,4.77,4,10,5,1,23.57
60,1,4.73,7,10,1,1,192.0
35,1,10.22,1,15,3,0,234.14
27,5,7.61,19,8,2,0,34.79
76,5,10.86,19,16,2,0,118.24
20,2,8.6,6,8,3,0,58.72
65,1,8.95,3,15,2,0,240.0
49,5,11.47,20,13,0,1,87.18
1,3,5.32,14,11,3,1,13.83
10,3,8.34,17,11,0,1,30.35
47,5,4.47,1,15,3,0,27.48
59,2,6.87,13,16,0,0,138.14
62,1,5.18,9,11,1,1,217.8
18,3,5.5,4,15,1,0,23.86
46,5,11.48,11,14,2,0,74.54
32,5,8.89,9,12,3,1,43.04
27,4,11.14,17,11,5,1,61.08
18,5,7.55,5,11,3,1,26.69
39,2,8.78,11,11,0,1,121.94
49,3,4.26,0,7,5,0,47.64
44,4,7.76,6,17,2,0,59.31
72,3,8.51,11,11,6,1,142.69
54,3,4.13,6,9,2,0,54.2
34,2,10.32,8,12,6,1,121.15
71,5,6.36,19,15,5,0,67.21
36,2,7.62,14,18,3,0,99.63
18,5,8.29,11,9,6,0,26.71
38,4,11.94,12,7,1,0,79.17
59,2,4.79,3,14,6,0,92.08
9,2,8.44,9,18,3,0,27.12
73,1,8.24,2,15,6,0,240.0
72,2,4.55,4,16,5,0,110.32
51,1,9.07,3,10,3,1,240.0
35,5,6.29,18,16,4,0,39.81
5,5,4.83,14,11,0,1,15.56
14,5,5.43,6,9,0,0,10.82
30,1,10.59,2,14,4,0,207.62
4,5,4.83,15,9,2,0,9.0
39,3,7.74,14,10,5,1,74.6
64,2,5.56,17,16,0,0,124.73
25,1,5.3,2,18,2,0,88.2
28,5,5.65,13,13,1,1,32.6
76,3,7.94,0,8,2,0,127.17
66,2,5.9,6,7,0,0,128.67
78,2,4.77,1,10,5,1,126.66
22,5,10.41,9,14,5,0,36.21
31,3,8.32,15,7,2,0,63.89
23,1,5.25,11,16,6,0,86.15
48,5,7.77,17,9,1,0,57.38
20,2,4.55,5,10,4,1,37.13
38,2,8.64,16,10,0,1,117.03
55,2,6.72,7,9,5,0,125.07
68,5,4.83,20,9,1,0,50.09
79,4,5.47,8,13,3,1,76.17
1,4,6.77,18,14,4,0,8.56
7,4,10.45,1,16,4,0,15.74
57,3,5.39,6,10,6,1,72.85
12,5,4.88,10,17,6,0,13.51
5,2,8.13,12,17,0,0,20.33
50,3,8.47,9,14,1,0,97.32
42,4,4.72,14,14,5,0,37.19
12,1,6.28,20,12,6,1,63.72
18,3,6.1,6,7,5,0,24.85
66,3,5.49,5,13,3,1,81.72
74,5,6.53,11,13,5,1,75.72
79,3,4.3,2,11,1,1,78.11
17,5,9.21,15,12,5,1,31.46
68,1,11.91,19,15,2,0,240.0
71,2,9.07,8,9,5,0,214.97
62,2,6.89,9,18,0,0,142.19
41,4,9.34,12,10,2,1,72.95
34,4,8.57,7,15,5,0,52.03
70,1,10.77,5,16,5,0,240.0
45,2,8.97,2,18,5,0,130.85
58,4,9.07,11,8,2,0,90.5
51,3,5.77,8,15,5,0,67.99
34,5,7.33,8,11,6,1,43.2
44,4,6.76,10,9,4,0,52.16
15,1,4.09,5,14,5,0,45.52
78,2,6.51,1,15,6,0,166.67
70,1,7.89,6,7,4,0,240.0
50,5,8.8,8,11,2,1,66.05
32,5,11.48,18,15,5,0,59.86
67,1,5.91,17,17,6,0,240.0
3,4,5.22,11,8,1,0,6.77
74,4,10.96,20,7,6,0,140.86
51,2,11.53,10,14,0,0,197.29
67,2,7.9,9,12,5,1,177.96
76,3,4.92,2,8,0,0,85.75
48,3,7.88,11,9,1,0,89.88
17,2,4.88,3,11,2,1,34.07
7,3,11.07,9,7,0,0,19.2
13,1,9.67,1,8,5,0,85.38
66,4,5.93,11,17,4,0,71.88
4,3,11.09,10,18,3,0,17.77
10,3,9.1,13,7,4,0,27.13
17,1,11.63,14,17,1,0,135.85
52,5,11.84,13,13,6,1,91.39
6,2,4.03,11,13,3,1,18.64
69,1,4.96,1,16,0,0,225.85
74,5,8.38,1,11,5,1,82.72
9,1,11.65,0,16,0,0,68.94
77,4,11.95,19,12,3,1,164.37
21,1,8.54,14,9,0,0,125.99
24,1,5.39,9,17,3,0,88.32
4,4,5.3,19,8,2,0,13.45
24,2,10.11,0,16,1,0,78.96
59,5,8.74,0,15,5,0,67.97
3,3,8.39,0,8,4,0,4.66
68,2,7.73,10,7,3,0,177.48
40,1,9.8,11,15,6,0,240.0
48,3,10.86,14,14,3,0,117.39
54,4,6.42,13,14,2,0,60.84
35,2,5.77,0,13,6,1,69.61
56,5,9.36,0,15,5,0,74.66
40,2,11.32,5,17,5,0,149.44
77,2,6.79,2,9,4,0,169.21
68,3,6.18,13,14,2,0,96.47
46,4,5.81,5,7,2,0,47.27
78,4,6.04,7,7,1,0,83.59
13,2,5.08,19,17,0,0,30.0
27,4,8.77,14,12,5,1,50.19
6,3,6.25,16,18,5,0,15.36
17,3,8.92,8,14,4,0,38.44
36,5,4.66,15,14,2,0,28.55
2,4,4.92,0,16,6,0,3.46
77,5,8.29,15,7,0,0,85.52
52,1,8.09,18,17,6,0,240.0
66,3,6.17,8,7,0,0,92.0
52,2,10.62,16,15,0,0,188.77
43,3,5.5,5,15,5,0,53.77
22,1,6.89,13,13,6,1,106.69
55,2,8.44,17,7,6,0,159.79
67,4,10.94,20,16,0,0,130.74
60,4,7.35,13,8,1,0,78.7
58,3,7.19,6,14,1,0,90.47
12,2,8.64,9,14,2,0,38.64
69,2,6.53,15,17,0,0,154.97
39,5,9.67,6,11,6,1,55.21
13,1,5.99,19,8,2,0,54.12
41,4,10.59,5,9,3,0,72.08
57,3,6.18,5,11,5,1,80.3
53,2,11.94,6,9,1,0,208.47
12,4,6.53,16,16,1,0,18.23
13,3,11.03,7,7,5,0,31.99
74,4,7.18,1,12,4,1,92.39
57,3,5.97,18,11,3,1,87.06
40,4,5.81,20,9,6,0,48.75
80,5,10.8,6,15,1,0,114.18
45,1,6.47,11,16,6,0,193.79
35,4,6.71,19,14,0,0,46.39
3,1,5.58,2,13,5,1,14.87
5,4,11.69,3,18,0,0,10.08
11,2,5.96,10,17,5,0,24.32
71,5,5.98,11,8,6,0,59.27
56,5,11.55,18,16,0,0,93.47
10,1,11.21,18,11,5,1,83.86
34,2,5.99,10,11,6,1,75.84
67,3,10.92,12,12,6,1,165.38
72,5,6.0,0,12,2,1,60.77
31,2,4.68,5,9,1,0,49.5
75,2,10.56,15,17,2,0,240.0
71,1,10.17,1,10,6,1,240.0
66,2,6.36,13,7,1,0,140.88
70,2,4.72,17,17,4,0,115.99
41,3,5.65,16,7,2,0,55.93
63,1,10.17,19,11,1,1,240.0
32,1,11.72,17,18,4,0,240.0
20,2,6.07,18,10,6,1,50.49
57,3,10.55,14,13,1,1,141.18
50,4,5.82,1,13,3,1,50.17
80,5,9.44,3,10,5,1,104.29
25,1,4.67,0,16,2,0,77.73
12,3,8.68,7,8,0,0,25.13
71,3,6.15,19,16,4,0,104.54
39,2,11.41,13,10,4,1,154.68
17,5,6.32,10,14,6,0,17.02
45,1,7.19,13,8,6,0,217.52
11,4,10.73,15,11,0,1,31.65
70,2,7.51,9,13,4,1,177.38
23,1,5.91,6,16,0,0,93.08
70,1,8.38,15,12,0,1,240.0
38,3,10.72,3,15,1,0,87.98
2,5,7.47,11,8,2,0,10.2
79,4,5.06,11,10,3,1,74.47
72,5,7.06,1,13,4,1,70.44
37,3,11.64,5,18,1,0,99.14
49,4,4.58,19,14,3,0,47.64
52,4,7.27,14,11,3,1,71.18
33,2,9.18,14,11,4,1,108.44
22,4,4.63,15,10,4,1,28.7
5,1,6.76,2,15,1,0,23.6
18,5,11.52,0,18,4,0,26.88
38,5,4.25,20,16,3,0,29.59
37,2,10.01,11,10,4,1,128.78
64,4,10.73,14,9,5,0,118.54
10,3,6.22,18,15,5,0,19.31
79,1,5.72,5,13,1,1,240.0
42,2,11.32,18,15,1,0,164.03
48,4,10.11,16,10,1,1,88.99
44,3,4.91,8,9,4,0,51.78
16,4,5.7,20,16,2,0,21.39
54,2,8.97,12,14,1,0,164.16
35,3,7.36,14,10,2,1,68.61
28,3,8.03,15,16,0,0,57.0
2,3,11.61,12,9,1,0,12.24
13,3,7.36,1,18,2,0,22.56
41,4,11.05,1,10,6,1,78.91
80,3,9.29,10,8,2,0,165.92
59,4,4.97,15,18,3,0,54.51
69,3,9.96,16,17,6,0,159.19
53,3,8.16,2,10,2,1,99.92
45,2,5.8,0,13,3,1,91.2
20,4,6.32,17,9,5,0,31.02
24,4,8.46,13,7,5,0,37.15
61,5,8.81,8,16,5,0,72.53
58,2,11.75,8,14,2,0,221.8
27,4,10.84,11,12,2,1,53.95
26,2,5.65,2,9,0,0,45.13
7,2,10.19,1,14,2,0,19.16
42,2,4.07,0,12,4,1,59.08
47,1,5.04,8,7,4,0,160.32
53,4,5.6,12,15,5,0,54.94
59,2,8.78,20,17,6,0,179.75
38,1,5.56,15,15,6,0,144.94
69,1,6.92,18,15,4,0,240.0
53,3,5.94,9,18,0,0,74.26
15,3,6.7,4,12,2,1,27.45
26,4,11.54,13,12,0,1,59.51
48,3,11.98,14,10,6,1,134.78
19,4,9.49,2,14,2,0,27.86
9,1,8.58,8,15,3,0,53.94
64,1,9.67,0,18,0,0,240.0
54,4,10.17,0,13,5,1,95.0
51,3,9.91,18,13,6,1,123.48
39,3,4.66,5,8,4,0,44.86
4,4,6.48,10,8,4,0,7.64
3,5,6.75,17,18,4,0,8.39
64,3,6.95,13,16,6,0,99.82
29,2,6.75,15,17,2,0,74.27
11,3,10.3,0,8,2,0,23.75
58,5,9.98,9,10,0,1,80.75
75,1,4.04,9,15,5,0,202.39
27,1,6.37,12,11,1,1,121.13
21,1,8.99,0,8,6,0,120.82
39,3,4.96,2,10,2,1,49.89
46,1,4.57,13,13,6,1,146.86
66,5,10.63,20,11,1,1,106.34
36,5,7.62,15,17,1,0,44.03
75,3,10.85,19,14,2,0,191.25
65,2,10.59,5,7,0,0,225.81
63,3,11.15,0,11,5,1,154.2
35,1,4.39,19,10,6,1,112.01
31,3,5.49,4,9,1,0,40.85
28,5,6.37,7,13,0,1,31.19
1,3,5.09,11,16,0,0,5.66
25,3,7.88,0,17,5,0,43.37
43,2,10.39,12,7,2,0,153.86
67,5,11.61,8,12,5,1,112.44
63,4,11.12,19,14,6,0,124.08
51,4,7.66,7,8,1,0,69.25
2,5,9.09,12,12,0,1,9.52
64,4,5.85,1,17,1,0,62.58
74,1,7.22,14,7,6,0,240.0
69,4,10.97,13,12,6,1,131.2
9,1,4.23,18,12,0,1,35.88
2,5,8.26,8,11,2,1,8.52
34,4,10.98,18,13,6,1,74.25
60,4,4.98,13,11,0,1,56.84
61,1,11.86,7,14,2,0,240.0
31,1,4.1,4,8,2,0,86.54
10,3,11.09,6,12,1,1,30.79
76,2,6.83,3,11,1,1,173.79
36,4,5.06,7,16,5,0,33.41
49,2,5.26,3,8,1,0,84.28
70,2,9.61,20,17,3,0,231.55
49,4,10.97,0,13,1,1,87.17
3,1,9.13,7,10,1,1,24.53
74,3,11.43,6,12,5,1,187.13
5,5,10.74,10,11,0,1,17.13
61,4,4.07,20,10,5,1,54.77
26,4,9.36,15,8,3,0,48.55
72,5,6.44,16,13,3,1,72.6
5,2,7.64,4,11,6,1,19.2
15,3,4.75,6,9,0,0,16.69
16,2,6.26,9,12,1,1,41.35
1,5,9.06,12,14,5,0,5.61
16,5,5.75,19,17,6,0,22.68
37,3,9.18,14,16,4,0,78.7
3,5,11.38,5,16,2,0,5.91
52,5,4.04,1,18,3,0,27.64
47,3,10.29,3,8,6,0,109.35
13,4,9.13,20,17,0,0,29.35
80,2,4.37,13,16,6,0,124.16
55,4,10.32,14,18,4,0,102.0
21,4,5.8,13,10,2,1,29.69
66,2,6.13,3,9,4,0,133.8
54,4,4.75,5,13,1,1,49.29
27,3,8.28,6,16,0,0,45.55
38,2,7.99,12,14,2,0,101.25
58,1,6.78,16,14,2,0,240.0
62,4,5.35,16,10,1,1,66.93
46,5,10.7,3,16,1,0,65.79
11,2,11.01,18,8,1,0,46.13
72,1,8.32,19,12,0,1,240.0
8,5,5.95,12,9,3,0,13.32
71,1,4.77,8,14,4,0,226.17
64,4,10.95,1,9,0,0,116.25
21,5,4.77,19,8,0,0,22.82
72,4,4.11,17,15,4,0,56.76
63,5,7.76,19,15,6,0,74.86
64,2,9.85,16,15,2,0,211.83
20,3,7.66,6,9,6,0,38.14
8,3,4.41,16,8,4,0,16.0
58,1,9.52,9,10,1,1,240.0
46,5,9.14,13,8,2,0,61.51
31,4,9.45,11,14,6,0,51.33
9,2,5.69,11,16,0,0,21.81
15,2,10.37,16,7,4,0,61.0
26,2,7.83,18,8,0,0,76.45
10,3,8.29,13,12,6,1,30.67
29,4,8.37,16,15,5,0,49.32
80,2,6.29,14,16,0,0,169.4
36,2,6.0,20,18,4,0,77.08
37,1,4.04,5,11,5,1,105.36
71,5,7.17,18,11,5,1,78.84
23,5,7.88,19,9,5,0,34.44
41,5,9.94,5,14,0,0,58.28
80,1,4.53,5,18,3,0,237.35
28,3,11.39,3,12,3,1,73.07
48,1,6.11,0,16,0,0,188.59
38,2,6.93,18,18,2,0,94.54
31,4,4.39,10,8,2,0,24.29
14,2,9.23,6,18,2,0,45.7
73,2,9.67,1,18,2,0,230.72
77,4,11.43,3,11,3,1,149.31
29,5,6.69,5,10,6,1,28.34
51,1,6.06,4,17,2,0,205.27
49,3,9.81,20,16,4,0,114.4
43,2,9.65,8,15,2,0,137.96
72,2,11.5,10,10,4,1,240.0
5,3,5.64,17,14,3,0,15.88
42,1,9.64,19,7,4,0,240.0
7,2,4.53,16,11,5,1,22.21
42,3,7.84,12,15,4,0,76.14
36,2,4.96,16,9,0,0,65.19
27,5,9.23,9,17,4,0,37.94
58,5,8.81,17,12,5,1,77.19
46,2,4.39,16,17,0,0,74.74
66,2,6.56,11,16,5,0,144.36
25,5,7.16,14,12,2,1,36.68
73,2,5.98,18,17,4,0,149.57
27,1,4.31,14,12,6,1,91.23
1,1,6.55,12,10,4,1,15.88
74,4,10.34,6,13,1,1,130.95
42,1,6.88,10,9,2,0,190.92
52,2,6.59,7,12,4,1,119.91
25,2,11.53,19,16,4,0,105.21
54,3,4.33,15,11,1,1,63.41
67,1,10.14,10,9,0,0,240.0
6,5,7.86,4,8,2,0,10.98
58,5,11.56,6,18,1,0,90.74
70,4,7.15,15,7,2,0,87.53
53,3,9.66,15,14,2,0,122.86
66,5,4.56,19,7,0,0,49.93
58,4,11.43,16,11,0,1,120.54
2,1,6.76,18,11,3,1,20.82
76,3,8.19,14,7,1,0,141.79
22,3,5.11,14,15,5,0,29.73
37,2,11.56,19,11,1,1,152.88
20,1,9.38,20,15,6,0,133.04
24,3,4.43,14,17,2,0,26.17
65,4,5.24,2,12,3,1,57.77
65,5,7.2,11,13,3,1,68.52
1,1,5.73,5,13,6,1,7.21
3,1,6.44,19,8,2,0,20.4
46,3,11.98,4,11,0,1,128.35
55,3,9.27,10,8,3,0,117.75
75,3,11.38,11,10,1,1,193.18
64,4,7.49,6,18,0,0,82.0
45,2,9.68,8,9,4,0,143.27
26,3,7.68,17,18,3,0,55.68
77,2,6.63,13,17,2,0,172.02
65,2,8.15,3,12,1,1,173.62
24,1,7.42,7,17,6,0,123.72
74,5,11.84,15,11,3,1,124.8
35,5,7.97,3,7,2,0,41.83
24,4,10.49,18,8,1,0,51.75
28,4,9.33,5,13,3,1,49.54
80,5,7.84,18,15,1,0,86.86
16,5,7.79,14,7,4,0,23.42
59,1,6.74,11,10,6,1,240.0
54,1,4.86,11,17,6,0,175.42
79,5,10.09,1,9,6,0,104.45
16,3,11.34,8,18,1,0,45.97
15,3,5.74,2,18,6,0,18.45
11,1,11.41,0,17,6,0,85.89
65,2,5.86,13,11,2,1,131.22
79,5,8.24,12,11,3,1,93.0
68,4,6.75,4,18,2,0,76.94
43,3,4.92,6,16,4,0,44.19
69,2,4.42,13,16,5,0,103.26
13,3,6.92,15,17,0,0,27.92
10,2,4.38,17,8,1,0,24.6
75,5,4.83,13,11,2,1,55.64
41,5,5.14,0,10,5,1,30.34
50,5,4.02,5,7,3,0,29.64
71,1,5.23,20,18,3,0,240.0
59,2,8.62,9,7,0,0,169.43
39,4,10.56,5,7,3,0,68.95
3,4,5.55,1,14,6,0,6.74
76,5,4.65,6,9,4,0,50.01
7,4,9.84,16,15,0,0,19.23
49,3,4.07,13,16,4,0,51.25
26,2,9.87,6,8,1,0,86.84
33,2,5.05,20,15,4,0,62.3
48,2,5.83,8,17,1,0,96.39
79,3,4.96,18,15,4,0,95.62
2,1,5.98,20,10,0,1,21.13
71,3,10.39,10,10,1,1,169.23
32,2,5.06,2,10,5,1,61.53
4,2,11.95,3,18,4,0,17.45
20,2,6.62,4,7,4,0,44.62
36,4,11.38,3,11,3,1,70.06
32,1,5.52,12,12,6,1,123.02
28,3,5.5,8,10,4,1,41.56
77,2,8.52,13,14,3,0,218.46
1,5,4.4,15,9,4,0,9.27
60,1,10.41,5,17,2,0,240.0
56,5,7.52,9,15,3,0,64.98
35,1,9.59,20,13,0,1,232.64
30,2,5.4,12,14,0,0,55.49
54,1,9.14,2,13,1,1,240.0
36,1,8.75,10,15,5,0,209.01
55,2,10.05,2,8,5,0,182.08
80,5,6.38,6,10,0,1,73.36
58,5,11.47,9,8,1,0,91.81
65,4,11.69,0,14,0,0,128.9
69,5,10.94,3,8,3,0,99.21
51,5,8.58,7,14,2,0,61.86
22,1,7.36,19,12,1,1,120.96
53,4,4.46,16,13,2,1,51.04
36,2,11.58,4,17,4,0,134.26
68,2,11.61,16,12,4,1,240.0
36,3,4.15,8,18,2,0,32.39
52,4,6.86,7,15,3,0,64.88
53,1,11.04,6,10,2,1,240.0
50,3,4.65,4,7,2,0,56.3
80,3,5.57,3,15,2,0,98.21
41,2,11.83,2,16,1,0,160.38
18,5,10.78,7,14,6,0,29.75
22,1,11.3,4,7,1,0,165.53
66,4,5.14,4,16,6,0,53.18
21,3,5.69,16,12,2,1,36.6
44,1,8.84,14,16,5,0,240.0
47,2,8.01,7,18,3,0,125.96
39,3,6.39,6,18,4,0,56.19
29,3,11.07,16,10,4,1,81.94
54,2,11.21,11,17,4,0,201.79
17,2,6.33,3,8,0,0,40.89
80,2,5.25,19,9,3,0,148.69
60,1,5.19,17,18,1,0,213.88
31,1,7.88,3,18,4,0,163.9
73,1,5.06,9,15,1,0,240.0
78,5,7.79,2,11,1,1,82.12
49,3,7.7,4,13,1,1,87.19
2,1,11.07,11,8,5,0,20.6
48,5,6.37,4,14,1,0,42.05
14,3,8.49,4,9,2,0,25.1
59,1,9.95,3,7,1,0,240.0
58,2,8.77,5,14,0,0,165.57
58,4,11.63,9,17,1,0,118.0
51,1,8.82,5,17,4,0,240.0
2,4,11.21,0,15,1,0,3.26
41,1,5.96,15,14,4,0,166.46
16,2,8.49,10,7,1,0,52.6
4,4,8.35,5,18,3,0,4.94
12,5,11.92,19,13,2,1,31.14
29,2,5.64,17,13,4,1,66.72
7,4,5.13,5,10,0,1,8.22
14,4,8.89,16,18,1,0,27.94
12,2,5.79,11,14,4,0,27.19
5,2,9.11,16,11,5,1,31.74
32,2,11.78,20,18,6,0,132.24
74,3,11.57,17,10,2,1,195.94
43,5,5.85,9,11,5,1,39.43
69,1,5.37,19,17,1,0,240.0
45,4,8.49,11,8,2,0,70.95
9,1,8.69,3,10,0,1,56.55
49,2,9.3,9,16,4,0,152.25
33,5,9.93,4,14,0,0,46.48
18,5,8.81,3,13,2,1,27.21
9,3,4.89,15,18,3,0,17.07
62,2,10.32,4,14,3,0,207.94
57,4,4.64,18,13,5,1,54.89
29,3,4.16,5,13,6,1,32.89
78,2,10.16,20,17,4,0,240.0
25,3,8.39,6,13,1,1,49.78
15,1,9.59,9,8,5,0,97.83
6,2,7.06,6,9,0,0,19.35
42,4,4.09,13,7,3,0,31.93
29,4,6.65,9,8,3,0,37.33
79,2,8.87,19,16,1,0,234.64
4,3,5.81,10,12,0,1,12.97
57,5,9.5,13,8,2,0,72.93
49,2,10.36,11,7,5,0,171.09
44,4,7.63,3,14,3,0,54.51
80,1,11.01,12,15,4,0,240.0
75,4,10.84,2,13,4,1,137.39
14,5,11.02,12,9,2,0,28.18
3,4,9.29,19,7,1,0,14.85
62,5,6.44,18,10,1,1,65.63
64,2,7.85,14,16,5,0,171.85
45,4,9.68,18,17,3,0,78.35
58,3,5.68,19,9,5,0,81.1
20,3,9.91,3,17,3,0,48.84
58,4,8.38,5,9,3,0,81.78
57,4,4.77,14,8,2,0,49.51
77,1,8.46,3,17,2,0,240.0
68,4,4.53,5,16,3,0,51.8
78,1,4.11,1,9,1,0,208.8
52,1,11.12,3,17,0,0,240.0
37,1,7.92,17,11,3,1,201.9
8,1,8.35,14,10,1,1,48.71
44,2,6.24,11,7,1,0,94.39
5,3,8.34,7,7,4,0,13.52
69,1,5.35,11,7,5,0,240.0
31,3,9.97,8,18,0,0,73.11
45,1,10.59,6,16,3,0,240.0
9,3,10.85,7,15,6,0,25.62
32,4,4.85,19,15,0,0,34.23
33,4,8.46,9,15,3,0,51.64
67,3,10.47,10,16,6,0,156.67
30,1,5.03,1,10,5,1,104.09
76,2,4.8,3,10,0,1,127.4
29,3,10.54,20,16,0,0,81.32
3,5,10.37,20,13,1,1,15.06
57,2,7.59,8,9,6,0,141.02
30,5,4.88,7,16,0,0,20.66
9,3,8.13,4,9,0,0,17.74
26,1,7.16,13,10,5,1,130.45
2,5,8.15,1,17,6,0,5.12
62,3,7.52,20,12,3,1,113.43
3,2,8.55,16,7,1,0,14.11
46,1,9.82,7,17,0,0,240.0
68,5,10.2,1,9,1,0,91.76
25,3,9.19,14,18,1,0,57.37
51,1,5.59,1,11,2,1,187.58
13,1,7.18,10,17,3,0,67.82
44,4,4.57,13,10,2,1,42.72
35,1,7.61,20,14,1,0,183.4
55,3,11.76,9,15,5,0,145.32
9,2,9.13,6,14,5,0,32.48
2,4,5.24,13,17,0,0,9.09
61,3,6.15,12,17,6,0,85.91
41,3,4.52,20,15,3,0,50.14
44,3,5.46,1,14,4,0,53.91
64,5,7.9,9,16,3,0,73.63
31,5,6.76,0,7,2,0,26.43
47,2,5.63,0,13,6,1,89.01
2,3,5.17,2,15,3,0,4.77
77,5,9.25,10,7,0,0,95.83
69,5,8.46,18,16,3,0,83.62
58,5,10.74,8,7,4,0,85.03
44,2,5.47,12,16,5,0,85.09
74,2,10.78,3,8,6,0,240.0
56,3,8.62,19,11,2,1,118.42
43,4,6.13,5,18,2,0,45.51
34,3,6.19,1,14,1,0,47.25
30,5,7.12,8,14,6,0,28.7
71,5,7.68,17,16,2,0,79.55
70,1,4.66,3,10,4,1,220.76
55,3,10.74,0,13,4,1,133.55
67,5,4.97,0,13,5,1,47.24
13,5,7.87,19,15,2,0,24.27
3,4,7.06,16,15,5,0,8.97
26,1,8.1,18,9,3,0,146.76
57,3,11.1,2,17,4,0,138.02
24,2,11.91,16,14,2,0,101.1
53,3,4.16,2,11,2,1,52.03
70,3,7.15,3,11,3,1,116.75
43,4,10.54,12,14,5,0,78.66
60,3,6.61,14,12,6,1,94.8
58,4,9.19,11,16,2,0,89.15
49,4,11.94,2,16,0,0,91.76
42,5,9.17,20,7,1,0,60.51
76,2,4.89,7,10,4,1,126.72
66,4,10.74,0,15,3,0,112.58
11,1,11.73,17,11,3,1,95.84
18,1,9.7,12,10,1,1,124.86
52,2,7.35,6,17,0,0,127.02
46,4,11.59,12,16,1,0,92.9
44,2,11.75,16,7,2,0,178.37
22,5,11.48,12,15,6,0,40.48
53,1,7.29,12,14,5,0,240.0
59,3,10.32,10,9,3,0,134.95
30,1,9.23,13,15,5,0,185.39
8,4,5.44,20,7,5,0,17.13
57,2,8.28,9,10,5,1,163.32
73,1,9.98,7,11,6,1,240.0
20,3,11.17,5,10,5,1,53.67
25,3,10.9,18,10,2,1,72.84
19,2,5.24,18,15,6,0,44.77
5,2,7.9,11,11,3,1,22.92
75,1,7.83,20,7,5,0,240.0
79,4,11.19,6,13,3,1,149.96
72,5,4.02,17,12,6,1,49.74
27,3,9.91,19,15,5,0,64.1
40,2,8.95,17,10,2,1,129.12
26,5,11.37,2,16,1,0,33.91
27,5,7.66,8,12,5,1,31.84
62,5,9.26,5,16,4,0,77.81
50,4,11.78,0,13,4,1,97.74
42,2,9.95,9,10,1,1,140.35
29,3,4.54,7,18,0,0,32.16
39,2,5.34,16,15,6,0,72.6
60,1,10.57,2,7,1,0,240.0
41,3,6.68,2,7,1,0,61.29
33,2,9.65,2,9,1,0,108.15
16,3,9.6,6,15,4,0,37.06
23,1,11.95,10,11,3,1,191.43
7,3,7.76,17,7,0,0,18.34
26,5,9.9,4,18,6,0,34.25
12,4,4.39,1,11,0,1,13.65
72,1,7.7,13,12,0,1,240.0
5,3,5.49,0,10,2,1,10.24
69,1,10.72,3,13,5,1,240.0
49,5,10.72,13,17,1,0,74.37
26,4,5.89,14,9,3,0,30.01
5,1,6.55,19,11,3,1,33.32
22,5,9.62,19,12,2,1,39.23
79,5,9.91,16,13,4,1,111.81
13,5,9.26,2,16,2,0,16.78
28,3,11.97,3,8,2,0,72.68
33,2,10.95,17,11,1,1,128.89
23,1,7.34,0,13,4,1,116.53
18,2,6.62,4,13,5,1,45.68
30,5,8.77,17,18,5,0,44.32
26,2,10.54,12,9,2,0,97.31
16,5,7.8,13,14,5,0,26.01
77,5,9.9,19,7,3,0,108.57
39,4,4.15,2,10,1,1,31.85
33,4,11.41,5,9,5,0,62.65
26,2,10.19,10,10,4,1,93.43
48,1,7.15,8,17,3,0,224.1
65,2,7.07,19,15,0,0,156.83
38,1,4.82,18,17,1,0,127.01
2,2,10.53,6,18,3,0,10.24
6,3,10.15,20,14,2,0,20.91
46,3,9.04,9,17,2,0,92.65
50,1,4.81,6,10,1,1,159.14
38,4,6.1,4,14,4,0,38.29
18,1,7.67,3,7,6,0,91.36
27,2,6.13,16,18,2,0,61.9
41,5,7.47,4,14,3,0,41.17
72,3,5.81,16,16,0,0,98.14
74,5,6.8,16,8,4,0,73.43
17,3,9.22,16,12,6,1,48.45
62,2,11.14,0,12,1,1,227.75
29,3,7.08,1,9,2,0,44.7
58,1,9.54,18,11,4,1,240.0
70,5,5.08,8,8,0,0,51.17
78,5,8.33,19,17,4,0,93.84
22,2,11.37,14,14,4,0,87.24
6,5,4.22,18,14,1,0,9.93
26,2,6.14,4,11,6,1,58.58
39,4,5.06,12,13,0,1,39.89
12,1,8.26,3,14,0,0,66.99
14,3,9.44,12,17,4,0,38.22
22,3,4.46,5,10,2,1,30.06
51,3,4.56,11,8,4,0,55.95
23,4,10.96,8,11,3,1,50.21
48,1,7.65,14,13,2,1,240.0
71,5,7.7,20,18,1,0,78.44
50,5,11.56,14,10,0,1,86.41
13,1,6.56,16,10,5,1,66.23
10,1,11.18,4,10,2,1,75.93
55,3,11.79,4,15,1,0,139.08
9,5,5.93,4,15,4,0,8.34
79,1,8.11,20,17,1,0,240.0
52,5,8.27,13,16,3,0,62.09
2,1,10.93,1,14,5,0,14.3
25,2,6.43,8,17,1,0,56.14
13,3,10.38,13,14,5,0,33.83
51,1,11.77,14,13,5,1,240.0
58,4,10.72,3,7,2,0,105.04
34,1,11.27,5,14,6,0,240.0
35,2,9.67,13,17,0,0,118.58
3,4,11.23,4,17,2,0,9.01
59,4,5.32,10,10,2,1,63.1
70,1,9.7,20,7,0,0,240.0
48,2,9.86,13,7,3,0,165.76
64,4,7.51,6,9,2,0,76.99
19,3,4.64,13,9,0,0,24.95
67,3,8.98,12,16,0,0,129.42
73,5,4.42,17,7,2,0,51.95
76,5,7.06,1,14,5,0,67.92
5,2,7.15,8,10,0,1,17.5
67,4,11.99,10,18,5,0,138.28
11,3,6.4,19,10,4,1,28.27
68,3,10.56,10,12,2,1,165.86
69,2,4.43,5,15,5,0,100.91
1,4,8.24,0,15,3,0,1.0
63,2,8.29,4,18,4,0,173.52
29,1,9.03,13,14,6,0,177.06
12,3,10.48,15,7,3,0,35.18
77,2,10.1,8,18,5,0,240.0
41,2,10.09,18,16,6,0,143.12
2,1,7.46,19,16,2,0,18.0
37,5,9.82,7,8,1,0,52.25
45,3,7.93,7,9,0,0,80.88
80,2,4.54,15,17,4,0,126.79
48,3,11.12,17,11,2,1,127.51
24,5,11.12,7,11,0,1,45.78
22,2,6.58,8,16,5,0,50.92
11,1,11.31,4,14,1,0,83.58
58,3,10.06,1,8,3,0,128.08
46,1,7.21,20,8,2,0,223.91
29,5,6.65,13,14,2,0,30.88
35,5,11.8,17,7,5,0,63.33
15,3,9.7,12,15,1,0,34.45
60,5,7.03,11,8,6,0,61.19
42,4,9.14,14,18,3,0,66.57
43,3,8.57,20,11,2,1,90.86
80,4,8.2,14,9,5,0,111.4
74,5,9.16,0,11,6,1,93.06
49,3,8.3,6,18,0,0,96.42
64,4,9.24,12,14,5,0,99.55
32,5,11.26,17,14,1,0,55.48
64,2,11.95,0,12,6,1,240.0
2,2,9.67,10,15,2,0,12.31
24,1,11.42,12,13,5,1,186.79
66,2,10.87,19,8,6,0,240.0
38,4,6.36,8,7,3,0,42.24
31,2,11.46,15,14,4,0,122.68
26,3,4.57,10,7,2,0,28.96
29,3,6.64,2,14,3,0,44.88
67,3,9.12,16,18,1,0,140.98
78,2,8.22,1,15,3,0,208.29
25,2,8.34,8,7,3,0,72.42
48,1,10.36,8,13,6,1,240.0
65,5,5.56,15,11,1,1,59.1
53,1,11.86,0,14,4,0,240.0
67,4,7.5,16,10,5,1,94.29
18,3,11.6,9,8,0,0,48.1
9,2,7.06,19,13,4,1,30.68
38,5,8.81,4,13,0,1,51.04
21,5,7.6,7,14,0,0,23.12
65,2,9.41,12,15,0,0,207.02
21,1,5.47,20,12,2,1,85.72
27,5,7.21,4,9,4,0,25.46
70,1,4.55,3,11,3,1,212.28
44,2,8.78,7,9,6,0,129.27
28,1,11.7,6,16,2,0,217.84
45,3,4.37,4,15,6,0,46.7
17,2,9.28,9,11,1,1,59.67
40,2,10.2,16,13,1,1,146.11
3,5,5.7,5,16,0,0,1.04
76,5,6.18,9,13,2,1,68.89
76,5,5.61,15,13,5,1,68.54
66,3,6.38,9,18,6,0,95.88
46,3,4.88,3,16,5,0,53.05
30,4,6.96,1,10,2,1,36.55
69,2,6.95,0,10,1,1,161.64
9,5,10.46,2,9,3,0,12.26
11,2,10.41,12,10,4,1,48.2
69,1,10.37,11,15,4,0,240.0
66,3,8.54,0,11,0,1,126.41
31,4,6.61,20,12,6,1,49.05
33,1,7.29,9,10,0,1,166.42
39,2,6.54,5,7,0,0,85.64
46,3,8.66,8,13,1,1,95.95
37,5,11.5,0,13,1,1,60.6
60,1,6.28,11,12,5,1,240.0
31,3,7.67,4,10,4,1,57.89
11,2,9.24,0,16,5,0,34.8
2,2,10.76,1,14,5,0,11.22
27,1,6.03,13,18,0,0,113.43
2,1,6.24,1,14,5,0,6.31
21,1,11.08,4,7,2,0,154.05
58,4,4.64,9,15,5,0,51.92
5,5,8.84,19,14,6,0,13.95
52,3,10.88,5,8,3,0,122.46
45,2,11.37,4,15,1,0,169.3
20,2,4.1,1,10,5,1,31.27
61,5,6.96,8,16,6,0,59.37
38,1,6.06,9,18,0,0,153.78
20,1,8.54,7,12,6,1,117.42
25,2,9.06,5,8,0,0,74.69
2,5,12.0,4,16,1,0,5.7
32,2,8.1,20,10,4,1,99.67
26,1,8.41,17,8,4,0,149.92
70,3,7.31,19,18,6,0,122.99
41,1,5.18,17,15,4,0,146.63
67,3,6.43,1,15,4,0,95.38
1,4,5.98,11,11,2,1,9.62
51,5,10.41,7,9,0,0,72.82
5,4,8.37,3,9,4,0,9.01
13,1,6.37,19,7,6,0,63.12
19,5,7.91,3,14,6,0,18.71
12,1,5.75,8,9,6,0,51.39
48,5,5.48,8,18,4,0,37.92
25,5,10.88,11,10,5,1,40.84
57,1,11.56,13,8,6,0,240.0
35,1,4.64,2,14,3,0,109.74
76,5,10.12,5,9,3,0,104.9
5,5,7.63,14,18,6,0,12.51
22,1,7.11,18,17,0,0,112.37
77,1,9.52,3,8,5,0,240.0
57,2,6.13,0,7,1,0,113.79
47,2,4.16,8,16,4,0,69.67
54,2,5.71,15,8,2,0,106.12
3,4,5.48,8,8,3,0,4.54
53,5,4.27,11,10,4,1,38.95
31,3,6.57,13,17,1,0,52.11
69,4,7.8,14,7,2,0,96.98
33,5,9.89,20,7,3,0,52.23
72,3,6.61,15,12,5,1,112.96
50,2,5.56,7,11,1,1,102.17
16,3,5.84,9,7,1,0,24.37
76,1,11.13,13,12,5,1,240.0
77,1,5.64,16,14,2,0,240.0
39,5,11.03,2,11,2,1,67.67
46,4,7.58,3,9,3,0,58.35
47,2,11.48,15,9,2,0,183.01
44,5,7.26,13,17,4,0,49.54
9,2,5.42,13,18,2,0,24.23
50,1,8.39,15,8,5,0,240.0
77,4,8.7,7,15,1,0,115.34
60,4,9.08,17,15,2,0,96.79
15,1,7.29,6,13,6,1,78.21
36,3,4.39,2,7,3,0,32.98
63,4,9.01,5,7,4,0,94.09
69,3,11.46,19,10,2,1,187.68
80,2,11.66,15,18,4,0,240.0
41,4,8.78,3,8,2,0,60.91
74,1,4.16,18,9,4,0,204.15
24,3,4.85,1,8,6,0,24.28
49,2,10.67,3,7,2,0,172.29
18,2,10.64,1,9,2,0,61.89
7,4,11.57,6,13,0,1,21.47
4,4,8.51,14,16,1,0,14.13
69,5,10.91,16,15,3,0,108.67
60,5,10.6,13,16,3,0,85.57
55,4,8.72,10,15,0,0,82.2
16,5,10.27,16,14,2,0,27.83
29,1,5.01,4,12,1,1,99.31
23,1,9.11,13,7,4,0,142.54
14,5,11.63,16,14,0,0,29.66
79,4,5.3,19,14,3,0,78.85
49,1,9.95,20,18,3,0,240.0
33,2,6.57,1,15,5,0,70.32
25,4,10.54,6,16,6,0,46.07
21,3,9.58,3,17,5,0,45.23
17,3,11.41,7,18,3,0,44.39
23,4,9.7,0,12,2,1,39.02
57,5,7.28,9,9,5,0,58.06
58,1,4.09,0,12,4,1,155.24
14,1,10.34,0,14,4,0,91.5
20,4,7.27,3,13,4,1,28.76
30,2,9.37,16,14,2,0,99.51
19,5,4.84,4,9,6,0,16.3
53,2,11.13,13,14,3,0,195.01
56,4,7.49,5,11,5,1,75.54
77,4,11.36,6,13,6,1,151.96
23,2,9.66,7,10,6,1,80.28
62,3,4.97,17,9,5,0,73.91
33,4,8.63,3,12,3,1,51.1
18,5,11.28,2,15,2,0,31.03
73,2,10.4,3,10,1,1,240.0
33,3,7.34,15,18,2,0,58.69
32,2,11.64,12,15,2,0,125.53
61,3,6.15,10,9,3,0,87.09
54,3,7.0,10,12,4,1,91.81
17,5,10.0,4,18,6,0,26.93
19,4,5.86,19,11,3,1,31.18
70,3,8.12,0,15,5,0,120.16
34,4,9.83,13,12,1,1,64.26
25,5,9.15,19,8,0,0,38.27
68,4,5.24,18,10,5,1,65.48
74,1,9.04,4,11,0,1,240.0
74,3,8.58,19,17,2,0,148.98
11,5,8.46,5,17,0,0,16.09
16,2,10.61,18,15,6,0,63.52
61,5,5.47,11,7,5,0,48.02
80,3,10.01,13,18,4,0,178.97
7,5,10.09,16,15,3,0,16.1
16,2,9.78,6,16,1,0,55.47
16,1,8.05,20,7,1,0,96.43
40,3,7.16,0,7,1,0,63.56
12,3,7.16,16,10,5,1,29.16
35,5,9.87,5,12,5,1,49.78
21,4,7.98,3,8,3,0,31.65
50,4,6.71,13,7,4,0,61.18
43,2,9.0,7,18,1,0,127.81
17,1,10.7,17,10,0,1,130.92
32,1,4.49,19,14,4,0,100.21
41,5,11.78,12,12,4,1,70.43
6,5,4.77,7,18,5,0,6.0
27,4,8.09,15,11,5,1,48.79
20,1,8.48,4,7,4,0,111.67
25,1,5.11,2,9,1,0,85.43
66,1,11.32,12,13,4,1,240.0
9,2,7.77,14,16,5,0,26.97
53,2,5.14,3,9,1,0,93.19
61,5,9.69,2,11,0,1,79.42
38,4,9.31,1,12,5,1,60.82
3,3,11.7,3,15,0,0,8.16
70,4,7.53,5,17,0,0,89.75
55,2,6.14,3,9,5,0,110.01
1,2,4.48,16,12,5,1,11.71
70,5,9.86,6,17,0,0,94.43
45,3,8.94,17,8,4,0,95.11
47,1,11.78,9,15,4,0,240.0
79,3,9.7,16,18,6,0,178.86
26,3,11.47,3,15,1,0,65.24
14,3,11.93,18,13,6,1,50.07
54,5,7.43,6,17,0,0,52.72
71,2,5.2,12,15,2,0,124.82
46,1,5.57,2,10,0,1,172.15
31,3,6.55,7,16,3,0,50.36
59,1,8.07,10,7,2,0,240.0
29,3,4.98,15,7,3,0,39.55
17,2,6.41,19,8,2,0,42.63
14,1,6.46,18,16,5,0,67.2
36,4,4.03,8,17,1,0,26.44
58,2,6.83,9,9,6,0,131.73
24,1,4.93,5,8,4,0,79.76
63,3,7.44,2,10,1,1,104.54
25,3,5.57,19,14,2,0,33.18
59,2,10.58,7,9,0,0,205.5
32,2,4.64,5,10,1,1,53.14
18,3,10.93,7,8,2,0,45.23
37,1,8.64,13,7,0,0,212.68
26,4,7.67,7,14,4,0,36.89
9,5,8.4,10,13,2,1,19.96
64,2,7.01,9,16,3,0,147.7
72,3,5.02,9,8,3,0,85.17
20,1,10.13,10,14,3,0,138.0
54,2,11.42,0,16,0,0,199.48
30,1,11.6,14,9,6,0,232.92
53,2,9.37,4,13,0,1,169.27
63,3,7.28,13,7,6,0,104.95
11,1,7.83,19,18,1,0,66.95
31,3,9.26,7,9,0,0,66.27
49,1,10.58,16,15,2,0,240.0
19,2,7.0,3,10,3,1,49.88
12,5,11.33,3,7,6,0,17.95
15,5,6.59,17,17,4,0,21.63
31,4,8.25,18,12,5,1,56.21
43,4,11.69,2,7,3,0,84.15
37,3,11.51,8,16,2,0,97.57
79,1,9.57,6,7,5,0,240.0
29,4,6.6,1,8,4,0,34.51
26,2,5.75,8,9,1,0,53.26
2,5,4.64,5,8,0,0,7.02
15,1,9.67,5,14,2,0,94.42
4,5,8.03,15,12,5,1,15.07
50,1,8.58,1,7,0,0,240.0
38,4,7.78,15,12,6,1,61.2
23,4,7.86,2,7,1,0,28.81
59,3,8.57,15,15,4,0,115.47
75,1,11.31,11,9,5,0,240.0
28,2,4.23,2,18,2,0,39.19
66,4,10.41,10,7,6,0,117.78
8,3,7.12,10,7,4,0,15.68
29,4,9.96,15,8,5,0,55.83
11,5,11.59,4,12,5,1,24.27
18,4,6.45,19,7,2,0,30.91
55,1,4.72,7,13,1,1,174.23
50,3,5.86,10,17,1,0,66.09
14,1,5.78,10,18,1,0,57.41
74,2,9.93,17,10,0,1,240.0
9,2,4.49,18,13,6,1,24.34
11,4,4.41,9,10,3,1,14.22
63,3,9.55,3,17,4,0,130.86
76,3,8.45,9,10,2,1,148.01
67,3,7.34,13,10,4,1,117.28
53,3,8.6,5,16,3,0,99.48
39,4,9.88,4,18,0,0,63.15
78,1,4.83,14,16,0,0,240.0
56,4,8.43,4,14,3,0,77.22
28,1,10.6,5,8,5,0,193.31
75,5,6.9,18,14,2,0,77.33
39,5,10.1,19,16,3,0,59.55
25,1,10.76,16,17,0,0,181.85
21,4,10.57,13,7,5,0,41.88
10,2,9.2,10,13,0,1,39.48
43,4,9.74,13,13,5,1,78.67
15,2,10.3,4,12,4,1,55.1
48,4,9.87,12,10,2,1,86.7
21,3,7.61,11,11,2,1,43.7
60,3,5.27,18,7,0,0,80.42
50,5,6.48,9,8,3,0,46.58
23,5,5.66,12,16,0,0,21.29
13,1,6.89,14,13,4,1,66.04
69,2,7.91,19,8,3,0,188.77
4,3,11.67,12,14,0,0,15.95
78,4,11.68,3,13,5,1,154.18
72,1,10.16,8,16,6,0,240.0
9,4,11.84,18,14,5,0,24.81
35,3,11.98,19,10,2,1,102.79
21,3,11.08,6,7,4,0,53.53
58,3,4.64,14,13,6,1,73.93
18,3,7.41,16,7,0,0,35.46
72,4,8.27,13,13,0,1,106.21
43,1,4.99,13,15,5,0,147.64
6,3,10.47,8,11,6,1,22.8
78,5,5.19,15,8,5,0,59.13
67,1,7.07,1,17,5,0,240.0
12,5,4.55,13,7,5,0,13.07
12,4,8.2,3,14,1,0,21.12
66,3,8.78,2,10,6,1,129.67
2,1,9.88,2,14,6,0,15.46
15,3,6.72,10,8,3,0,24.63
23,3,8.72,4,9,1,0,47.13
29,1,9.87,15,9,2,0,195.32
7,3,10.1,18,10,3,1,28.38
28,3,6.41,8,15,4,0,45.35
14,2,4.54,10,15,3,0,25.44
44,2,4.3,11,11,6,1,74.95
30,1,10.14,7,13,5,1,204.99
32,1,7.08,13,15,0,0,153.09
70,3,5.07,16,7,0,0,85.56
6,5,5.48,19,8,0,0,11.37
27,1,10.13,14,12,3,1,189.26
24,3,8.79,14,9,0,0,51.07
34,5,8.01,11,17,0,0,42.85
40,2,8.98,8,18,5,0,122.52
47,1,5.1,11,17,1,0,159.78
79,3,6.55,18,13,0,1,124.23
75,2,6.99,11,11,1,1,181.82
24,4,6.52,10,16,2,0,34.33
65,2,10.92,5,14,3,0,233.21
18,3,8.65,7,7,1,0,38.9
44,5,9.83,10,15,6,0,62.74
76,4,5.89,2,17,5,0,75.27
57,4,6.11,15,16,3,0,59.5
28,4,5.8,5,12,6,1,31.07
71,1,9.5,8,18,6,0,240.0
23,3,6.79,8,11,3,1,40.27
34,4,7.24,5,14,4,0,42.08
11,2,9.67,4,18,1,0,40.51
35,5,11.77,0,18,0,0,52.57
42,3,5.3,2,10,6,1,53.5
28,2,4.5,2,18,5,0,42.79
78,1,5.56,11,15,5,0,240.0
24,4,9.88,3,11,4,1,45.26
8,2,5.56,20,7,1,0,23.43
53,3,8.67,15,14,5,0,107.08
72,2,8.72,10,15,1,0,208.59
4,1,6.36,7,11,2,1,25.85
5,5,4.55,8,11,0,1,10.87
49,4,7.19,13,12,2,1,68.2
30,3,5.49,14,15,3,0,41.73
72,4,5.48,18,11,0,1,81.12
63,4,8.18,8,8,2,0,86.09
47,4,9.38,16,9,2,0,83.89
26,2,4.6,8,17,6,0,42.51
57,2,8.63,2,16,6,0,162.7
37,5,5.97,15,9,0,0,36.45
7,1,9.39,12,15,1,0,46.35
40,3,10.48,16,14,3,0,97.86
39,2,10.46,3,12,4,1,140.33
62,4,6.96,20,11,5,1,82.03
78,1,8.54,8,16,4,0,240.0
53,3,10.35,8,8,4,0,119.23
4,3,4.49,17,15,3,0,12.41
25,3,8.84,13,16,0,0,52.42
7,3,10.69,19,14,0,0,25.83
28,5,6.98,2,11,6,1,31.59
69,3,7.64,3,12,0,1,120.98
67,1,9.59,0,15,4,0,240.0
20,2,4.54,17,7,1,0,42.06
11,1,7.09,3,10,2,1,59.36
67,4,6.37,9,11,6,1,75.95
7,5,4.14,3,15,4,0,6.52
23,5,5.57,20,18,3,0,27.8
61,4,7.17,16,11,0,1,80.87
71,1,5.58,7,11,6,1,240.0
34,1,8.82,18,18,2,0,200.67
19,4,7.59,8,18,0,0,26.33
58,3,4.32,15,9,0,0,63.08
9,3,6.2,14,14,0,0,21.23
48,2,4.16,19,13,5,1,82.83
41,1,6.87,15,14,6,0,192.17
48,1,6.07,20,10,1,1,204.2
45,4,9.51,11,14,6,0,78.71
25,4,6.46,17,16,2,0,37.85
78,3,7.0,6,10,6,1,124.18
25,1,9.8,15,7,6,0,166.5
19,1,7.85,18,10,6,1,111.34
39,5,8.45,5,11,4,1,46.64
79,2,10.73,5,16,1,0,240.0
80,2,5.66,5,14,5,0,150.54
27,3,11.91,14,18,3,0,78.14
74,1,11.2,1,16,6,0,240.0
63,5,6.29,8,12,5,1,58.84
68,1,11.14,7,17,3,0,240.0
19,4,10.03,6,16,5,0,33.14
28,3,11.45,15,11,4,1,82.88
78,2,9.53,14,9,2,0,240.0
33,1,9.4,8,10,4,1,211.57
10,3,4.03,19,12,1,1,18.59
30,2,7.8,14,12,2,1,84.47
22,1,5.6,1,12,6,1,85.22
3,5,6.59,19,8,6,0,9.56
75,3,11.83,13,17,3,0,200.76
48,1,4.68,10,18,2,0,153.06
2,2,9.78,2,14,2,0,8.28
76,2,5.38,1,14,2,0,132.76
54,5,4.06,17,12,4,1,40.31
6,3,8.01,13,10,0,1,22.7
40,3,5.29,4,8,1,0,49.07
2,1,11.72,11,12,2,1,23.01
73,2,5.63,13,12,2,1,144.91
2,2,5.54,5,16,4,0,9.07
74,5,4.26,7,9,1,0,45.62
55,5,6.64,6,8,1,0,49.73
72,3,4.19,6,10,6,1,71.92
60,2,7.99,11,14,3,0,160.56
6,1,8.04,6,11,1,1,37.47
19,4,4.43,11,9,1,0,16.76
27,1,5.92,15,18,6,0,111.61
1,5,10.66,6,11,2,1,5.27
33,1,7.7,7,15,6,0,170.22
40,2,7.48,0,17,0,0,96.58
32,3,9.59,12,14,2,0,75.13
69,4,9.72,18,18,5,0,116.0
17,3,10.1,0,16,4,0,36.93
8,4,10.64,17,13,1,1,26.55
57,4,5.86,6,10,0,1,58.97
42,2,4.53,16,8,2,0,70.81
9,2,7.04,14,18,5,0,25.3
35,5,10.84,18,15,3,0,59.18
71,5,4.62,3,9,4,0,47.11
79,4,8.61,16,12,5,1,123.72
53,5,9.61,6,13,6,1,72.33
54,2,7.85,15,18,4,0,147.6
25,5,6.04,16,9,5,0,32.28
67,4,6.61,19,9,4,0,81.96
62,3,4.57,14,9,2,0,67.08
55,1,6.34,8,9,0,0,230.81
46,5,4.36,20,9,0,0,33.64
24,2,9.81,12,13,1,1,88.78
46,3,11.18,6,11,0,1,119.04
22,2,9.07,18,10,6,1,76.8
11,5,9.25,10,12,3,1,23.27
48,4,7.78,7,14,5,0,63.19
8,1,5.25,16,8,4,0,34.91
39,1,4.06,3,18,6,0,104.42
35,3,6.75,3,9,2,0,56.3
49,1,10.01,17,8,4,0,240.0
46,4,11.68,16,13,4,1,100.86
38,2,7.45,2,18,3,0,91.6
8,4,6.92,8,8,5,0,16.52
54,3,7.57,5,11,6,1,93.24
37,3,7.42,1,17,6,0,58.2
40,1,9.01,11,16,6,0,240.0
34,4,9.87,14,15,4,0,61.53
79,2,10.28,8,14,4,0,240.0
17,4,9.2,1,14,3,0,28.36
33,2,7.5,11,9,3,0,86.32
47,2,11.6,15,18,0,0,186.73
52,4,9.69,6,7,5,0,80.99
80,5,7.41,0,8,6,0,77.8
9,4,7.57,20,13,6,1,24.68
33,2,10.54,6,10,4,1,123.06
60,3,7.52,2,16,5,0,94.41
77,3,8.13,19,11,1,1,147.67
21,1,6.33,4,7,1,0,85.78
58,3,10.71,2,17,1,0,136.02
69,5,8.18,14,8,5,0,80.88
10,2,8.42,5,15,3,0,29.94
6,4,11.05,14,12,4,1,23.38
13,4,11.36,2,13,0,1,31.21
65,5,10.59,0,11,4,1,94.21
20,3,4.52,1,15,6,0,17.42
57,2,7.55,3,16,1,0,140.25
46,3,6.75,20,11,5,1,82.64
8,1,5.71,13,12,2,1,40.7
10,3,11.27,13,16,5,0,29.63
73,1,11.12,9,15,1,0,240.0
67,4,7.72,10,11,5,1,94.23
11,2,5.08,3,10,5,1,25.71
12,1,4.11,14,18,5,0,39.82
10,3,7.51,19,11,3,1,28.35
25,3,4.32,3,17,4,0,27.81
49,4,8.88,19,11,3,1,85.57
49,5,8.87,19,11,5,1,71.07
11,5,11.19,15,7,0,0,25.31
62,3,5.52,1,11,4,1,78.13
36,5,6.97,12,11,4,1,43.76
39,2,10.88,7,7,4,0,141.19
53,5,7.79,12,10,2,1,62.2
78,2,4.48,19,14,4,0,120.38
56,3,4.89,20,10,2,1,69.3
1,3,10.51,7,13,6,1,10.55
56,3,9.95,3,12,4,1,124.75
4,4,11.01,4,11,5,1,12.15
30,5,4.95,20,15,1,0,27.77
12,1,10.08,5,14,0,0,78.08
35,1,9.24,18,11,4,1,225.34
77,3,5.86,9,16,6,0,106.32
52,5,11.79,2,13,3,1,81.11
31,2,8.56,12,17,6,0,93.02
68,1,11.26,8,15,1,0,240.0
52,3,10.87,16,13,3,1,136.09
80,1,6.67,9,9,3,0,240.0
7,1,8.29,11,16,6,0,44.78
22,1,7.45,12,17,2,0,110.69
75,3,9.67,9,11,0,1,164.23
56,3,8.7,18,18,6,0,113.69
58,4,10.28,20,15,6,0,108.28
64,4,4.09,18,15,3,0,51.09
12,4,9.5,16,14,6,0,27.91
7,1,6.55,4,12,1,1,35.83
55,5,5.79,7,13,0,1,48.77
62,3,10.41,4,13,1,1,146.08
73,4,4.71,14,17,3,0,62.8
77,5,5.83,3,7,0,0,56.74
55,4,5.63,12,14,4,0,54.42
36,4,7.36,16,12,3,1,58.36
24,5,6.58,4,13,3,1,27.48
44,4,9.76,0,16,6,0,73.39
17,1,9.59,14,16,5,0,111.2
2,1,6.6,9,17,5,0,13.07
13,1,7.5,10,8,2,0,67.98
31,2,5.66,17,13,1,1,67.43
28,4,9.37,12,14,4,0,45.27
60,2,7.17,19,18,0,0,147.34
27,3,5.06,15,11,3,1,43.2
15,5,5.02,18,7,3,0,17.83
79,3,6.58,11,12,4,1,121.5
33,2,9.98,13,9,3,0,113.52
20,1,4.2,1,11,6,1,59.43
42,4,6.06,9,15,1,0,45.26
12,4,5.3,3,13,0,1,15.06
73,1,11.65,0,14,6,0,240.0
23,4,9.64,16,12,4,1,51.29
72,5,5.87,10,15,4,0,58.71
14,5,5.66,6,9,5,0,10.24
25,5,10.86,16,7,2,0,42.04
77,3,5.52,16,16,0,0,99.89
31,1,11.98,8,18,4,0,240.0
54,5,6.26,9,18,6,0,48.64
5,2,4.67,5,18,3,0,11.23
13,5,9.53,16,17,6,0,22.04
28,3,8.88,15,10,5,1,64.78
43,2,12.0,6,14,0,0,172.05
47,1,10.42,18,12,1,1,240.0
71,1,7.43,3,13,4,1,240.0
38,5,9.41,19,15,1,0,55.78
67,2,10.54,16,8,4,0,237.69
62,2,8.11,8,13,3,1,174.57
39,5,6.18,10,18,2,0,37.48
37,5,5.68,0,10,3,1,27.25
8,4,6.36,6,13,1,1,15.6
52,4,10.78,4,14,6,0,96.62
33,5,7.04,4,18,0,0,32.3
42,3,6.29,0,8,6,0,53.62
76,4,10.45,5,13,5,1,133.51
27,5,4.26,12,14,1,0,20.75
8,2,8.75,14,18,2,0,28.16
23,4,10.99,3,7,4,0,45.82
64,3,7.28,16,17,5,0,106.82
20,1,6.15,12,16,4,0,85.86
16,2,7.93,10,11,1,1,50.22
17,3,9.74,3,15,0,0,40.47
80,3,8.13,6,8,4,0,143.74
19,3,4.06,18,12,6,1,31.99
8,2,4.63,6,8,4,0,14.53
38,3,9.77,13,9,5,0,86.7
38,1,7.2,20,17,2,0,187.1
53,4,10.28,15,12,5,1,96.55
31,2,9.2,20,11,2,1,108.7
44,3,8.65,8,10,6,1,91.9
60,5,11.21,1,13,0,1,91.9
76,4,4.17,15,9,4,0,58.06
17,2,5.24,4,16,3,0,28.49
79,5,9.0,11,13,1,1,100.84
73,5,4.53,19,18,5,0,52.42
39,3,9.16,14,15,4,0,85.03
42,2,11.87,2,8,1,0,163.96
48,3,11.03,8,11,5,1,120.89
12,1,8.73,6,7,4,0,69.35
18,5,11.15,3,13,2,1,31.45
79,1,4.93,8,8,0,0,240.0
6,3,7.64,14,17,3,0,18.29
43,4,7.43,20,11,5,1,63.11
35,5,6.69,6,7,2,0,34.59
54,4,4.0,10,17,0,0,40.22
62,2,11.13,18,7,2,0,232.03
69,5,10.22,10,10,5,1,101.32
16,1,9.22,0,13,6,1,101.07
8,4,5.03,20,13,1,1,16.73
31,2,7.03,12,14,4,0,80.72
10,5,11.39,12,18,2,0,20.72
56,2,8.94,1,15,6,0,164.13
76,1,8.83,16,10,6,1,240.0
70,5,11.31,18,8,5,0,112.26
20,2,8.48,14,16,0,0,61.08
5,3,8.78,18,18,4,0,18.7
23,5,6.77,9,18,5,0,24.75
9,5,6.97,9,16,6,0,13.22
58,5,9.48,8,9,1,0,78.54
59,5,6.56,18,15,1,0,58.71
80,3,8.47,10,17,3,0,149.98
54,1,6.23,5,14,4,0,221.26
46,3,5.33,1,12,1,1,56.15
22,3,7.64,9,17,2,0,38.69
64,2,5.74,14,9,1,0,124.91
8,4,11.19,4,16,1,0,13.76
20,4,6.43,17,14,1,0,26.83
51,2,8.78,6,8,6,0,151.45
78,3,6.11,2,17,3,0,106.37
39,2,6.06,20,10,5,1,90.74
37,5,6.81,15,10,0,1,42.09
50,2,11.33,16,15,5,0,188.36
34,2,7.13,1,14,1,0,78.72
75,5,10.57,15,13,0,1,115.86
33,4,5.58,20,10,4,1,43.68
31,5,4.39,19,13,0,1,33.08
54,1,10.25,0,7,4,0,240.0
44,2,8.33,13,17,3,0,125.04
34,2,8.03,15,14,4,0,97.31
71,4,6.18,8,14,4,0,72.63
62,3,4.58,16,15,2,0,69.93
23,5,7.86,7,15,3,0,27.31
46,3,10.94,8,7,1,0,112.57
56,1,4.96,1,16,3,0,183.72
7,5,11.43,12,13,2,1,21.78
61,1,6.2,0,7,6,0,240.0
3,1,8.26,6,12,4,1,22.34
38,1,4.53,17,11,5,1,123.0
34,5,7.4,20,17,3,0,42.47
44,5,5.01,4,8,2,0,28.68
30,4,4.38,6,9,5,0,22.24
17,2,11.73,11,14,1,0,69.97
59,3,9.84,16,8,4,0,133.95
10,3,9.75,4,17,3,0,21.48
18,1,4.72,11,10,3,1,62.85
45,5,11.43,18,9,5,0,72.7
59,5,7.76,12,18,6,0,66.16
62,1,10.82,15,13,6,1,240.0
59,2,4.1,18,14,4,0,86.42
49,3,6.39,9,10,6,1,78.01
63,4,11.97,11,12,3,1,126.93
32,2,7.42,6,9,4,0,81.22
10,5,11.11,13,13,6,1,27.79
11,1,6.62,9,14,2,0,47.65
70,3,8.2,7,13,4,1,127.96
62,1,10.83,14,10,1,1,240.0
47,5,8.85,15,16,4,0,59.16
34,1,9.8,7,18,5,0,222.08
17,3,5.83,3,15,3,0,22.44
54,1,5.25,16,16,5,0,196.34
76,3,5.84,3,14,4,0,96.92
40,1,7.94,10,12,4,1,214.85
19,1,10.41,12,8,4,0,137.22
67,3,6.83,5,16,1,0,96.54
53,1,8.52,13,13,5,1,240.0
64,2,10.44,6,15,1,0,221.24
47,4,5.91,11,15,3,0,52.87
6,2,11.06,0,15,5,0,23.36
16,4,11.62,9,15,3,0,35.24
72,2,4.31,0,12,4,1,107.45
18,4,4.47,15,7,0,0,23.31
52,1,4.73,6,12,5,1,168.17
48,3,10.21,19,11,2,1,117.66
43,3,5.51,5,13,4,1,58.14
39,5,9.81,17,14,6,0,59.88
49,4,7.53,19,7,6,0,68.9
12,5,10.69,3,16,2,0,19.57
10,5,10.47,15,10,1,1,24.97
71,4,11.68,0,10,3,1,137.62
55,3,6.01,20,7,0,0,81.92
1,4,5.83,19,17,6,0,7.71
49,1,4.25,1,10,3,1,140.37
36,5,7.28,15,13,1,1,44.14
21,5,7.67,20,12,4,1,36.1
37,4,11.72,8,10,1,1,76.19
24,5,10.65,14,8,0,0,44.06
55,3,5.33,15,18,4,0,68.97
25,5,10.39,8,13,5,1,43.48
7,4,5.43,6,14,6,0,8.88
71,3,4.62,9,15,4,0,76.61
71,3,10.7,6,15,0,0,169.07
24,5,11.81,12,10,6,1,46.45
11,4,4.7,1,9,3,0,8.57
73,5,10.51,11,11,4,1,108.86
12,1,10.87,12,12,3,1,90.87
35,1,4.95,2,18,2,0,115.28
63,3,6.27,10,14,0,0,90.67
68,5,9.87,7,9,2,0,90.07
57,1,10.46,10,12,4,1,240.0
13,2,6.83,17,11,0,1,40.47
23,1,5.28,6,13,4,1,81.86
39,5,9.19,11,15,6,0,51.22
80,5,9.62,5,13,0,1,106.53
12,1,8.03,9,17,3,0,65.51
34,5,5.16,19,12,1,1,36.41
71,5,10.76,14,15,5,0,108.01
75,2,9.16,19,16,1,0,231.58
31,3,10.95,14,10,0,1,81.67
62,5,11.46,18,7,6,0,101.47
13,4,10.45,5,14,2,0,25.43
31,3,11.67,18,12,0,1,94.82
2,3,11.63,14,12,3,1,15.07
15,4,8.95,19,11,5,1,35.38
57,1,9.83,19,16,2,0,240.0
75,2,9.6,17,17,0,0,240.0
34,5,8.97,1,9,6,0,41.26
68,1,4.15,6,12,5,1,191.48
75,4,6.85,4,7,5,0,86.72
29,2,4.8,2,13,6,1,49.07
66,2,6.4,5,12,0,1,141.94
16,2,4.55,5,11,4,1,29.65
39,4,11.36,0,9,3,0,71.97
77,1,7.61,18,14,3,0,240.0
37,5,5.51,11,10,6,1,37.04
21,2,8.68,4,15,1,0,62.92
44,2,5.57,6,15,4,0,80.15
19,1,10.44,19,11,6,1,144.23
71,2,6.45,7,17,2,0,150.0
8,2,6.52,18,13,5,1,28.49
77,4,10.96,5,12,1,1,143.69
66,3,8.47,14,18,3,0,128.31
41,1,11.1,5,18,0,0,240.0
75,1,7.3,8,12,4,1,240.0
70,1,6.75,3,10,3,1,240.0
61,4,8.05,15,16,3,0,85.95
26,4,4.49,9,18,4,0,22.47
71,5,5.23,0,14,3,0,46.35
70,4,5.76,10,17,1,0,69.56
29,1,10.53,16,17,6,0,209.94
66,5,9.87,17,17,4,0,92.96
19,3,5.55,19,16,3,0,32.71
68,2,6.21,19,9,3,0,145.86
58,2,11.55,14,11,4,1,226.84
70,5,4.69,5,7,0,0,45.47
57,3,8.38,15,7,2,0,111.29
37,2,8.18,1,15,4,0,101.19
61,5,9.81,2,10,0,1,81.81
30,4,6.09,16,15,5,0,36.81
71,1,11.48,7,13,3,1,240.0
73,3,7.28,19,16,1,0,125.09
25,2,6.29,14,14,5,0,60.25
65,1,6.69,12,17,6,0,240.0
6,5,6.79,20,15,3,0,18.72
18,2,5.59,18,7,3,0,39.17
10,1,11.42,0,13,5,1,78.89
11,4,5.4,11,14,0,0,16.05
65,3,11.06,17,8,4,0,161.31
77,5,7.24,17,16,2,0,82.89
65,2,6.15,2,15,2,0,126.34
52,4,5.59,17,18,4,0,55.25
67,3,8.03,16,7,6,0,121.27
78,3,9.35,10,18,4,0,169.05
31,4,11.19,4,9,1,0,58.14
17,2,9.22,6,17,4,0,55.84
55,3,7.87,17,15,6,0,102.34
36,5,4.27,6,7,1,0,21.57
26,1,11.32,17,10,4,1,206.02
53,5,11.22,1,16,6,0,77.74
17,3,7.03,5,12,6,1,30.03
25,1,4.23,7,12,1,1,74.97
2,4,9.87,20,10,4,1,15.2
5,1,10.33,20,16,4,0,43.39
4,1,8.34,16,16,2,0,29.12
36,1,7.22,3,16,3,0,170.03
6,3,10.81,16,16,3,0,23.01
21,2,5.54,15,7,1,0,50.68
77,3,7.52,20,11,0,1,139.61
26,2,4.2,14,11,5,1,44.86
55,4,5.31,14,9,2,0,58.99
39,4,11.53,7,17,4,0,79.53
33,4,8.62,16,9,2,0,55.33
14,4,10.44,18,10,0,1,37.03
56,4,7.89,0,9,2,0,72.59
21,5,10.68,12,9,0,0,30.47
46,3,8.31,5,9,5,0,82.13
16,2,4.04,9,13,0,1,31.26
16,4,11.2,0,15,0,0,32.01
29,5,5.19,11,17,6,0,21.45
8,5,7.6,18,7,0,0,15.15
3,5,7.81,14,14,0,0,8.72
19,3,4.38,20,16,4,0,26.16
66,4,4.42,4,18,2,0,50.01
79,5,10.1,1,7,3,0,105.72
74,5,6.4,18,15,3,0,68.53
22,4,7.28,13,14,4,0,29.69
46,3,8.51,8,12,1,1,90.47
13,5,6.99,0,12,5,1,14.91
33,2,10.2,12,17,6,0,118.57
5,1,11.08,16,16,0,0,44.14
77,1,4.48,1,13,2,1,232.58
27,1,9.08,13,14,0,0,167.44
78,3,6.54,19,13,6,1,122.77
24,5,8.67,5,7,0,0,29.82
67,1,7.87,5,16,3,0,240.0
63,1,6.67,17,10,0,1,240.0
48,4,4.76,18,10,6,1,49.51
63,5,8.48,8,15,2,0,75.03
78,5,4.9,14,18,2,0,55.53
12,4,5.25,6,15,3,0,12.76
28,5,11.86,5,9,4,0,44.49
44,2,6.53,4,17,3,0,98.08
43,3,8.68,18,15,3,0,89.51
17,4,6.18,19,11,6,1,29.93
40,1,10.92,0,17,0,0,240.0
49,5,6.27,20,12,1,1,54.59
57,2,6.94,6,13,5,1,135.74
64,2,8.87,17,9,4,0,194.92
75,3,10.96,7,10,4,1,184.83
57,2,10.53,11,11,6,1,208.12
74,5,6.11,9,7,4,0,61.83
74,5,10.64,5,14,0,0,105.1
70,2,9.61,15,17,3,0,227.07
76,5,11.92,18,13,5,1,130.73
43,5,11.48,17,17,6,0,72.7
23,1,8.27,12,18,6,0,127.88
27,4,10.0,19,8,0,0,54.72
58,5,8.56,6,13,2,1,71.86
37,5,8.76,6,18,1,0,45.19
6,3,4.81,15,15,1,0,9.95
65,4,4.02,9,11,5,1,52.09
6,4,4.39,14,17,0,0,12.53
50,4,11.73,13,12,3,1,100.29
22,2,5.01,11,11,4,1,46.6
25,1,4.36,14,7,5,0,77.39
79,1,6.48,7,12,5,1,240.0
72,3,8.71,6,13,2,1,140.94
51,4,11.59,20,11,2,1,107.58
48,4,9.6,8,9,6,0,77.18
70,5,6.21,13,12,6,1,68.08
65,2,11.51,6,18,5,0,240.0
60,2,4.29,11,18,6,0,90.31
46,3,11.83,13,17,1,0,123.89
36,1,4.47,10,13,5,1,118.85
58,4,10.03,18,16,3,0,98.62
76,3,4.36,5,16,4,0,72.28
38,2,11.45,2,18,6,0,142.91
11,2,4.87,5,15,1,0,18.57
12,2,4.4,8,13,3,1,24.61
42,4,11.11,1,9,4,0,76.41
39,4,4.77,5,7,0,0,32.14
71,4,10.38,13,13,3,1,127.5
11,5,9.98,18,18,5,0,24.93
36,1,8.79,3,14,5,0,208.85
52,2,7.02,13,17,2,0,128.29
31,2,11.32,20,7,6,0,120.28
33,5,10.97,9,11,3,1,57.1
13,2,7.41,5,18,3,0,32.08
18,2,5.85,10,18,5,0,38.98
41,4,6.18,12,14,5,0,45.87
58,4,5.76,17,16,3,0,60.87
56,1,8.33,19,13,4,1,240.0
24,2,10.95,13,8,4,0,95.27
73,3,10.19,19,10,0,1,178.62
31,2,10.36,19,12,0,1,119.95
55,2,7.59,10,13,4,1,142.44
10,1,6.58,20,13,6,1,56.51
60,3,10.06,4,9,4,0,132.67
2,2,10.35,7,18,1,0,11.29
15,3,9.56,3,14,3,0,34.04
3,4,4.26,11,13,3,1,10.65
43,4,8.72,5,10,2,1,69.93
31,3,6.78,7,16,4,0,53.75
70,2,5.57,3,10,4,1,132.93
67,3,9.56,19,10,0,1,151.15
56,3,6.15,9,11,5,1,85.27
63,4,11.3,10,17,0,0,122.91
75,3,6.38,14,8,5,0,112.07
15,5,8.44,4,15,3,0,18.45
10,5,10.62,2,12,3,1,21.62
38,4,7.22,14,18,5,0,49.66
47,2,10.63,1,14,4,0,162.74
57,2,9.79,1,17,3,0,185.67
50,4,11.37,7,7,4,0,95.84
71,2,6.61,13,12,6,1,163.08
15,1,4.84,8,12,2,1,55.63
18,5,7.44,4,14,2,0,17.59
2,1,10.29,11,7,1,0,16.59
43,1,7.6,9,11,0,1,219.85
26,1,6.1,0,9,6,0,102.72
71,4,4.22,18,12,1,1,64.04
38,1,6.5,10,15,2,0,166.08
42,3,9.71,16,16,3,0,99.4
5,2,5.18,2,9,6,0,10.49
11,4,6.73,0,15,0,0,13.76
65,3,4.16,16,18,0,0,67.85
34,3,9.77,5,15,1,0,77.65
1,5,11.05,12,7,0,0,7.55
2,5,8.55,19,8,2,0,11.91
20,3,4.21,3,17,3,0,17.62
61,5,5.74,4,10,1,1,53.3
21,2,7.51,14,17,3,0,57.28
68,2,8.7,13,17,5,0,200.23
12,5,7.97,18,18,1,0,21.82
22,1,11.33,14,13,5,1,170.72
20,3,11.51,11,18,4,0,55.57
1,2,4.86,17,8,6,0,9.22
30,5,5.11,13,13,0,1,27.57
24,5,6.86,9,11,4,1,30.57
14,2,7.37,7,16,5,0,40.46
36,2,8.69,3,13,0,1,105.22
69,1,10.19,17,18,4,0,240.0
75,5,5.09,7,15,3,0,57.21
24,5,10.42,3,15,2,0,30.79
60,4,8.88,10,9,1,0,95.11
55,1,11.85,4,9,0,0,240.0
77,2,9.21,9,13,1,1,239.15
80,2,9.73,5,11,2,1,240.0
24,3,5.56,3,11,4,1,36.7
77,2,10.15,17,11,6,1,240.0
24,5,4.63,20,15,6,0,28.13
54,2,9.25,16,10,3,1,175.42
26,5,4.44,6,12,5,1,25.55
66,5,4.92,8,12,1,1,51.82
80,1,4.86,2,13,5,1,240.0
38,2,4.42,8,8,4,0,59.32
65,1,6.57,3,12,5,1,240.0
75,5,11.95,18,15,0,0,124.68
51,2,6.79,8,9,6,0,114.72
35,2,10.09,19,8,1,0,124.05
43,1,5.06,5,14,6,0,141.92
29,1,7.64,10,7,1,0,148.2
37,5,5.48,14,17,6,0,33.83
58,5,5.54,5,14,0,0,45.33
54,2,4.8,19,11,2,1,100.48
39,2,7.46,9,15,4,0,99.56
42,4,4.6,17,15,5,0,40.87
28,4,11.28,15,10,5,1,62.4
29,3,7.58,3,7,1,0,49.14
43,5,10.71,19,11,4,1,73.52
3,3,11.84,12,13,5,1,21.9
10,3,9.42,4,15,3,0,23.26
59,1,11.21,19,16,4,0,240.0
14,1,5.08,18,15,4,0,55.69
76,4,10.64,17,15,6,0,138.21
47,3,6.17,19,12,5,1,75.03
42,4,7.78,16,8,6,0,61.2
32,5,9.17,15,11,0,1,50.54
32,2,11.23,0,9,6,0,117.56
42,1,11.29,20,18,5,0,240.0
32,5,4.74,0,12,4,1,20.65
26,5,6.92,19,17,6,0,32.63
1,1,10.35,13,11,5,1,17.1
56,1,9.63,1,16,5,0,240.0
2,3,4.21,14,17,2,0,9.25
30,4,7.6,2,7,4,0,37.2
71,5,10.63,12,16,3,0,105.94
52,3,9.9,18,16,5,0,121.88
9,3,7.29,0,18,4,0,15.86
22,5,9.88,12,8,5,0,37.19
34,5,8.41,14,17,0,0,45.12
49,2,11.3,15,11,3,1,191.56
1,4,8.7,10,18,0,0,6.21
73,5,7.21,2,12,5,1,74.83
53,1,10.9,7,7,2,0,240.0
40,2,4.4,5,13,6,1,60.04
45,4,11.2,4,9,2,0,82.71
68,1,9.57,14,7,0,0,240.0
9,1,11.52,8,13,6,1,71.68
22,4,6.0,4,13,2,1,28.14
18,2,9.56,20,16,5,0,67.02
76,1,10.48,9,9,0,0,240.0
43,3,9.62,5,12,6,1,94.78
39,4,5.68,10,10,1,1,42.88
73,4,6.2,3,10,4,1,79.43
6,5,8.53,19,15,1,0,15.53
48,2,7.57,11,13,2,1,130.68
7,3,9.88,19,12,0,1,29.44
80,3,7.03,5,18,0,0,123.56
69,5,10.88,0,15,6,0,98.19
16,1,7.46,17,9,5,0,84.73
1,1,4.32,1,18,0,0,2.94
37,3,4.14,4,10,0,1,35.63
37,2,9.17,15,15,4,0,117.05
64,1,8.32,11,10,3,1,240.0
62,4,8.34,11,13,6,1,93.19
72,5,10.32,10,15,1,0,103.38
61,2,7.01,19,10,2,1,155.01
33,1,11.96,18,15,0,0,240.0
66,3,11.56,20,13,1,1,183.29
30,5,4.1,6,10,3,1,25.06
20,1,11.17,1,9,1,0,145.78
60,3,9.44,5,12,2,1,128.81
74,1,8.02,3,9,6,0,240.0
24,5,8.66,1,13,0,1,30.1
4,4,10.73,16,7,6,0,15.64
37,4,11.61,7,13,6,1,76.57
4,3,8.48,4,9,2,0,6.67
77,4,5.45,9,15,6,0,74.29
77,5,9.12,15,12,6,1,101.63
18,3,4.61,1,13,0,1,19.46
66,1,9.08,18,15,3,0,240.0
48,2,10.47,6,12,5,1,172.64
33,1,6.83,1,16,2,0,144.72
58,5,4.57,12,17,1,0,39.39
73,3,9.54,3,8,5,0,150.78
28,1,6.71,15,12,6,1,132.34
35,3,5.99,9,12,3,1,49.77
10,4,9.51,16,8,2,0,22.62
65,2,11.76,20,13,5,1,240.0
42,5,9.96,13,18,0,0,64.04
9,1,7.93,11,15,5,0,52.17
60,2,8.8,12,16,3,0,176.52
15,5,5.14,19,10,0,1,23.97
57,5,10.51,7,17,5,0,78.68
69,4,8.83,16,11,6,1,111.16
22,3,11.73,17,12,4,1,67.09
64,3,11.84,20,7,1,0,174.44
41,2,6.84,9,14,0,0,96.57
71,4,11.91,12,18,2,0,142.31
56,5,11.65,1,15,4,0,85.86
23,4,9.12,16,7,3,0,40.7
25,4,6.67,5,10,2,1,31.49
6,2,10.03,11,12,6,1,30.89
34,3,6.17,12,16,3,0,53.51
63,4,9.04,3,7,4,0,94.46
9,4,4.2,14,9,6,0,14.7
60,4,9.03,15,13,2,1,96.45
49,1,11.61,20,14,6,0,240.0
51,4,5.88,18,14,0,0,60.58
60,4,10.23,14,11,6,1,111.95
70,5,6.35,5,7,5,0,60.03
37,1,9.66,19,7,2,0,239.16
31,4,9.6,5,14,1,0,51.95
41,4,5.48,4,11,0,1,43.62
62,2,8.78,1,17,1,0,179.6
58,2,10.87,19,15,2,0,213.75
14,1,7.06,1,7,2,0,63.61
36,5,9.68,4,8,3,0,45.78
36,1,9.4,2,10,2,1,223.11
79,1,6.06,5,16,6,0,240.0
8,2,11.35,10,17,6,0,34.44
26,2,8.51,4,13,6,1,78.84
36,5,6.84,17,10,0,1,44.82
48,4,5.31,13,14,6,0,47.09
28,5,7.79,9,13,1,1,35.11
68,4,9.84,2,11,5,1,116.38
62,3,8.99,15,13,5,1,132.72
80,2,9.82,15,14,4,0,240.0
76,3,10.33,10,9,1,0,176.05
80,3,7.53,3,9,5,0,131.29
51,2,8.16,10,8,5,0,139.43
42,3,11.89,7,10,3,1,114.1
29,1,11.74,15,17,4,0,231.34
10,4,7.32,7,10,5,1,22.2
39,5,9.48,8,10,5,1,55.45
1,2,6.14,13,8,4,0,9.82
39,1,5.22,7,13,2,1,139.12
21,5,10.15,15,16,5,0,32.24
65,5,7.49,1,9,3,0,62.65
15,5,5.42,19,18,3,0,21.53
4,3,10.07,18,16,2,0,19.75
60,3,11.32,19,7,5,0,156.65
61,3,11.47,19,8,0,0,159.73
20,3,8.77,18,11,2,1,48.75
10,1,7.84,18,15,3,0,59.33
34,3,5.13,17,10,4,1,49.8
48,2,10.34,12,12,6,1,170.8
33,5,11.56,16,9,0,0,55.25
61,1,11.12,0,15,6,0,240.0
10,3,10.01,20,8,6,0,31.89
54,5,4.04,4,14,6,0,29.8
65,1,7.26,19,17,5,0,240.0
77,5,7.29,20,9,3,0,84.04
1,1,11.15,12,14,3,0,14.35
5,4,4.53,5,9,6,0,8.7
80,1,8.25,9,17,2,0,240.0
15,3,5.09,8,18,1,0,21.57
28,5,9.3,5,18,3,0,36.03
23,5,10.34,0,10,1,1,33.63
17,5,9.14,17,14,0,0,30.42
13,2,10.36,6,16,4,0,44.4
14,2,8.86,9,10,1,1,48.98
11,3,5.52,11,17,1,0,16.79
28,4,7.06,20,15,1,0,44.08
42,2,11.65,14,15,1,0,167.64
61,1,6.31,16,12,1,1,240.0
64,3,4.5,2,7,0,0,69.2
31,4,7.08,14,15,5,0,41.18
73,1,6.93,0,15,5,0,240.0
10,5,7.76,10,13,3,1,20.2
8,2,8.48,5,15,4,0,25.03
21,1,11.94,15,14,6,0,169.93
77,4,10.05,20,15,3,0,135.97
59,3,4.29,11,15,0,0,63.9
50,1,9.7,20,13,0,1,240.0
69,3,10.59,14,12,1,1,170.63
70,5,11.17,17,8,6,0,106.93
30,4,7.39,9,13,0,1,44.24
17,4,6.51,11,7,6,0,28.06
75,2,10.71,19,12,0,1,240.0
20,4,10.22,18,12,1,1,45.11
48,1,8.29,4,18,0,0,240.0
73,1,4.94,17,13,0,1,240.0
2,1,9.21,18,8,0,0,19.52
37,5,4.53,11,18,2,0,28.7
1,4,4.8,0,10,6,1,9.54
4,4,6.65,1,8,5,0,6.66
54,1,6.97,2,10,3,1,240.0
25,2,7.7,11,9,2,0,70.75
3,2,6.71,13,8,6,0,12.66
9,4,4.27,6,8,6,0,8.24
76,4,5.26,3,9,3,0,69.46
74,3,4.92,11,16,1,0,87.04
34,4,7.45,7,18,1,0,43.94
43,1,5.7,0,10,5,1,165.4
74,5,6.35,4,13,3,1,69.69
22,4,7.77,0,10,3,1,31.47
70,4,5.88,14,17,5,0,74.22
2,1,5.97,12,13,4,1,15.39
66,3,10.67,12,10,3,1,162.56
32,4,8.38,3,9,3,0,43.9
16,2,10.85,14,14,1,0,63.01
76,2,8.12,11,9,1,0,203.43
1,2,11.27,7,17,0,0,9.79
72,5,6.04,15,14,0,0,66.2
48,5,8.93,11,8,6,0,63.85
50,4,8.03,5,9,6,0,67.82
13,4,11.35,14,10,1,1,34.35
15,4,7.35,6,9,6,0,21.52
53,5,10.84,4,12,0,1,81.43
44,4,8.51,14,15,2,0,70.83
8,1,9.67,11,16,2,0,56.15
74,3,11.1,10,14,5,0,183.2
46,2,11.98,3,10,0,1,186.2
69,2,9.85,12,8,0,0,223.17
19,1,6.52,17,16,6,0,92.01
38,4,6.39,7,7,3,0,44.48
11,5,6.47,6,17,3,0,13.18
43,4,4.78,15,10,2,1,46.18
20,4,4.43,2,11,6,1,21.26
20,2,8.65,15,8,5,0,69.03
21,2,10.48,15,9,2,0,78.32
57,5,4.29,6,10,3,1,41.1
50,2,8.53,12,9,6,0,145.49
74,4,6.97,12,14,3,0,88.3
26,1,11.14,20,17,5,0,200.59
30,5,5.16,18,18,3,0,29.88
73,1,8.51,17,8,0,0,240.0
31,4,11.77,6,15,1,0,62.82
42,5,6.76,19,17,6,0,47.38
68,1,9.93,17,12,2,1,240.0
61,5,11.06,17,7,4,0,95.42
61,4,5.49,3,14,5,0,55.86
70,5,11.94,8,16,6,0,114.85
78,4,10.48,20,12,3,1,144.98
68,5,5.1,15,10,0,1,58.79
17,5,6.49,3,12,2,1,19.94
19,2,9.0,7,8,3,0,61.28
51,4,11.08,2,7,0,0,94.0
70,3,5.56,8,18,2,0,87.55
63,5,9.85,7,12,2,1,87.39
75,1,6.17,11,14,4,0,240.0
80,2,10.44,13,11,4,1,240.0
30,2,9.47,9,14,2,0,97.17
25,5,8.18,20,9,0,0,37.09
75,3,9.2,16,12,3,1,162.86
71,2,11.01,10,7,6,0,240.0
26,4,7.09,9,9,6,0,35.76
56,5,10.15,12,10,5,1,86.23
22,5,5.27,1,11,3,1,23.46
19,3,9.61,0,9,2,0,37.93
31,4,10.01,0,14,6,0,53.17
26,4,7.54,15,11,3,1,44.26
42,3,10.35,9,13,4,1,103.45
41,1,8.46,9,11,3,1,233.42
23,4,11.49,6,14,1,0,48.5
47,1,4.9,6,7,4,0,153.46
13,1,5.05,0,9,4,0,40.38
66,5,10.74,12,9,2,0,94.91
66,5,10.74,4,16,2,0,94.48
16,2,7.77,2,16,3,0,42.6
73,5,11.71,12,9,3,0,116.01
28,4,9.44,11,12,2,1,51.97
77,4,11.86,17,15,0,0,159.2
35,1,8.26,4,18,3,0,189.48
41,4,5.61,4,12,0,1,44.58
77,5,7.56,1,11,6,1,79.35
31,5,11.84,5,18,4,0,52.72
32,5,6.96,6,7,5,0,32.82
54,3,11.66,0,8,5,0,136.89
72,4,10.38,2,17,1,0,125.42
59,2,7.54,19,7,0,0,151.43
41,4,8.33,1,18,3,0,57.52
66,4,8.86,9,12,5,1,100.68
54,3,9.33,10,9,6,0,114.66
40,4,4.61,20,18,2,0,40.39
28,1,11.47,12,11,2,1,219.77
37,5,8.78,15,12,1,1,50.61
65,5,11.45,19,11,1,1,111.05
74,3,9.06,10,9,4,0,153.03
55,5,7.45,17,8,6,0,60.87
4,1,8.54,10,8,0,0,26.18
10,3,10.64,0,18,1,0,22.34
47,2,6.61,17,8,4,0,111.45
75,5,11.65,19,16,6,0,121.79
14,4,7.73,4,10,4,1,23.16
38,1,11.65,1,10,4,1,240.0
12,1,11.05,17,18,5,0,93.36
45,5,10.14,6,9,5,0,64.55
17,2,7.74,10,14,3,0,46.95
80,4,8.7,10,10,1,1,122.11
35,2,10.7,12,14,5,0,129.73
66,2,8.35,3,17,6,0,182.57
75,5,9.91,0,9,2,0,96.08
41,4,10.33,17,17,4,0,75.79
67,5,8.1,11,18,2,0,79.14
29,5,8.29,9,8,3,0,35.57
18,1,5.58,7,14,0,0,69.9
20,5,5.96,2,12,3,1,22.14
14,3,11.24,6,8,3,0,35.88
34,4,10.72,19,13,1,1,70.33
49,1,4.08,10,18,4,0,136.37
54,4,10.96,6,16,3,0,96.56
31,1,4.2,6,13,4,1,89.86
58,3,7.67,8,10,2,1,105.9
42,5,4.54,2,14,0,0,26.76
58,1,11.75,10,9,6,0,240.0
30,1,11.78,16,15,0,0,236.89
25,1,8.89,7,18,2,0,150.6
63,3,7.14,19,17,1,0,105.3
19,4,8.1,1,11,2,1,25.64
72,3,10.1,20,9,5,0,164.26
8,1,5.79,19,15,2,0,39.97
3,1,7.53,0,8,5,0,14.7
67,5,9.9,15,8,1,0,95.26
17,3,7.16,3,9,6,0,29.21
14,3,4.26,8,15,1,0,16.87
9,2,8.06,7,17,3,0,24.39
62,4,9.9,0,16,4,0,98.67
21,2,11.81,7,9,0,0,83.18
76,2,4.3,4,11,1,1,115.45
37,4,8.32,0,15,5,0,49.83
11,5,7.6,6,16,1,0,15.92
20,5,5.94,14,12,3,1,26.86
35,4,9.1,6,12,3,1,58.61
53,4,5.31,0,17,6,0,44.8
47,3,6.27,8,7,4,0,68.89
75,3,10.25,0,17,1,0,164.54
52,3,7.68,11,8,1,0,91.97
8,3,11.95,6,15,3,0,23.94
4,1,7.09,8,14,2,0,22.84
27,1,7.71,4,8,4,0,135.64
44,5,6.4,11,11,1,1,45.34
40,1,5.89,1,11,0,1,158.27
47,1,11.38,17,12,6,1,240.0
44,3,9.99,8,10,0,1,105.75
48,3,6.67,0,15,5,0,68.96
52,4,9.6,9,11,3,1,87.27
68,3,11.73,13,10,5,1,182.39
11,4,4.59,20,15,0,0,16.11
77,4,6.12,13,8,3,0,86.23
73,1,5.6,6,17,6,0,240.0
4,3,10.96,11,17,6,0,15.72
76,1,5.43,5,8,2,0,240.0
73,3,6.46,12,9,6,0,108.03
77,1,8.35,7,16,3,0,240.0
48,1,8.97,20,10,1,1,240.0
26,1,10.47,1,18,0,0,172.65
77,5,7.26,9,16,1,0,78.56
39,1,8.27,5,15,0,0,212.42
58,2,11.72,15,11,0,1,232.58
19,2,6.38,9,8,3,0,42.46
77,2,5.98,14,9,6,0,156.45
77,4,9.68,20,14,6,0,132.33
58,1,10.17,19,12,4,1,240.0
28,2,7.32,9,11,0,1,72.93
66,4,5.7,10,10,0,1,68.75
10,2,10.23,20,10,5,1,48.58
77,3,9.36,1,14,4,0,156.12
58,5,11.01,9,18,1,0,91.14
73,1,10.75,20,12,0,1,240.0
14,5,5.64,11,11,6,1,19.38
15,5,10.66,10,11,3,1,29.04
33,3,5.4,14,12,4,1,49.18
17,3,10.91,3,17,4,0,39.72
24,3,10.16,4,17,5,0,51.14
30,4,8.56,0,9,0,0,42.87
62,2,9.14,0,13,1,1,191.15
13,1,4.83,9,7,1,0,44.39
62,3,4.32,3,11,6,1,64.11
47,1,6.65,12,12,2,1,212.83
16,1,10.57,13,8,2,0,116.08
66,1,7.73,18,8,3,0,240.0
43,3,5.79,4,15,6,0,57.33
8,3,10.68,10,8,5,0,24.01
3,2,5.83,7,9,0,0,7.87
12,3,10.52,0,7,1,0,28.91
16,3,7.62,4,15,2,0,31.28
78,1,7.71,20,7,0,0,240.0
80,2,6.18,17,10,5,1,172.88
59,5,11.2,12,13,0,1,94.21
49,3,4.71,4,8,1,0,50.27
63,3,5.16,6,14,0,0,72.48
62,5,9.09,11,14,4,0,77.94
49,1,10.8,1,18,2,0,240.0
51,2,4.76,12,9,3,0,81.16
33,1,9.87,13,10,2,1,222.09
30,4,9.94,5,17,0,0,49.93
59,3,8.65,15,13,4,1,120.63
76,4,7.89,9,11,2,1,106.98
15,3,6.57,10,11,1,1,29.03
23,4,6.81,0,8,4,0,25.17
78,5,9.4,14,12,5,1,108.05
45,3,4.52,15,10,2,1,55.0
62,3,8.68,9,11,0,1,127.6
79,4,6.23,9,17,1,0,82.88
71,2,7.73,2,11,6,1,177.65
15,4,8.47,10,8,0,0,26.64
46,3,11.09,10,14,5,0,116.15
64,3,8.63,15,17,0,0,129.21
46,2,5.82,5,7,5,0,90.37
56,1,4.64,8,8,1,0,175.89
44,2,9.02,0,13,4,1,133.61
75,1,8.36,5,13,2,1,240.0
29,3,9.37,17,8,4,0,69.06
62,5,7.68,12,7,6,0,66.73
52,5,10.6,1,16,5,0,71.26
54,4,11.36,18,7,1,0,108.2
57,2,4.32,1,7,5,0,84.84
66,2,9.95,3,12,2,1,217.8
22,5,4.28,3,16,1,0,14.59
20,1,7.56,9,18,3,0,102.99
33,2,7.69,16,13,3,1,94.94
72,1,9.57,15,8,4,0,240.0
25,1,6.82,20,12,1,1,124.09
46,1,10.57,7,10,6,1,240.0
73,1,6.74,5,15,2,0,240.0
57,4,6.74,1,17,4,0,64.42
5,4,5.78,14,14,3,0,12.64
55,5,9.47,10,14,3,0,73.13
61,4,4.61,20,8,3,0,59.31
8,2,6.9,15,17,4,0,30.34
16,4,6.14,3,11,2,1,19.58
48,2,5.83,10,8,3,0,98.77
61,2,4.49,13,9,6,0,93.11
15,1,5.52,7,14,4,0,56.45
65,5,7.57,5,11,4,1,70.8
22,1,8.03,20,10,0,1,130.51
3,1,6.16,18,11,0,1,22.49
54,4,9.2,3,14,6,0,82.39
14,4,6.69,3,16,5,0,16.95
36,2,6.94,5,13,2,1,84.77
67,4,10.26,10,12,3,1,121.58
10,4,8.42,0,8,0,0,13.44
49,3,11.63,1,16,2,0,125.11
65,2,6.87,8,11,0,1,152.19
57,2,10.62,15,16,6,0,203.49
27,3,9.91,5,15,3,0,65.03
75,2,11.12,8,15,4,0,240.0
5,5,11.65,18,15,3,0,16.21
71,5,4.06,4,9,0,0,38.45
57,3,4.71,20,15,3,0,68.44
15,4,9.39,9,15,6,0,27.98
76,5,7.12,6,11,4,1,79.78
30,3,10.55,1,12,1,1,71.97
20,5,4.1,19,13,4,1,23.65
37,1,10.46,3,16,0,0,240.0
3,3,5.08,7,16,4,0,3.21
73,2,6.32,2,16,5,0,153.28
41,5,11.75,1,12,2,1,60.64
39,2,4.41,8,11,3,1,65.34
26,3,6.79,10,7,5,0,50.2
2,5,4.68,3,10,1,1,7.93
23,2,10.83,8,14,1,0,86.36
23,4,9.62,5,14,3,0,38.67
16,4,10.4,0,18,3,0,25.37
9,1,8.22,2,12,2,1,54.66
13,3,6.86,6,9,4,0,19.51
28,2,4.02,8,18,1,0,38.22
27,1,6.22,7,14,0,0,111.75
51,3,8.12,20,13,3,1,104.77
64,4,9.31,12,17,3,0,100.35
52,2,5.83,17,15,5,0,108.38
38,5,5.11,18,9,5,0,35.12
65,4,5.61,8,17,5,0,63.42
18,5,6.83,19,12,1,1,26.15
63,5,5.19,5,7,5,0,46.85
51,2,5.25,20,18,3,0,96.53
9,2,4.35,11,14,1,0,18.08
13,5,10.85,3,8,6,0,18.86
40,1,5.76,8,11,0,1,154.64
55,5,10.58,9,12,0,1,82.17
79,5,7.51,2,10,6,1,84.03
43,2,9.06,16,15,1,0,137.8
44,3,4.61,6,9,3,0,48.05
68,4,8.67,7,8,2,0,100.81
33,2,6.32,10,9,6,0,76.1
24,1,4.76,12,11,2,1,87.52
36,4,11.27,2,7,4,0,68.11
10,2,8.83,18,16,2,0,36.5
20,2,5.93,13,18,5,0,41.09
75,3,7.36,15,10,3,1,131.23
12,1,6.86,14,7,2,0,60.86
62,1,9.6,1,15,4,0,240.0
18,2,8.86,5,9,0,0,55.66
63,3,4.16,20,8,1,0,67.2
25,2,5.58,6,11,2,1,50.56
12,5,7.83,8,7,1,0,16.39
21,5,7.56,8,16,6,0,27.14
25,3,8.13,16,13,1,1,55.63
11,2,9.72,2,15,5,0,33.18
64,3,9.46,3,7,5,0,130.96
73,2,6.98,1,18,0,0,163.39
50,2,11.02,0,14,4,0,177.7
62,5,4.5,9,14,3,0,38.49
49,4,8.68,2,13,3,1,75.21
14,1,11.6,9,16,3,0,111.43
1,1,8.39,8,10,6,1,16.47
25,3,7.64,16,18,4,0,49.28
59,1,5.07,14,13,5,1,205.3
72,5,10.48,2,8,4,0,99.78
69,4,6.99,20,12,4,1,91.25
5,2,9.61,2,18,2,0,14.36
19,2,5.58,3,17,1,0,34.15
23,5,4.33,3,11,4,1,19.66
9,1,6.44,16,11,4,1,51.51
50,2,6.25,5,17,6,0,108.84
16,1,10.99,10,14,2,0,117.24
33,5,10.92,11,7,1,0,50.2
2,2,8.27,6,14,6,0,4.57
14,3,4.15,12,10,5,1,22.9
1,4,5.83,5,16,5,0,4.53
58,1,9.11,2,12,3,1,240.0
16,1,4.81,20,12,0,1,60.97
79,1,9.6,13,7,4,0,240.0
47,1,4.1,13,14,4,0,132.48
44,5,9.46,9,10,0,1,60.16
80,5,10.76,4,18,4,0,113.18
14,5,7.75,1,15,5,0,19.19
24,5,10.63,5,13,4,1,41.56
55,2,10.25,10,17,4,0,187.56
15,5,9.37,17,10,0,1,28.86
72,2,7.56,20,18,5,0,189.63
34,3,6.18,10,7,2,0,47.67
2,5,10.89,14,15,2,0,10.83
27,3,9.19,2,16,0,0,55.73
74,5,10.38,1,12,2,1,106.56
72,3,8.42,6,12,3,1,139.48
23,4,5.37,4,7,3,0,23.32
68,3,11.84,20,11,5,1,189.12
14,2,5.46,12,10,0,1,35.45
63,1,11.29,7,17,1,0,240.0
65,3,5.67,8,7,5,0,83.88
68,1,6.99,7,13,4,1,240.0
63,4,7.52,9,10,1,1,84.68
64,4,11.37,1,9,4,0,116.69
32,2,11.11,9,8,5,0,119.09
79,2,10.59,10,14,6,0,240.0
13,3,7.01,10,11,2,1,26.65
66,5,4.04,4,16,2,0,33.68
19,4,9.45,13,15,3,0,38.07
24,1,7.29,2,11,1,1,117.53
11,5,10.06,19,16,0,0,23.32
59,4,10.36,1,18,6,0,98.68
15,3,7.52,17,7,4,0,28.31
10,4,9.98,0,16,2,0,19.49
41,2,10.72,0,11,6,1,145.0
27,1,11.43,16,11,5,1,214.62
60,1,8.66,5,14,6,0,240.0
73,2,10.23,12,12,4,1,240.0
52,5,7.96,20,17,0,0,65.71
28,2,4.33,20,11,6,1,51.05
65,1,5.24,0,14,4,0,220.57
17,3,5.03,5,7,3,0,19.79
44,5,5.37,7,11,0,1,37.32
10,4,4.08,12,9,0,0,14.18
63,3,10.87,1,11,4,1,155.65
47,5,8.48,7,9,4,0,54.6
38,1,7.07,0,10,2,1,179.17
70,1,7.28,12,17,4,0,240.0
76,3,7.71,0,15,0,0,131.9
53,5,4.59,9,8,6,0,37.13
78,4,6.2,4,16,5,0,82.26
44,4,10.81,19,18,4,0,85.83
74,2,9.95,12,7,5,0,240.0
54,3,8.51,4,18,5,0,101.84
20,5,7.85,9,10,2,1,30.84
79,3,6.07,2,14,1,0,103.05
31,4,7.77,1,11,5,1,44.0
7,5,8.78,1,15,3,0,4.43
58,1,9.7,4,16,5,0,240.0
10,1,5.33,3,9,6,0,37.26
10,5,10.5,1,15,0,0,10.45
39,3,6.77,20,7,6,0,64.94
28,3,8.03,8,8,2,0,51.08
30,1,8.86,8,15,3,0,177.76
37,1,7.9,8,15,6,0,188.36
67,4,8.58,3,16,4,0,98.81
43,5,4.89,7,11,5,1,33.35
79,3,7.46,17,16,4,0,142.17
52,4,6.24,8,18,1,0,56.75
56,3,4.69,2,10,4,1,57.19
76,1,5.53,5,15,3,0,240.0
68,5,8.82,18,18,2,0,87.01
9,2,5.57,4,16,6,0,15.56
23,5,5.45,16,8,1,0,22.29
63,2,8.42,18,9,3,0,176.46
61,4,11.24,2,14,2,0,111.51
40,2,10.31,7,7,6,0,140.48
44,2,11.24,8,8,3,0,163.29
24,4,8.66,7,11,4,1,42.34
51,5,7.28,13,13,3,1,56.61
58,4,9.84,9,16,1,0,99.27
33,1,6.09,16,15,3,0,137.61
16,1,4.62,2,9,0,0,49.55
22,2,6.76,2,17,4,0,47.76
57,4,6.39,2,10,3,1,63.5
62,4,9.4,3,16,2,0,93.54
71,4,8.41,16,7,4,0,108.24
72,5,5.11,13,18,5,0,54.43
70,3,11.27,1,7,2,0,169.84
30,3,8.75,11,7,1,0,61.83
23,3,7.66,4,10,5,1,45.01
32,5,11.5,1,15,5,0,49.69
57,4,4.78,11,14,5,0,48.61
9,3,10.32,8,10,0,1,29.52
31,4,6.92,8,14,6,0,38.83
71,2,9.56,19,13,3,1,232.45
9,3,11.45,0,12,4,1,25.55
13,2,8.14,6,16,6,0,36.14
58,5,4.18,17,18,3,0,43.77
3,1,4.23,9,8,3,0,12.98
35,5,6.64,14,9,4,0,38.7
21,5,10.25,8,10,6,1,38.38
64,5,6.31,10,13,5,1,61.68
52,3,6.68,0,14,5,0,77.15
34,2,10.28,10,17,0,0,118.65
35,3,4.93,0,14,0,0,37.19
15,1,10.77,4,10,1,1,110.37
6,5,6.13,17,15,4,0,12.37
32,4,4.41,0,14,4,0,23.98
52,1,4.94,9,17,2,0,169.34
28,2,11.62,12,11,2,1,113.42
64,1,7.61,7,9,2,0,240.0
79,3,6.05,12,8,0,0,111.89
78,4,8.17,19,18,1,0,116.43
19,3,9.46,1,15,1,0,38.63
15,5,6.55,20,7,5,0,19.32
6,5,9.8,11,13,3,1,13.36
73,1,6.02,12,17,1,0,240.0
38,5,4.9,7,13,6,1,33.44
26,5,8.4,14,7,2,0,36.31
51,2,5.21,6,13,4,1,94.63
73,2,11.52,6,7,3,0,240.0
53,3,4.0,16,8,5,0,57.73
56,3,10.05,18,15,0,0,128.76
59,2,6.24,2,14,1,0,118.9
70,1,10.77,6,15,5,0,240.0
78,2,4.48,11,18,4,0,120.61
58,3,11.62,13,15,2,0,150.11
13,4,4.81,1,10,0,1,16.32
43,5,10.3,6,11,0,1,63.69
76,4,8.14,15,16,1,0,109.07
51,4,7.44,8,13,6,1,67.07
19,5,6.24,0,12,4,1,15.55
21,2,10.73,11,15,2,0,79.88
24,1,5.6,1,8,2,0,91.86
26,4,9.77,17,14,2,0,49.86
45,1,7.57,13,8,2,0,231.57
28,3,11.99,11,8,1,0,75.48
29,4,8.89,17,9,5,0,48.63
17,3,4.83,4,10,5,1,24.77
68,2,7.36,6,12,5,1,170.73
44,4,4.53,3,12,1,1,36.88
61,3,6.29,12,8,4,0,90.31
68,3,6.75,15,12,6,1,109.88
74,2,10.83,15,14,3,0,240.0
25,1,10.7,18,11,1,1,187.57
67,1,4.09,3,7,2,0,183.32
2,4,8.26,19,14,5,0,10.43
49,2,5.79,19,12,5,1,106.9
70,4,6.56,0,8,4,0,76.32
26,1,4.17,12,13,2,1,85.05
72,2,10.0,19,14,1,0,240.0
27,5,11.6,19,8,5,0,51.58
18,2,5.75,8,7,4,0,33.75
54,2,6.73,9,12,6,1,127.58
1,5,5.65,5,12,2,1,9.46
61,3,11.44,6,14,5,0,152.02
3,3,4.07,15,13,3,1,12.41
68,3,8.67,16,14,0,0,139.37
41,1,10.97,0,16,0,0,240.0
37,2,5.49,8,16,5,0,66.97
51,5,8.72,13,11,2,1,68.37
15,1,4.41,14,8,5,0,49.98
8,5,10.52,3,11,6,1,19.61
38,1,6.2,7,8,0,0,159.97
56,1,11.91,14,15,5,0,240.0
47,1,11.38,3,11,5,1,240.0
10,5,9.86,18,7,3,0,20.97
78,4,7.97,2,15,5,0,98.4
49,1,10.13,7,16,6,0,240.0
41,3,5.04,1,11,3,1,54.67
30,2,6.48,7,17,2,0,66.07
5,4,4.22,7,7,3,0,6.34
71,4,9.16,16,15,0,0,113.41
31,5,10.44,15,15,2,0,49.8
52,4,11.57,15,16,6,0,106.1
23,5,9.49,15,16,5,0,34.01
48,5,9.86,6,15,0,0,67.56
40,3,11.16,14,12,3,1,106.41
6,1,11.49,16,16,3,0,49.39
38,4,7.93,2,16,4,0,47.21
41,1,4.88,0,8,1,0,130.03
27,1,7.73,7,18,6,0,141.01
75,1,8.45,6,13,6,1,240.0
69,5,9.05,17,8,5,0,92.24
57,1,11.91,4,10,1,1,240.0
17,4,11.34,14,10,2,1,44.96
71,5,7.17,6,16,0,0,70.17
47,4,4.91,9,13,1,1,45.36
79,5,5.72,15,12,2,1,68.75
13,2,5.39,1,18,3,0,21.43
11,2,6.85,17,17,1,0,34.06
24,2,11.01,14,18,0,0,93.02
73,2,7.5,18,18,4,0,183.3
4,5,8.54,19,16,6,0,13.34
46,1,5.43,13,13,4,1,172.01
18,3,7.94,1,12,1,1,37.83
43,3,10.99,17,7,4,0,111.59
80,2,10.19,8,17,2,0,240.0
33,1,4.65,0,10,5,1,102.16
10,4,10.9,15,9,0,0,25.75
73,1,6.19,11,13,3,1,240.0
59,4,9.33,11,13,0,1,96.04
31,3,5.17,18,18,3,0,44.43
28,1,9.4,9,18,4,0,175.43
60,1,4.29,19,17,2,0,176.44
3,3,8.81,4,10,3,1,11.87
55,1,9.17,2,13,6,1,240.0
14,4,5.96,8,10,4,1,18.94
58,1,11.5,20,15,3,0,240.0
15,4,4.37,14,9,1,0,20.6
2,2,11.13,13,16,0,0,15.96
24,1,7.06,10,8,5,0,119.21
78,4,9.71,12,11,5,1,134.66
64,3,9.21,6,15,2,0,132.12
71,2,5.35,1,17,4,0,123.78
24,1,6.55,2,9,2,0,100.19
27,4,8.24,19,7,0,0,47.01
37,1,10.77,7,15,5,0,240.0
39,4,11.64,0,11,3,1,74.38
63,1,4.16,20,8,3,0,181.51
79,2,6.82,3,12,2,1,182.85
26,2,9.35,12,9,3,0,83.4
65,1,8.22,13,15,3,0,240.0
4,1,11.54,8,9,6,0,34.74
29,5,4.14,2,8,6,0,14.83
1,1,7.5,13,9,3,0,11.08
50,1,9.35,3,12,1,1,240.0
11,2,5.74,16,9,6,0,30.13
74,1,9.81,14,15,4,0,240.0
59,3,4.65,11,15,4,0,66.0
62,1,7.61,13,15,5,0,240.0
36,5,9.41,18,8,6,0,53.33
56,4,6.13,9,13,0,1,65.0
21,2,4.59,4,18,3,0,28.39
13,3,11.66,16,8,2,0,39.49
9,4,11.31,16,7,3,0,26.81
11,3,11.41,2,11,0,1,28.14
75,2,11.83,15,17,3,0,240.0
70,5,5.48,8,17,1,0,56.64
1,2,5.26,16,14,0,0,11.98
70,3,4.27,19,9,4,0,75.93
77,3,11.13,11,13,4,1,198.65
56,2,10.02,1,12,1,1,189.31
31,1,9.07,19,17,4,0,191.49
37,2,11.42,15,7,5,0,146.26
47,5,8.6,20,18,1,0,59.78
78,2,5.04,5,13,4,1,136.21
47,4,5.41,1,9,6,0,41.68
69,1,5.06,8,10,4,1,237.1
58,4,6.46,4,16,5,0,63.43
36,2,7.04,17,8,3,0,92.86
32,1,10.37,20,17,6,0,225.98
64,4,5.53,17,7,0,0,65.51
71,4,9.8,9,11,4,1,122.18
42,1,7.93,9,12,0,1,221.93
48,1,12.0,9,17,0,0,240.0
74,3,10.21,17,8,4,0,171.31
30,1,11.75,15,16,6,0,233.87
21,2,6.74,5,12,0,1,51.1
60,5,4.98,11,12,5,1,45.75
13,3,8.05,3,14,1,0,21.09
1,1,4.99,19,14,6,0,11.59
65,5,7.94,15,12,5,1,79.6
33,3,6.16,10,13,2,1,50.05
38,2,7.93,0,10,1,1,101.84
25,5,11.6,4,11,6,1,44.1
26,1,6.31,16,12,4,1,118.41
77,1,11.95,10,12,1,1,240.0
59,2,5.83,13,9,5,0,124.51
33,3,5.66,8,15,6,0,47.77
41,5,8.36,9,10,2,1,51.78
30,2,10.74,3,14,6,0,104.28
57,3,10.0,1,10,1,1,127.07
49,4,9.79,5,12,6,1,85.49
48,4,6.26,2,7,0,0,49.91
72,3,4.18,12,8,6,0,71.31
49,1,5.29,11,12,4,1,178.18
47,1,6.8,17,9,0,0,216.39
56,4,11.77,5,17,6,0,110.14
65,1,11.36,9,13,0,1,240.0
12,1,5.61,5,7,4,0,46.96
69,3,9.8,4,9,4,0,146.32
6,3,8.63,14,9,3,0,20.07
65,1,4.4,14,18,2,0,195.08
25,3,6.97,11,7,6,0,42.96
1,5,7.89,8,10,0,1,9.64
32,4,9.34,12,14,5,0,53.63
3,5,6.36,15,17,0,0,8.43
49,5,11.47,20,13,6,1,85.76
19,1,7.62,1,13,4,1,97.43
60,1,5.99,16,11,4,1,240.0
29,5,6.53,8,10,6,1,32.47
50,5,10.02,18,16,6,0,72.5
2,2,9.12,5,12,1,1,11.95
73,2,9.94,3,8,0,0,238.66
56,4,6.34,14,7,0,0,67.6
17,5,6.61,17,13,4,1,28.19
60,3,7.17,11,10,5,1,102.66
36,2,5.51,11,13,5,1,77.42
61,1,9.53,19,12,0,1,240.0
17,5,6.63,16,17,2,0,22.09
49,3,6.61,6,15,3,0,70.87
76,3,6.15,19,18,4,0,109.55
60,3,7.62,4,16,4,0,98.74
20,1,10.18,11,12,0,1,139.23
50,2,10.68,16,9,6,0,181.39
3,3,10.44,1,13,5,1,10.3
43,2,8.97,3,15,3,0,129.26
57,4,6.24,1,17,3,0,58.91
50,1,9.88,13,16,5,0,240.0
68,2,4.31,13,18,4,0,102.7
50,2,10.39,12,18,4,0,172.68
37,3,10.24,16,12,4,1,93.68
46,3,9.36,16,13,2,1,106.13
42,1,4.78,17,14,0,0,135.51
15,2,11.98,2,10,2,1,59.87
33,5,10.05,20,11,4,1,57.49
80,3,9.88,15,10,3,1,182.26
11,3,4.51,18,7,0,0,12.78
20,4,7.19,5,12,0,1,26.28
24,1,4.69,5,13,5,1,77.71
64,2,6.89,17,8,4,0,152.81
80,2,8.56,8,12,4,1,229.57
65,2,11.03,17,17,4,0,240.0
73,3,6.26,5,8,4,0,100.06
76,1,8.99,8,16,6,0,240.0
17,2,5.32,17,11,6,1,46.52
61,5,6.83,15,7,4,0,63.36
15,4,11.58,12,9,6,0,36.34
51,4,9.98,10,10,4,1,90.23
27,2,8.37,7,10,0,1,80.47
74,3,6.01,16,8,2,0,104.42
61,4,7.04,8,14,3,0,73.33
58,4,5.25,5,12,6,1,56.31
31,4,6.83,0,15,4,0,34.72
12,4,5.21,0,12,3,1,13.78
46,2,10.36,12,9,5,0,160.37
31,1,4.65,6,18,0,0,99.47
32,1,5.52,9,8,3,0,117.59
32,3,9.53,17,15,0,0,73.66
53,5,11.22,5,9,1,0,76.93
61,1,11.72,12,12,2,1,240.0
46,5,10.69,4,16,1,0,64.97
74,1,5.69,20,8,0,0,240.0
80,1,6.29,14,13,6,1,240.0
7,3,10.97,11,7,5,0,23.85
4,4,11.11,10,15,1,0,14.93
52,3,9.13,7,7,0,0,104.38
31,1,6.51,4,15,1,0,131.47
75,4,5.79,7,17,0,0,71.88
36,4,10.82,4,7,2,0,68.86
54,4,5.64,9,7,5,0,55.11
54,5,9.29,14,14,2,0,73.98
17,1,11.74,5,7,2,0,129.92
75,2,9.64,17,14,0,0,240.0
30,3,6.06,2,9,3,0,41.51
22,5,6.26,8,10,1,1,23.05
43,3,4.74,9,8,6,0,47.67
27,2,9.49,6,12,1,1,91.14
37,4,8.15,18,13,1,1,57.66
46,2,5.65,1,16,5,0,87.93
35,3,5.82,7,9,1,0,48.97
4,2,4.07,6,15,2,0,6.0
80,1,11.83,4,9,3,0,240.0
80,2,10.62,3,13,1,1,240.0
26,1,7.15,10,10,3,1,130.1
19,2,11.57,9,11,0,1,79.83
45,1,9.42,0,18,0,0,240.0
26,1,10.01,3,15,5,0,172.22
22,2,9.44,5,9,1,0,71.63
58,5,10.05,17,9,4,0,85.68
63,4,5.37,12,15,5,0,62.39
28,4,8.5,12,15,2,0,45.64
65,4,10.8,0,10,5,1,119.26
44,1,4.16,3,7,1,0,123.84
43,4,4.99,3,7,2,0,36.14
37,1,5.97,17,18,1,0,148.68
66,5,6.36,17,15,2,0,65.55
17,2,5.46,17,12,6,1,43.57
40,2,8.99,14,11,4,1,128.93
38,1,6.35,17,18,4,0,163.61
61,1,5.26,14,16,5,0,212.24
9,5,11.25,16,9,0,0,21.73
77,4,9.56,4,9,5,0,121.1
75,5,5.97,10,8,1,0,63.17
61,2,6.89,15,13,4,1,147.04
80,2,9.93,19,15,4,0,240.0
16,4,10.33,1,12,5,1,30.01
2,2,5.41,16,16,1,0,14.51
72,1,11.49,0,7,5,0,240.0
43,2,10.28,17,12,6,1,157.88
42,3,10.85,16,17,5,0,107.68
77,4,5.15,17,14,5,0,75.54
57,4,5.15,18,14,1,0,57.06
67,4,6.44,4,16,0,0,73.96
30,3,4.52,12,9,4,0,36.82
13,5,4.73,5,7,2,0,13.6
19,1,5.15,12,11,1,1,75.02
7,4,9.7,17,12,1,1,21.98
9,2,4.24,3,16,1,0,13.53
54,1,4.67,8,15,5,0,165.48
61,2,11.55,2,8,5,0,229.36
2,1,4.67,7,7,1,0,6.81
50,1,8.3,12,13,4,1,240.0
75,2,9.14,10,8,2,0,224.19
31,2,11.67,9,17,0,0,119.94
33,1,11.2,10,8,3,0,240.0
78,4,7.53,2,9,4,0,98.05
80,2,11.54,13,10,4,1,240.0
11,3,7.46,13,13,6,1,29.03
33,3,9.36,18,7,3,0,77.21
7,1,6.08,3,12,3,1,29.8
31,5,9.09,0,17,1,0,33.05
48,1,8.31,1,13,2,1,240.0
47,1,8.85,5,9,4,0,240.0
78,4,9.46,12,9,4,0,124.97
53,4,5.39,13,8,0,0,53.34
80,5,6.41,0,11,3,1,70.68
19,5,9.89,7,13,3,1,35.93
6,5,5.31,17,17,4,0,8.16
49,5,6.75,13,18,3,0,48.56
73,5,9.33,1,9,1,0,88.26
50,1,11.5,11,13,0,1,240.0
12,1,4.6,0,14,4,0,36.6
23,3,8.13,20,9,5,0,49.39
54,3,4.66,14,17,0,0,59.74
69,2,7.03,10,7,5,0,160.14
59,1,5.4,17,9,6,0,215.79
36,5,9.2,16,12,1,1,56.03
3,2,10.06,2,7,0,0,10.45
58,4,5.98,14,15,5,0,65.18
55,1,9.7,12,9,3,0,240.0
57,3,7.57,2,9,4,0,98.11
17,1,6.27,12,18,0,0,73.1
39,1,8.19,8,13,2,1,212.78
68,1,7.04,9,13,4,1,240.0
55,1,5.84,0,12,0,1,212.23
45,4,10.05,1,13,4,1,75.31
76,3,10.38,13,11,5,1,179.44
1,1,10.4,4,14,0,0,10.25
21,4,7.06,9,16,0,0,30.49
21,2,5.36,18,8,3,0,47.12
52,1,10.72,7,11,0,1,240.0
43,4,6.63,12,17,2,0,51.87
52,5,9.98,8,15,3,0,71.1
67,2,10.54,17,10,2,1,240.0
44,3,10.15,3,14,5,0,98.6
32,1,7.12,7,9,2,0,149.63
10,1,11.5,4,12,6,1,82.78
64,4,9.28,5,14,1,0,99.1
79,3,8.61,19,15,2,0,152.45
69,5,9.58,4,13,0,1,89.43
68,2,4.36,0,12,4,1,99.53
28,3,7.12,18,17,3,0,52.62
53,1,11.05,3,12,3,1,240.0
51,4,5.29,0,18,3,0,42.45
53,5,7.32,18,12,4,1,65.9
4,4,7.24,3,16,2,0,7.71
79,2,6.85,13,15,5,0,182.3
17,3,8.5,13,9,6,0,34.68
67,4,11.97,8,10,1,1,137.71
74,4,6.05,18,9,0,0,81.0
47,1,9.64,10,15,5,0,240.0
56,4,10.06,15,11,3,1,104.09
23,5,8.68,18,16,0,0,35.33
18,3,4.78,3,14,2,0,18.2
1,2,8.58,8,18,6,0,7.28
35,4,11.63,16,14,5,0,76.1
64,5,6.74,14,15,6,0,64.1
58,2,9.12,7,16,1,0,174.24
59,5,11.68,12,13,6,1,104.38
1,4,10.38,0,9,3,0,2.56
3,4,9.51,1,11,6,1,7.89
67,3,11.77,9,9,2,0,178.62
37,1,5.36,20,8,5,0,135.31
29,5,10.18,12,9,1,0,42.05
33,1,7.25,10,18,5,0,159.53
61,1,6.88,13,16,3,0,240.0
4,2,8.17,15,15,2,0,16.8
14,2,4.27,5,15,0,0,21.68
33,5,6.5,1,14,5,0,26.54
22,1,5.33,4,13,4,1,83.62
48,3,5.11,18,7,3,0,63.1
3,1,6.7,6,15,1,0,13.16
23,2,10.42,16,16,1,0,85.8
68,1,5.61,4,8,4,0,240.0
21,4,8.25,11,12,4,1,37.28
43,4,9.99,18,16,2,0,78.66
26,3,5.93,17,11,4,1,44.53
41,5,11.39,11,12,3,1,71.87
38,1,10.93,2,14,5,0,240.0
11,4,6.01,3,14,4,0,14.13
29,5,11.92,14,16,3,0,51.93
60,4,9.35,14,8,0,0,97.17
67,5,6.29,10,13,4,1,63.66
65,5,9.45,1,8,0,0,80.52
61,4,9.33,17,7,6,0,100.29
19,2,8.85,2,18,5,0,54.89
46,5,9.69,17,14,1,0,64.44
49,1,6.15,13,15,5,0,205.25
22,4,11.83,5,13,6,1,47.17
78,2,10.86,1,10,4,1,240.0
57,4,9.97,0,13,1,1,97.21
14,3,4.21,7,10,5,1,16.5
44,1,8.72,9,13,0,1,240.0
16,3,9.65,19,10,1,1,44.73
77,5,10.83,17,15,0,0,117.79
12,5,11.57,19,11,2,1,31.16
55,3,11.33,10,13,5,1,142.24
51,3,7.25,17,17,5,0,88.27
39,5,11.17,15,14,0,0,65.01
33,2,4.01,4,11,2,1,48.11
33,1,6.81,6,7,1,0,148.33
29,4,4.91,1,10,0,1,29.49
69,3,11.06,10,9,2,0,171.18
70,1,11.42,12,13,0,1,240.0
31,4,6.05,19,12,3,1,44.14
80,4,6.94,15,12,5,1,101.08
31,3,11.87,13,8,3,0,88.3
46,2,8.53,6,12,1,1,131.11
77,2,7.98,6,14,3,0,203.8
52,1,8.0,11,11,5,1,240.0
10,1,9.57,11,15,4,0,66.24
74,5,11.64,19,17,2,0,119.66
41,2,6.93,0,8,5,0,94.65
77,1,5.38,5,13,5,1,240.0
3,5,5.48,7,12,4,1,12.51
59,4,4.16,12,17,3,0,43.85
52,1,8.44,4,17,1,0,240.0
34,5,11.43,9,12,4,1,57.88
49,2,9.7,13,10,5,1,164.12
28,4,11.94,8,16,6,0,59.01
13,1,11.28,16,15,1,0,101.81
69,2,7.93,2,12,0,1,182.48
67,4,7.89,11,18,5,0,89.89
61,3,9.03,11,14,4,0,126.06
60,2,4.89,10,14,0,0,104.2
71,3,8.86,3,10,4,1,144.39
24,1,7.71,7,11,6,1,125.85
63,5,9.14,9,8,2,0,78.4
61,1,8.52,13,10,1,1,240.0
23,2,6.48,0,18,0,0,44.35
30,3,8.86,11,12,6,1,66.98
60,3,6.93,4,8,3,0,93.04
18,4,5.56,13,8,4,0,22.73
56,1,9.4,3,16,5,0,240.0
53,1,6.45,16,13,0,1,232.89
7,2,11.11,12,16,6,0,30.58
69,3,5.59,2,11,6,1,87.62
72,2,8.8,10,9,4,0,208.84
79,2,8.57,10,9,4,0,226.89
52,3,5.58,4,13,4,1,72.02
4,2,7.52,5,9,0,0,11.05
34,3,9.4,3,18,0,0,68.72
69,2,6.55,9,16,4,0,149.87
33,5,4.91,9,11,3,1,27.61
69,2,8.92,11,8,5,0,204.59
38,2,5.79,17,9,1,0,80.54
26,5,9.45,14,10,6,1,45.34
1,1,10.72,17,7,4,0,12.29
4,3,4.99,2,10,3,1,11.22
39,4,7.5,2,10,1,1,52.52
54,5,7.56,0,9,4,0,48.82
33,1,9.06,16,16,6,0,199.82
33,2,6.68,9,15,1,0,77.16
72,1,7.35,5,9,4,0,240.0
20,5,4.1,10,8,0,0,14.88
16,2,4.98,13,13,4,1,36.14
21,1,8.56,16,15,4,0,127.21
45,4,5.73,6,12,4,1,46.35
62,3,5.16,3,11,4,1,76.1
31,3,6.6,10,7,3,0,51.88
42,5,5.31,18,9,2,0,36.04
12,2,4.48,8,15,3,0,23.03
65,2,6.27,20,14,3,0,141.4
73,3,5.31,7,15,0,0,86.1
3,1,10.4,19,14,4,0,29.12
9,2,4.5,3,7,3,0,15.12
51,4,9.98,15,14,1,0,88.72
16,4,7.06,5,14,4,0,22.69
78,2,9.4,5,11,0,1,240.0
3,2,4.42,18,12,5,1,13.24
24,3,11.37,1,8,5,0,59.48
73,5,10.14,10,7,0,0,98.67
13,3,5.12,17,14,6,0,22.4
2,5,5.75,8,13,1,1,10.23
71,4,9.15,15,10,5,1,115.75
21,5,11.37,10,17,0,0,32.6
19,3,7.57,13,18,5,0,35.65
47,2,7.89,7,13,4,1,130.62
22,5,5.9,12,8,2,0,23.25
75,3,7.06,9,17,2,0,120.94
33,4,6.29,11,8,3,0,42.56
32,5,6.8,20,13,0,1,46.41
64,4,4.16,2,9,6,0,44.69
39,4,4.33,1,12,4,1,31.38
72,1,9.45,10,18,1,0,240.0
42,5,9.45,17,18,1,0,60.3
9,3,6.64,20,13,4,1,27.87
25,5,11.08,3,13,4,1,42.92
2,5,6.13,7,16,1,0,3.06
19,4,7.17,10,10,0,1,29.13
20,4,9.85,14,9,5,0,38.53
70,4,9.95,20,7,3,0,123.19
17,4,10.89,1,13,3,1,37.82
68,3,4.23,18,15,3,0,66.6
3,2,5.47,14,7,4,0,11.12
51,1,9.12,12,11,1,1,240.0
26,4,6.71,1,10,6,1,30.85
56,4,4.35,2,16,6,0,40.54
64,1,8.69,13,8,1,0,240.0
8,4,7.14,19,13,1,1,24.11
37,2,6.91,12,13,5,1,94.46
27,5,6.11,15,14,1,0,28.54
45,1,4.05,11,9,1,0,124.2
4,3,5.46,0,12,2,1,9.06
37,1,7.79,5,10,5,1,192.79
71,2,6.21,12,18,4,0,150.96
33,3,11.0,1,17,6,0,76.54
31,5,5.14,17,9,5,0,27.88
55,4,11.0,16,10,4,1,111.99
12,1,7.24,18,18,2,0,61.52
11,3,6.21,14,7,3,0,22.09
72,1,6.43,7,13,0,1,240.0
32,5,6.64,8,13,5,1,34.09
57,1,8.05,7,13,4,1,240.0
38,3,6.83,7,8,4,0,59.98
60,2,9.18,10,7,2,0,185.32
19,3,7.4,17,15,4,0,38.99
56,1,9.37,16,8,4,0,240.0
14,5,8.84,5,11,3,1,23.33
33,4,5.96,1,11,2,1,38.19
10,4,10.5,0,17,5,0,18.68
80,5,10.39,9,14,4,0,115.27
64,1,11.91,7,7,1,0,240.0
64,5,5.4,15,17,2,0,49.95
62,1,10.78,13,13,3,1,240.0
68,3,10.98,15,9,5,0,169.6
43,2,9.14,13,8,0,0,137.98
80,1,8.05,6,11,4,1,240.0
59,4,11.66,17,10,1,1,124.15
52,4,11.78,19,15,1,0,109.0
19,2,9.13,8,17,0,0,62.17
21,1,6.88,3,7,2,0,99.31
22,2,10.54,15,17,3,0,82.88
9,3,4.71,10,9,4,0,15.03
9,2,6.32,8,9,4,0,18.91
73,3,11.88,16,10,5,1,200.48
27,4,10.51,10,13,4,1,55.7
17,3,11.52,19,11,1,1,54.79
44,1,8.76,2,17,2,0,240.0
45,1,7.26,20,16,0,0,222.85
8,1,11.84,10,12,2,1,73.8
80,1,6.48,7,9,3,0,240.0
18,5,10.06,9,11,3,1,30.27
33,3,8.47,5,18,6,0,61.36
1,1,5.83,16,17,0,0,10.92
76,2,4.14,5,8,1,0,101.57
6,2,7.07,6,10,5,1,20.26
41,5,8.38,12,18,0,0,50.74
55,3,5.47,5,9,5,0,70.68
5,3,7.32,2,9,3,0,8.68
59,3,8.92,12,18,1,0,122.56
80,5,9.72,9,10,2,1,111.25
18,3,4.42,3,14,3,0,19.01
49,3,9.31,4,18,1,0,100.56
65,1,4.45,20,14,1,0,199.08
54,3,4.23,18,7,4,0,59.78
61,1,5.22,17,18,2,0,214.42
8,1,9.23,6,11,1,1,56.17
3,3,4.42,20,8,0,0,12.69
25,2,4.17,0,16,5,0,34.97
69,4,4.94,16,12,6,1,70.67
55,2,11.6,19,9,2,0,216.13
40,3,11.26,19,18,2,0,103.12
50,3,4.69,17,16,6,0,59.2
33,2,6.43,4,16,3,0,68.81
18,3,11.58,5,15,2,0,48.19
57,1,4.78,9,15,2,0,179.58
16,5,4.76,18,14,4,0,18.68
80,3,4.69,9,8,2,0,89.05
38,3,11.81,5,17,5,0,103.4
41,2,9.94,9,8,5,0,137.67
7,1,5.72,9,17,5,0,28.72
78,2,4.37,20,8,1,0,122.53
53,2,11.72,11,11,6,1,210.45
63,3,7.4,3,18,6,0,99.53
32,1,8.79,12,16,0,0,192.74
38,3,6.23,9,15,6,0,55.77
22,3,10.07,15,13,5,1,60.6
16,3,5.57,18,13,4,1,31.66
52,3,10.3,5,9,4,0,119.62
29,5,5.84,8,9,4,0,24.36
16,4,4.78,13,16,4,0,18.7
76,1,7.83,9,9,3,0,240.0
17,5,10.51,7,7,6,0,26.37
64,4,7.08,2,18,4,0,72.95
13,4,4.23,16,14,3,0,18.78
72,4,8.43,18,18,3,0,106.91
56,5,9.44,2,17,2,0,68.96
5,1,9.93,13,8,0,0,36.51
12,2,7.22,5,17,2,0,33.75
41,4,4.78,18,13,3,1,46.98
3,2,8.67,17,15,2,0,16.45
33,2,6.64,11,8,1,0,74.97
50,3,11.58,14,7,6,0,133.81
56,2,8.02,5,11,4,1,153.27
9,3,7.78,20,16,4,0,24.35
50,1,6.47,11,11,6,1,219.59
29,1,6.71,18,7,6,0,136.67
39,3,8.1,6,15,3,0,71.9
45,1,6.45,19,9,2,0,198.9
17,4,11.14,9,8,6,0,35.8
56,1,7.51,17,18,1,0,240.0
46,3,6.34,1,13,1,1,66.57
67,4,5.24,12,18,5,0,63.37
69,2,9.38,14,11,1,1,219.9
14,2,4.21,3,10,3,1,23.36
67,2,7.6,6,10,5,1,176.3
23,3,8.4,2,15,2,0,40.01
61,2,6.72,15,15,1,0,142.06
23,1,10.0,8,7,1,0,158.94
27,2,9.41,16,18,2,0,94.1
54,5,11.77,7,16,2,0,87.25
10,5,8.07,17,13,4,1,26.81
77,2,8.3,12,17,0,0,214.51
16,2,5.97,1,14,0,0,30.95
41,5,7.08,0,11,1,1,41.78
55,2,4.21,15,13,2,1,88.55
61,4,9.51,15,14,4,0,105.92
49,5,6.49,10,14,3,0,48.47
73,3,8.32,3,15,0,0,132.92
52,5,6.04,10,11,5,1,48.55
2,1,8.97,5,8,0,0,10.28
50,4,7.58,10,12,2,1,70.31
43,3,7.85,0,7,6,0,71.07
77,2,11.54,8,16,3,0,240.0
8,1,9.65,6,12,0,1,56.68
59,1,6.1,20,9,6,0,240.0
65,4,8.03,2,9,4,0,90.83
12,3,7.73,8,13,0,1,27.84
4,1,10.36,1,10,2,1,31.76
77,3,10.67,9,11,2,1,187.24
41,3,6.27,16,12,5,1,67.13
7,1,10.57,0,18,5,0,48.33
69,3,5.44,17,16,3,0,89.13
69,4,10.1,5,18,0,0,118.46
30,1,5.99,5,12,3,1,122.87
73,4,6.38,8,8,6,0,77.19
6,4,10.82,9,9,0,0,12.72
19,3,7.36,14,7,1,0,35.62
80,3,11.92,3,9,0,0,207.22
66,1,5.22,7,14,2,0,229.19
10,2,7.71,3,10,2,1,32.18
16,1,9.86,2,8,1,0,105.34
37,4,4.04,3,10,0,1,29.82
79,3,5.21,0,13,0,1,95.16
77,4,4.16,8,15,2,0,55.56
77,5,11.94,10,11,1,1,124.85
32,5,10.08,20,11,2,1,57.83
47,4,6.99,18,18,6,0,61.02
72,2,5.25,20,11,1,1,136.42
43,2,4.72,19,16,2,0,74.74
36,1,8.26,6,15,4,0,197.33
26,1,11.81,4,13,0,1,205.91
10,1,9.4,1,9,3,0,61.14
31,3,6.92,18,8,4,0,58.68
29,2,8.01,2,15,2,0,76.31
5,4,11.99,14,9,1,0,16.27
77,5,8.15,6,17,3,0,86.2
1,2,11.71,4,14,1,0,8.14
3,2,4.13,9,18,5,0,10.31
67,2,9.77,8,10,1,1,219.55
71,1,9.02,13,11,5,1,240.0
35,3,9.48,12,14,6,0,78.06
15,4,8.56,0,11,5,1,24.48
67,1,4.35,15,16,0,0,195.07
30,3,5.2,19,8,2,0,43.74
75,2,11.38,7,12,0,1,240.0
43,3,5.86,16,13,5,1,69.86
60,1,11.94,5,18,1,0,240.0
40,2,9.44,1,7,0,0,122.32
65,1,7.55,12,16,4,0,240.0
29,4,11.36,7,15,6,0,54.05
74,2,10.36,8,12,5,1,240.0
19,3,7.43,12,10,1,1,42.23
3,1,4.55,17,8,1,0,16.26
36,5,10.95,17,15,4,0,58.23
43,3,10.12,8,12,1,1,104.82
15,3,10.33,1,15,3,0,36.02
41,2,9.96,3,8,3,0,136.8
80,3,6.21,17,11,2,1,121.26
36,1,10.87,16,12,2,1,240.0
77,5,4.02,11,17,0,0,41.62
33,4,5.9,15,11,0,1,42.39
5,5,4.37,12,12,6,1,16.89
78,1,4.88,10,9,4,0,240.0
14,2,8.26,13,15,4,0,44.52
68,1,4.3,9,8,5,0,197.68
47,3,5.45,20,18,6,0,67.25
54,2,5.86,18,8,1,0,109.91
4,4,9.24,20,11,2,1,17.66
9,4,7.75,16,17,5,0,22.55
53,1,7.67,8,16,2,0,240.0
77,3,10.15,13,9,2,0,176.55
78,4,7.65,4,8,2,0,99.97
60,5,6.79,2,12,0,1,57.22
46,2,11.7,7,18,3,0,176.63
54,5,4.07,17,12,5,1,41.95
74,4,6.44,2,13,4,1,81.24
37,4,8.88,1,10,4,1,56.71
23,1,10.26,10,14,2,0,157.65
27,1,10.53,4,9,2,0,188.37
70,2,4.37,6,16,0,0,101.01
66,1,9.67,13,7,0,0,240.0
61,3,9.76,18,11,4,1,140.1
77,2,5.71,1,12,2,1,147.09
51,3,4.9,8,17,2,0,60.17
50,1,10.0,9,9,6,0,240.0
19,2,6.0,18,8,5,0,46.06
1,4,4.01,16,9,4,0,9.03
40,5,5.79,6,9,0,0,32.45
32,4,4.25,17,13,5,1,32.78
22,3,5.99,5,7,4,0,30.19
66,4,6.68,8,17,0,0,74.51
40,4,6.17,7,10,0,1,47.43
38,5,11.36,8,17,5,0,59.21
48,5,5.86,0,9,5,0,37.02
55,4,7.74,1,16,0,0,69.45
75,5,11.66,3,17,2,0,113.94
55,4,11.03,19,13,4,1,114.99
51,2,6.47,17,7,0,0,116.7
60,4,6.61,9,14,3,0,68.53
8,1,8.75,0,16,6,0,44.42
68,5,11.34,9,13,0,1,110.57
75,5,4.08,8,18,0,0,42.04
72,3,7.14,12,18,5,0,120.19
9,3,10.8,14,14,0,0,25.19
2,1,7.28,17,14,6,0,23.5
80,5,9.76,12,17,1,0,106.66
70,5,9.54,4,15,5,0,86.22
59,3,5.64,1,7,3,0,71.26
19,3,7.6,6,15,2,0,33.66
28,4,8.53,8,7,6,0,41.68
72,5,9.72,18,9,5,0,100.69
14,5,10.58,13,13,4,1,30.32
24,4,10.08,16,14,4,0,53.66
44,5,4.23,19,18,5,0,33.87
56,1,9.37,19,11,4,1,240.0
51,3,7.98,10,7,5,0,92.83
32,3,8.59,4,9,2,0,61.83
50,3,6.98,11,13,0,1,84.1
41,2,9.71,20,8,3,0,140.67
66,1,9.39,8,8,4,0,240.0
25,1,8.64,16,15,1,0,147.13
61,4,10.89,7,12,1,1,114.74
66,2,4.82,7,10,3,1,107.08
42,5,6.41,11,16,4,0,38.76
65,1,7.96,18,15,0,0,240.0
36,2,11.67,9,13,4,1,145.32
76,2,4.58,1,13,6,1,117.36
9,1,6.7,7,14,0,0,41.01
36,4,11.41,13,9,4,0,75.46
38,2,11.18,18,8,1,0,149.09
33,3,10.92,3,7,2,0,81.79
42,2,6.47,8,8,5,0,95.42
61,5,10.77,12,9,3,0,89.44
46,1,8.04,8,11,0,1,240.0
61,5,8.96,12,14,2,0,78.88
18,4,5.91,15,17,0,0,29.33
70,3,9.65,0,17,6,0,149.35
80,1,6.62,7,9,3,0,240.0
15,2,6.75,8,13,6,1,37.73
48,3,9.09,12,17,6,0,98.12
72,2,5.92,16,17,2,0,147.87
13,4,5.8,8,11,6,1,20.38
43,1,6.95,6,11,2,1,199.86
60,4,10.22,19,14,5,0,105.17
57,4,5.8,9,16,5,0,59.99
71,4,10.3,20,11,3,1,130.53
17,4,9.56,4,16,3,0,31.24
50,2,9.43,16,13,0,1,163.24
32,5,7.8,1,18,6,0,32.06
22,2,9.97,8,16,2,0,73.95
55,3,4.11,1,14,3,0,50.75
57,4,6.44,9,14,5,0,62.81
13,3,9.43,11,9,0,0,31.64
47,2,11.9,1,10,4,1,185.57
62,4,4.02,14,14,5,0,45.74
54,2,8.08,2,11,3,1,146.84
29,4,11.39,1,18,5,0,54.71
22,2,10.91,6,7,6,0,82.42
65,1,4.19,8,13,5,1,186.25
29,5,8.24,10,9,2,0,37.5
48,5,4.03,15,8,4,0,29.11
5,4,10.32,6,18,3,0,11.34
35,1,6.47,12,16,6,0,151.4
74,3,10.12,2,11,1,1,167.28
71,1,11.56,10,7,2,0,240.0
46,4,11.81,2,15,6,0,89.7
35,1,11.15,14,16,5,0,240.0
45,3,5.63,7,11,2,1,67.18
13,4,5.56,6,12,0,1,23.35
10,5,9.01,4,13,6,1,16.47
66,1,8.35,5,15,1,0,240.0
70,5,4.08,18,17,3,0,51.81
72,5,7.13,2,11,1,1,73.95
25,2,11.25,10,18,5,0,97.9
44,3,11.19,5,10,3,1,110.73
60,1,5.63,20,18,6,0,232.79
47,5,7.06,13,9,0,0,47.9
40,5,8.48,16,11,5,1,55.73
7,3,10.82,2,16,5,0,20.16
46,5,8.26,3,16,4,0,50.07
23,5,11.75,8,9,1,0,39.6
46,5,10.39,12,11,2,1,74.48
13,5,11.62,5,14,3,0,19.72
21,2,9.85,9,8,1,0,74.05
1,2,11.02,19,10,3,1,20.3
19,4,10.65,19,14,1,0,42.24
60,1,6.03,20,11,2,1,240.0
33,3,5.84,12,14,3,0,46.2
4,4,10.92,13,12,3,1,14.52
3,2,4.68,11,7,4,0,6.1
52,2,7.27,12,11,0,1,133.89
28,2,10.57,9,16,1,0,101.59
70,4,10.51,6,8,2,0,121.38
70,2,5.11,4,13,6,1,124.6
55,4,7.9,11,16,4,0,74.82
57,2,7.84,1,10,4,1,147.25
16,5,6.59,7,8,0,0,15.31
24,5,11.34,7,7,6,0,41.7
69,1,9.22,18,11,2,1,240.0
41,2,11.84,4,17,6,0,159.43
77,1,4.53,7,16,5,0,229.69
47,4,7.15,9,14,1,0,57.97
76,1,10.68,12,14,3,0,240.0
69,2,7.38,8,18,0,0,166.3
31,4,6.1,6,16,3,0,33.45
30,4,11.98,19,8,4,0,69.08
18,5,10.98,19,12,3,1,38.54
44,4,8.37,18,13,1,1,69.74
27,4,8.49,10,16,5,0,45.5
26,1,4.05,7,7,1,0,69.2
60,4,11.85,15,11,5,1,127.07
18,3,10.45,9,12,3,1,49.57
56,5,4.29,5,13,3,1,42.42
31,5,5.41,9,17,0,0,24.41
59,4,10.57,9,15,5,0,105.93
2,1,4.69,18,9,1,0,15.45
39,5,11.53,3,14,3,0,57.68
61,5,12.0,18,16,2,0,104.76
63,3,11.09,2,9,0,0,151.51
18,4,9.91,16,17,0,0,36.37
17,5,7.9,13,15,6,0,22.51
39,5,4.66,9,14,0,0,30.48
71,5,9.84,5,15,0,0,93.07
54,5,7.17,15,11,5,1,60.23
76,1,8.56,8,17,5,0,240.0
35,2,6.35,20,15,3,0,85.99
11,3,5.94,11,9,4,0,19.81
61,1,6.59,11,13,6,1,240.0
44,3,10.51,13,9,2,0,109.17
68,5,7.41,1,12,4,1,70.75
25,3,6.49,9,14,4,0,41.48
48,4,7.46,3,8,3,0,62.22
32,4,4.26,5,14,0,0,22.58
4,2,11.12,12,7,0,0,22.24
38,2,8.41,13,10,3,1,114.93
63,3,4.84,3,13,3,1,69.79
47,1,6.31,9,7,5,0,198.99
1,1,11.87,9,12,1,1,14.3
3,5,8.74,4,16,0,0,6.51
62,1,6.33,3,12,2,1,240.0
64,2,7.41,11,13,1,1,162.33
17,1,6.07,13,15,4,0,77.34
78,5,4.25,6,13,6,1,51.83
62,4,10.74,1,9,5,0,107.1
35,1,6.34,13,10,5,1,157.24
13,1,10.71,9,7,0,0,94.3
35,2,7.83,15,11,3,1,99.76
43,3,5.46,2,13,3,1,57.78
2,4,10.41,7,9,6,0,8.2
56,3,7.02,16,12,3,1,96.68
77,5,9.66,3,18,0,0,101.35
51,5,10.7,20,9,5,0,79.38
54,3,11.7,18,10,2,1,152.74
16,2,4.69,14,11,3,1,33.88
18,2,4.07,19,12,5,1,38.04
7,2,8.39,9,12,0,1,26.87
45,4,6.11,9,7,4,0,50.77
36,5,7.75,11,18,1,0,37.7
41,5,4.58,8,14,0,0,26.33
42,5,8.01,14,9,0,0,51.89
7,4,5.0,17,10,5,1,19.96
15,5,10.71,19,14,3,0,29.11
60,3,10.08,0,11,6,1,137.19
40,1,4.59,2,12,1,1,122.95
37,4,10.69,7,7,1,0,68.81
66,1,6.6,6,14,3,0,240.0
55,3,6.82,14,11,2,1,89.27
77,2,5.44,7,7,0,0,143.16
80,2,10.68,14,13,3,1,240.0
56,2,7.24,4,8,6,0,132.3
44,4,4.39,11,18,5,0,36.12
57,2,11.73,11,12,2,1,225.95
6,4,6.05,8,9,3,0,10.31
32,4,11.49,20,12,4,1,72.8
74,1,6.41,8,15,2,0,240.0
18,2,10.65,14,12,6,1,74.27
68,5,9.31,14,7,5,0,89.31
73,2,10.89,19,12,2,1,240.0
7,2,11.81,11,9,1,0,31.8
8,2,10.97,4,10,0,1,35.13
64,5,7.23,0,10,3,1,61.11
7,5,10.52,18,15,6,0,20.76
41,4,9.69,10,14,6,0,68.74
40,5,4.49,17,13,5,1,35.41
3,4,11.44,5,11,5,1,13.17
17,1,7.73,16,16,3,0,93.91
66,4,5.08,13,17,0,0,62.25
79,2,7.4,11,10,5,1,202.23
52,3,8.83,4,9,5,0,101.0
22,3,8.58,6,18,0,0,43.82
4,2,8.6,15,7,5,0,24.06
6,4,6.05,8,15,5,0,8.95
38,2,9.06,14,14,5,0,117.55
26,5,11.26,3,7,1,0,41.14
11,4,7.11,19,8,0,0,24.09
17,2,9.04,6,7,4,0,54.64
31,5,5.95,13,7,1,0,29.16
77,5,4.39,3,15,2,0,45.16
35,4,8.69,3,11,0,1,54.92
16,1,4.38,13,9,2,0,51.46
79,1,9.79,6,8,1,0,240.0
18,5,9.36,14,18,5,0,28.28
62,1,6.95,11,14,4,0,240.0
27,5,7.29,13,14,6,0,30.1
35,1,11.34,12,12,4,1,240.0
45,5,4.11,18,8,0,0,30.54
35,5,8.51,11,17,4,0,48.18
28,5,11.39,15,7,5,0,50.81
9,5,11.31,15,12,6,1,23.34
76,3,8.68,0,7,3,0,142.92
15,1,7.05,14,18,5,0,77.15
21,5,4.79,4,12,1,1,20.51
52,2,5.39,5,16,5,0,93.35
35,4,9.44,20,8,4,0,61.66
51,2,4.13,16,13,1,1,82.56
55,2,11.07,10,18,1,0,203.43
77,3,8.7,3,16,5,0,149.46
44,1,4.36,17,8,5,0,132.98
65,3,5.92,19,8,3,0,93.28
80,1,8.75,13,12,5,1,240.0
25,5,4.28,8,10,5,1,22.39
47,3,10.24,2,12,6,1,106.68
80,4,11.36,2,18,0,0,145.79
56,1,11.69,10,14,1,0,240.0
38,3,9.87,19,17,3,0,89.01
11,4,10.85,4,16,4,0,20.55
67,2,8.89,3,9,6,0,196.86
15,5,7.67,11,11,2,1,26.49
1,5,9.71,11,11,0,1,6.57
7,2,5.79,3,16,6,0,15.91
1,3,4.88,2,15,5,0,1.32
49,2,10.09,1,13,2,1,165.88
73,4,11.67,3,15,3,0,143.79
29,1,8.62,3,14,1,0,162.34
26,3,7.86,6,9,3,0,48.27
45,1,8.28,1,8,0,0,240.0
71,2,7.83,10,9,0,0,185.84
12,5,7.54,4,12,4,1,16.52
32,1,11.58,12,17,3,0,240.0
20,1,7.84,3,18,0,0,102.46
51,5,4.65,8,16,3,0,35.3
36,1,10.12,6,10,4,1,240.0
67,1,7.13,12,17,4,0,240.0
1,5,9.69,9,7,3,0,6.6
27,5,8.64,6,16,5,0,29.89
40,2,9.71,17,16,0,0,136.98
14,2,4.5,17,15,6,0,33.39
69,1,4.27,1,12,1,1,195.05
79,3,7.03,20,7,5,0,132.16
6,2,9.55,0,9,1,0,21.32
33,2,5.79,12,17,5,0,69.53
55,3,7.47,1,17,4,0,90.64
19,3,11.85,3,7,0,0,46.9
77,5,5.72,8,18,4,0,60.69
29,2,10.78,7,15,6,0,104.8
61,4,10.6,17,10,4,1,120.24
70,4,11.13,15,8,4,0,131.54
79,1,11.32,3,10,6,1,240.0
80,2,8.06,3,8,4,0,214.33
24,4,9.46,17,12,3,1,47.41
23,2,8.95,1,12,3,1,68.9
10,2,6.47,20,17,0,0,33.19
54,4,6.24,10,13,5,1,63.18
41,2,6.73,19,15,0,0,98.69
49,3,5.75,3,17,2,0,64.51
17,1,10.06,13,15,1,0,115.31
56,5,11.72,20,10,6,1,101.26
45,4,10.94,16,15,3,0,85.53
30,5,5.74,7,14,6,0,23.29
44,1,4.42,0,18,0,0,128.25
74,3,10.06,18,7,5,0,171.68
55,3,7.12,18,13,4,1,93.48
19,3,10.6,20,13,3,1,59.41
29,3,10.23,6,16,1,0,71.14
2,4,9.0,0,10,3,1,7.15
36,4,6.04,0,13,5,1,41.9
19,2,4.83,9,17,1,0,33.88
7,2,6.02,12,17,2,0,21.87
26,1,8.08,4,17,0,0,133.28
79,2,11.84,11,17,5,0,240.0
38,1,4.51,2,16,1,0,118.09
3,1,5.6,18,16,2,0,22.92
80,1,9.02,3,11,5,1,240.0
66,3,6.43,14,11,5,1,102.91
71,5,10.87,12,11,3,1,108.1
43,5,5.12,10,12,0,1,37.65
62,4,11.71,1,13,6,1,119.04
71,1,11.3,8,11,6,1,240.0
24,3,11.1,11,15,1,0,62.11
39,2,5.38,3,18,5,0,71.09
68,2,6.64,18,17,6,0,154.61
44,4,10.43,9,15,5,0,77.81
5,4,10.46,10,13,1,1,19.33
55,1,9.64,6,16,6,0,240.0
30,1,7.58,12,9,5,0,153.07
29,2,6.49,8,10,0,1,72.2
26,2,11.7,11,10,5,1,111.35
26,2,5.11,1,13,6,1,49.39
37,2,4.35,20,8,3,0,62.37
53,5,4.07,0,17,3,0,33.02
30,1,10.2,6,11,4,1,208.68
3,1,4.45,0,17,5,0,7.39
43,2,8.31,15,17,3,0,125.12
7,3,6.94,3,10,0,1,14.09
49,2,5.18,7,16,2,0,86.9
73,4,9.92,16,17,0,0,125.33
41,3,4.44,20,15,1,0,48.37
77,4,6.55,18,7,5,0,91.9
